Material_Pair,Core_Formula,Shell_Formula,Master_Consensus_Score,Master_Confidence_Index_%,Score_Delta,DualTree_Score,MultiParadigm_Score,DualTree_Agreement_%,MultiParadigm_Agreement_%,Core_Eg_nano_3nm_eV,Shell_Eg_bulk_eV,Total_Confinement_eV,Dielectric_Contrast_Ratio,Defect_Gradient_eV,Confinement_Asymmetry,Core_a_A,Shell_a_A,Lattice_Mismatch_pct,Strain_Decay_Factor,Synthesizability_Index,Synthesis_Regime,Confinement_Gain_vs_Lit,Synth_Gain_vs_Lit,Dielectric_Gain_vs_Lit,Composite_Benchmark_Index,Benchmark_Tier
Ba4P2O / Ba2B11H7O22,Ba4P2O,Ba2B11H7O22,0.6242585669985634,77.5041754573304,0.0284347149007532,0.6100412095481867,0.63847592444894,71.38905547159942,88.15591108082991,1.2965169977268192,5.6652,4.3687000000000005,18.725422882466763,-1.062756512354024,-0.1792066289742944,3.996,3.737,6.481481481481478,0.6756165283635612,0.5484182214207161,Requires Buffer Layer (High Dislocation Risk),1.214,0.81,9.061,3.0342,Tier 2: Competitive Alternative
Ba3TaAs3O / Ba2B11H7O22,Ba3TaAs3O,Ba2B11H7O22,0.6319224505857582,78.67458730295698,0.0263761197349523,0.6187343907182821,0.6451105104532344,72.80500757333826,88.80686102943174,1.3373169977268191,5.6652,4.3279,18.725422882466763,-1.0322315168710312,-0.0345433119988909,4.0931,3.737,8.70000732940802,0.5907570414782812,0.5497564060021389,Requires Buffer Layer (High Dislocation Risk),1.202,0.812,9.061,3.0304,Tier 2: Competitive Alternative
Ba3NbAs3O / Ba2B11H7O22,Ba3NbAs3O,Ba2B11H7O22,0.632344115864142,77.29570761884213,0.0263896022652938,0.619149314731495,0.6455389169967889,70.62278739845263,88.15881106985795,1.323916997726819,5.6652,4.3413,18.725422882466763,-1.0568146834126977,-0.0050445719024255,4.0931,3.737,8.70000732940802,0.5907570414782812,0.543027311572884,Requires Buffer Layer (High Dislocation Risk),1.206,0.803,9.061,3.0284,Tier 2: Competitive Alternative
AgAs3H2O9 / Al2H16S3O20,AgAs3H2O9,Al2H16S3O20,0.5882678716029096,81.66831308666198,0.0179142953035746,0.5793107239511223,0.597225019254697,75.91203824132609,90.40402296619683,1.091616997726819,5.6055,4.5139,18.38077615890793,-0.316780839791327,0.1069363521566716,4.366,4.348,0.4122766834631194,0.9753657605072612,0.56687941710782,Coherent Epitaxy (Low Strain Risk),1.254,0.838,8.894,3.0182,Tier 1: Next-Gen Breakthrough
AgHg2PO4 / B5H4NO8,AgHg2PO4,B5H4NO8,0.6033598780141504,80.18761806675563,0.0268464944320998,0.5899366307981004,0.6167831252302003,75.41223614218558,89.38728953996424,1.4446169977268193,5.7298,4.2852,19.100007640003057,-0.6631778820701055,0.0792495099411928,3.9451,3.4533,12.466097183848316,0.4703873006767354,0.403635888130412,Requires Buffer Layer (High Dislocation Risk),1.19,0.597,9.242,2.9954,Tier 2: Competitive Alternative
Ag2P2PdO7 / B5H4NO8,Ag2P2PdO7,B5H4NO8,0.5973365404288324,81.68283799852755,0.0226664072665673,0.5860033367955487,0.608669744062116,76.99789235344333,90.15657487422006,1.4222169977268189,5.7298,4.3076,19.100007640003057,-0.38572749524471,-0.0658371250812517,4.0423,3.4533,14.570912599262794,0.4141445496903568,0.371734702266003,Requires Buffer Layer (High Dislocation Risk),1.197,0.549,9.242,2.9814,Tier 2: Competitive Alternative
Ba3NbAs3O / B5H4NO8,Ba3NbAs3O,B5H4NO8,0.5943319735652297,78.76442614705627,0.0233188447115922,0.5826725512094335,0.6059913959210258,72.47053623908278,88.81941129512072,1.323916997726819,5.7298,4.4059,19.100007640003057,-0.6577473631712976,-0.2620803922013663,4.0931,3.4533,15.631184188023742,0.3884127782554097,0.338820101193997,Requires Buffer Layer (High Dislocation Risk),1.224,0.501,9.242,2.9753,Tier 2: Competitive Alternative
Ba4GeAs4 / Al2H16S3O20,Ba4GeAs4,Al2H16S3O20,0.6112786717328879,79.24348350230943,0.0307880571991161,0.5958846431333298,0.6266727003324459,74.7350249707246,88.78645057632058,1.078816997726819,5.6055,4.5267,18.38077615890793,-0.7630398030691051,-0.1779000154638036,3.9672,4.348,9.598709417221208,0.559494310746615,0.4804507699706177,Requires Buffer Layer (High Dislocation Risk),1.257,0.71,8.894,2.975,Tier 2: Competitive Alternative
Ba3TaAs3O / Al2H16S3O20,Ba3TaAs3O,Al2H16S3O20,0.6173358343348948,79.85929075003656,0.0248586203509595,0.604906524159415,0.6297651445103746,74.42331425377837,89.36686513288335,1.3373169977268191,5.6055,4.2682,18.38077615890793,-0.194768084235773,-0.1261421676584977,4.0931,4.348,6.22755368791381,0.6860759122521889,0.5342037834651177,Requires Buffer Layer (High Dislocation Risk),1.186,0.789,8.894,2.974,Tier 2: Competitive Alternative
Ba3NbAs3O / Al2H16S3O20,Ba3NbAs3O,Al2H16S3O20,0.6172869189407602,79.25316947004423,0.0247983961397357,0.6048877208708923,0.629686117010628,73.44592930511735,89.09106644289281,1.323916997726819,5.6055,4.2816,18.38077615890793,-0.2193512507774395,-0.0959454409566517,4.0931,4.348,6.22755368791381,0.6860759122521889,0.5309793064040339,Requires Buffer Layer (High Dislocation Risk),1.189,0.785,8.894,2.9739,Tier 2: Competitive Alternative
Ba(GdSe2)2 / Al(PO3)3,Ba(GdSe2)2,Al(PO3)3,0.5879452945430763,81.70660506045601,0.0205050467065297,0.5776927711898114,0.5981978178963412,76.5055914054551,90.32856079864632,1.481060739031996,5.8176,4.3366,19.612714268903385,-0.5869541241002794,-0.1141447216713554,5.772,3.7814,34.48717948717949,0.1241239818865435,0.2291662973458038,Requires Buffer Layer (High Dislocation Risk),1.205,0.339,9.49,2.9729,Tier 2: Competitive Alternative
Ba2InCuO4 / AlPO4,Ba2InCuO4,AlPO4,0.6393989378164269,74.991155832823,0.0309027336773097,0.623947570977772,0.6548503046550818,67.81399719860394,86.9509751913861,1.3662169977268188,5.6178,4.2516,18.45154623957488,-0.901922882162698,-0.2448019569103396,4.5464,4.0145,11.6993665317614,0.4927212527085814,0.5093722775401933,Requires Buffer Layer (High Dislocation Risk),1.181,0.753,8.928,2.9679,Tier 2: Competitive Alternative
Ag2P2PdO7 / Ba2B11H7O22,Ag2P2PdO7,Ba2B11H7O22,0.5994105446834552,79.57928614796786,0.0215939712139046,0.5886135590765029,0.6102075302904075,73.36662238819298,89.30466909332331,1.4222169977268189,5.6652,4.243,18.725422882466763,-0.7847948154861102,0.2001414093801555,4.0423,3.737,7.552630927937064,0.633222022974553,0.4428299257257992,Requires Buffer Layer (High Dislocation Risk),1.179,0.654,9.061,2.9657,Tier 2: Competitive Alternative
Ba2MnSe3 / Ba2HoCl7,Ba2MnSe3,Ba2HoCl7,0.6841330812784814,72.30754373238115,0.0463077547082222,0.6609792039243703,0.7072869586325925,66.43337764003661,85.20368156716917,1.322916997726819,5.4559,4.133,17.526026148831015,-1.0944490683396175,-0.1297846600532301,5.7412,6.0199,4.854385842680968,0.7455073069013394,0.7452398029625261,Semi-Coherent (Moderate Strain Risk),1.148,1.101,8.48,2.9648,Tier 1: Next-Gen Breakthrough
Ba2Tl2O5 / Ba2Ca(BO2)6,Ba2Tl2O5,Ba2Ca(BO2)6,0.5974366457954121,81.36665884557694,0.0137660300060666,0.5905536307923788,0.6043196607984455,75.0028760295399,90.00190239251639,1.0156169977268188,5.0129,3.9973,19.213913209575576,-1.1492170569179887,-0.1800965651814975,4.7113,4.1748,11.387515123214383,0.5021056792786953,0.3778732384606088,Requires Buffer Layer (High Dislocation Risk),1.11,0.558,9.297,2.9639,Tier 2: Competitive Alternative
Ba2InCuO4 / Ba(PO3)2,Ba2InCuO4,Ba(PO3)2,0.6906616857630554,71.02582231028994,0.0481323834696016,0.6665954940282546,0.7147278774978563,64.54251879855609,84.69214593178185,1.3662169977268188,5.4349,4.0687,17.40684437120676,-0.7557097571428559,-0.0567011576179123,4.5464,4.3882,3.47967622734471,0.8101625181462656,0.7802553472587507,Semi-Coherent (Moderate Strain Risk),1.13,1.153,8.423,2.9613,Tier 1: Next-Gen Breakthrough
Ba3TaAs3O / B5H4NO8,Ba3TaAs3O,B5H4NO8,0.5889460305001903,78.35465385350166,0.0197417001971521,0.5790751804016143,0.5988168805987665,71.24320464130874,88.6221163037127,1.3373169977268191,5.7298,4.3925,19.100007640003057,-0.6331641966296311,-0.2919294251565168,4.0931,3.4533,15.631184188023742,0.3884127782554097,0.3146783507797479,Requires Buffer Layer (High Dislocation Risk),1.22,0.465,9.242,2.9613,Tier 2: Competitive Alternative
Ba3Sb2Se7 / Ba2HoCl7,Ba3Sb2Se7,Ba2HoCl7,0.6364166818059449,78.11897869069273,0.0307074191552467,0.6210629722283215,0.6517703913835683,72.81439368439744,88.37321929126537,1.1737615750124288,5.4559,4.2821,17.526026148831015,-1.4217361496744798,0.0142219938815067,6.0464,6.0199,0.4382773220428753,0.9738326785982928,0.7041385231830363,Coherent Epitaxy (Low Strain Risk),1.189,1.041,8.48,2.9601,Tier 1: Next-Gen Breakthrough
Ba2Ni(PO4)2 / AlPO4,Ba2Ni(PO4)2,AlPO4,0.60100664819929,81.31616744741861,0.0163313963304737,0.5928409500340531,0.6091723463645269,75.04098898722876,90.2914555862236,1.1930169977268188,5.6178,4.424799999999999,18.45154623957488,-0.2092177659355902,0.0108931477128909,4.4076,4.0145,8.918685906162093,0.5829927681099074,0.456538496328244,Requires Buffer Layer (High Dislocation Risk),1.229,0.675,8.928,2.9598,Tier 2: Competitive Alternative
Ba3In2O6 / AlPO4,Ba3In2O6,AlPO4,0.6136653640843674,79.6189308038832,0.028661492179537,0.5993346179945989,0.6279961101741359,74.86184401747389,89.07468307962654,1.107916997726819,5.6178,4.5099,18.45154623957488,-0.6252748081475454,-0.0864542451052129,4.7259,4.0145,15.05321737658436,0.402234651167469,0.4310772801958978,Requires Buffer Layer (High Dislocation Risk),1.253,0.637,8.928,2.9561,Tier 2: Competitive Alternative
Ba2Mn3(SeO3)6 / B5H4NO8,Ba2Mn3(SeO3)6,B5H4NO8,0.5851939304559863,82.3902136475406,0.0210175620310866,0.574685149440443,0.5957027114715296,77.7010111226994,90.61705149438876,1.241516997726819,5.7298,4.4883,19.100007640003057,-0.3318333627495524,-0.0687788249448566,4.477,3.4533,22.86575832030378,0.2507300595886532,0.2838254687195103,Requires Buffer Layer (High Dislocation Risk),1.247,0.419,9.242,2.956,Tier 2: Competitive Alternative
Ba2Ni(PO4)2 / Ba2Ca(BO2)6,Ba2Ni(PO4)2,Ba2Ca(BO2)6,0.5833361863303341,81.82927327241968,0.0215219444005995,0.5725752141300343,0.5940971585306338,76.93182806632484,90.32644166010728,1.1930169977268188,5.0129,3.8199,19.213913209575576,-0.1960114136538449,-0.1161025157726642,4.4076,4.1748,5.281786005989656,0.7264772918606479,0.3984497767437621,Requires Buffer Layer (High Dislocation Risk),1.061,0.589,9.297,2.9548,Tier 2: Competitive Alternative
Ba2InBiSe5 / Ba2HoCl7,Ba2InBiSe5,Ba2HoCl7,0.6525369064504033,75.1548693085262,0.0324563149567052,0.6363087489720507,0.6687650639287559,68.35209259275953,86.99979584453253,1.316416997726819,5.4559,4.1395,17.526026148831015,-1.396953462679399,-0.2094214277086604,5.9323,6.0199,1.4766616657957303,0.9145363798724884,0.7104038835396349,Coherent Epitaxy (Low Strain Risk),1.15,1.05,8.48,2.9475,Tier 1: Next-Gen Breakthrough
Ba3GaAs3 / Al2H16S3O20,Ba3GaAs3,Al2H16S3O20,0.5901778647453104,80.61781457768058,0.0250895972865332,0.5776330661020438,0.602722663388577,75.77439447969124,89.61067958105757,0.994416997726819,5.6055,4.6111,18.38077615890793,-0.7327546926524386,-0.2003209646288304,3.9379,4.348,10.414180146778738,0.5325609654307425,0.4072057283291431,Requires Buffer Layer (High Dislocation Risk),1.281,0.602,8.894,2.9464,Tier 2: Competitive Alternative
AgRh(SO4)2 / Al2H16S3O20,AgRh(SO4)2,Al2H16S3O20,0.6255152063569653,78.96172909131214,0.026061293495475,0.6124845596092279,0.6385458531047029,73.27353896448241,88.87573914503336,1.4293169977268192,5.6055,4.1762,18.38077615890793,-0.2703972475135516,-0.0830419999042191,4.8311,4.348,9.999793007803612,0.5460812651877992,0.4983061513293739,Requires Buffer Layer (High Dislocation Risk),1.16,0.736,8.894,2.9452,Tier 2: Competitive Alternative
Ba2Tl2O5 / AlPO4,Ba2Tl2O5,AlPO4,0.5972260884038586,81.17983216500707,0.0256795600349104,0.5843863083864034,0.6100658684213138,76.76594076796314,89.8729366180348,1.0156169977268188,5.6178,4.6022,18.45154623957488,-1.162423409199734,-0.0495849810959976,4.7113,4.0145,14.789973043533625,0.4086920383065182,0.3899182694938198,Requires Buffer Layer (High Dislocation Risk),1.278,0.576,8.928,2.9451,Tier 2: Competitive Alternative
Ba3ThSe7 / Ba2HoCl7,Ba3ThSe7,Ba2HoCl7,0.6560130138437938,75.22642101225486,0.0411028665338116,0.635461580576888,0.6765644471106996,70.25824750864204,86.64371493717105,1.178416997726819,5.4559,4.2775,17.526026148831015,-0.9288281791903364,0.0178375219170075,6.3102,6.0199,4.600488098633961,0.7570473106303788,0.6756267311804214,Semi-Coherent (Moderate Strain Risk),1.188,0.998,8.48,2.9448,Tier 1: Next-Gen Breakthrough
Ba3In2O6 / Ba2Ca(BO2)6,Ba3In2O6,Ba2Ca(BO2)6,0.5989713008512646,79.35864137481049,0.0218622367446312,0.588040182478949,0.6099024192235802,73.22684243985648,89.03791075951838,1.107916997726819,5.0129,3.905,19.213913209575576,-0.6120684558658,-0.2257618437900127,4.7259,4.1748,11.661270869040816,0.4938581802243505,0.3592672106691513,Requires Buffer Layer (High Dislocation Risk),1.085,0.531,9.297,2.944,Tier 2: Competitive Alternative
Ba2Mn3(SeO3)6 / Ba2B11H7O22,Ba2Mn3(SeO3)6,Ba2B11H7O22,0.5998571142404278,79.36573480036523,0.0299760349140085,0.5848690967834235,0.614845131697432,75.05359901125459,88.5830484468926,1.241516997726819,5.6652,4.4237,18.725422882466763,-0.7309006829909526,0.1862920179939869,4.477,3.737,16.528925619834713,0.3678794411714423,0.3573788066352498,Requires Buffer Layer (High Dislocation Risk),1.229,0.528,9.061,2.9415,Tier 2: Competitive Alternative
Ba3Sb2Se7 / Ba2DyCl7,Ba3Sb2Se7,Ba2DyCl7,0.639970512639172,78.78734255631467,0.024410248686842,0.627765388295751,0.6521756369825931,72.57047293218102,88.94689120631217,1.1737615750124288,5.4194,4.2456,17.31921624773407,-1.4250768693411453,0.0057471264367816,6.0464,6.0236,0.3770838846255648,0.977444686895498,0.7204430153044342,Coherent Epitaxy (Low Strain Risk),1.179,1.065,8.38,2.9394,Tier 1: Next-Gen Breakthrough
Ba3(AlAs2)2 / Ba2CaP4(H3O8)2,Ba3(AlAs2)2,Ba2CaP4(H3O8)2,0.6315408653551107,79.25886331259228,0.0301699533249445,0.6164558886926383,0.6466258420175829,74.6463401450918,88.80263441353665,1.311930106189244,5.4657,4.1538,17.581490207109955,-1.6114379490311976,-0.1690981751649092,3.8727,3.8994,0.689441474939963,0.9591467332998076,0.6775329421188757,Coherent Epitaxy (Low Strain Risk),1.154,1.001,8.507,2.9388,Tier 1: Next-Gen Breakthrough
Ba2SnSe5 / Ba2HoCl7,Ba2SnSe5,Ba2HoCl7,0.6581395417017537,75.64657832235554,0.0318513238674649,0.6422138797680212,0.6740652036354862,69.0090984070678,87.26148314150394,1.3426169977268192,5.4559,4.1133,17.526026148831015,-1.3552795838476568,0.0130552111443366,6.2206,6.0199,3.226376876828607,0.8226735619394416,0.6979034644582733,Semi-Coherent (Moderate Strain Risk),1.143,1.031,8.48,2.9381,Tier 1: Next-Gen Breakthrough
AgRh(SO4)2 / B5H4NO8,AgRh(SO4)2,B5H4NO8,0.6072562876082118,77.26322405919753,0.0291742949280957,0.5926691401441639,0.6218434350722597,71.21591846136205,87.9542058061552,1.4293169977268192,5.7298,4.3005,19.100007640003057,-0.7087933599074097,-0.2536216718986164,4.8311,3.4533,28.51938481919232,0.1780977394133779,0.2889244162170999,Requires Buffer Layer (High Dislocation Risk),1.195,0.427,9.242,2.9378,Tier 2: Competitive Alternative
AgRh(SO4)2 / Ba2B11H7O22,AgRh(SO4)2,Ba2B11H7O22,0.6246890964688343,78.43651631614708,0.0252766101054772,0.6120507914160956,0.6373274015215729,72.23413522647644,88.70694227169437,1.4293169977268192,5.6652,4.2359,18.725422882466763,-1.1078606801488098,0.0099388559692154,4.8311,3.737,22.647016207488974,0.2540702486908086,0.3859503847668071,Requires Buffer Layer (High Dislocation Risk),1.177,0.57,9.061,2.9355,Tier 2: Competitive Alternative
Ba3Zr2S7 / Ba2HoCl7,Ba3Zr2S7,Ba2HoCl7,0.6452684960155064,77.45366402991054,0.0271361753074266,0.6317004083617931,0.6588365836692197,71.02324836226896,88.20492327703737,1.082816997726819,5.4559,4.3731,17.526026148831015,-0.7176763406250006,-0.1261576456060918,5.6641,6.0199,6.281668755848227,0.6838333990081347,0.6305337399376357,Requires Buffer Layer (High Dislocation Risk),1.215,0.932,8.48,2.9321,Tier 2: Competitive Alternative
Ba2MnSe3 / Ba2DyCl7,Ba2MnSe3,Ba2DyCl7,0.6834921631131498,71.89807722749512,0.0473565492058873,0.6598138885102061,0.7071704377160934,65.8883466249928,85.05601176546631,1.322916997726819,5.4194,4.096500000000001,17.31921624773407,-1.097789788006283,-0.1398510923959477,5.7412,6.0236,4.918832299867623,0.7426062253140493,0.7359520249983267,Semi-Coherent (Moderate Strain Risk),1.138,1.088,8.38,2.9309,Tier 1: Next-Gen Breakthrough
Ba3Sb2Se7 / Ba2B11H7O22,Ba3Sb2Se7,Ba2B11H7O22,0.6141204208242121,80.3460663098787,0.0255101836160281,0.601365329016198,0.6268755126322262,75.34777840827573,89.55095107874531,1.1737615750124288,5.6652,4.4914,18.725422882466763,-1.1252187637121769,-0.0800195929999554,6.0464,3.737,38.194628208520776,0.0991843532352275,0.3215097757757424,Requires Buffer Layer (High Dislocation Risk),1.248,0.475,9.061,2.9305,Tier 2: Competitive Alternative
Ba3Zr6BeCl18 / AlPO4,Ba3Zr6BeCl18,AlPO4,0.6398372759877891,76.50643681313619,0.0282425750707443,0.6257159884524168,0.6539585635231612,69.73274475532236,87.72720327379795,1.2822169977268187,5.6178,4.3356,18.45154623957488,-0.8402474729960305,-0.1663437586493219,5.4707,4.0145,26.618165865428555,0.1998078678611784,0.4173420152377954,Requires Buffer Layer (High Dislocation Risk),1.204,0.617,8.928,2.9296,Tier 2: Competitive Alternative
Ba2YCoO5 / AlPO4,Ba2YCoO5,AlPO4,0.5860686352070734,83.08064105109256,0.0236250017755291,0.5742561343193088,0.597881136094838,79.50008761872427,90.68174047432188,1.0272169977268188,5.6178,4.5906,18.45154623957488,-0.3185102874404744,-0.0667450877880887,4.7072,4.0145,14.715754588715166,0.4105312802541377,0.3606902476538473,Requires Buffer Layer (High Dislocation Risk),1.275,0.533,8.928,2.9287,Tier 2: Competitive Alternative
Ba3ThSe7 / Ba2DyCl7,Ba3ThSe7,Ba2DyCl7,0.6616105589832979,75.51650968765875,0.0401004306094879,0.641560343678554,0.681660774288042,70.43771412310909,86.90480814848218,1.178416997726819,5.4194,4.241,17.31921624773407,-0.9321688988570018,0.0093845791087007,6.3102,6.0236,4.541852873126049,0.7597376529176827,0.6966843134349623,Semi-Coherent (Moderate Strain Risk),1.178,1.03,8.38,2.9266,Tier 1: Next-Gen Breakthrough
Ba(GdSe2)2 / Ba2HoCl7,Ba(GdSe2)2,Ba2HoCl7,0.6737221197543308,72.62644360850125,0.0430316490041463,0.6522062952522576,0.695237944256404,66.30265758900369,85.48176356332326,1.481060739031996,5.4559,3.9749,17.526026148831015,-0.6128800168750037,-0.0451080530327807,5.772,6.0199,4.294871794871788,0.7711751616644775,0.7050607408414943,Semi-Coherent (Moderate Strain Risk),1.104,1.042,8.48,2.9264,Tier 1: Next-Gen Breakthrough
Ba2InBiSe5 / Ba2DyCl7,Ba2InBiSe5,Ba2DyCl7,0.6571290003098664,75.17735603205217,0.030106698428295,0.6420756510957188,0.6721823495240139,67.93577088335958,87.08613907359718,1.316416997726819,5.4194,4.103,17.31921624773407,-1.4002941823460644,-0.2201803558371923,5.9323,6.0236,1.5390320786204403,0.9110919618609814,0.7235325642336488,Coherent Epitaxy (Low Strain Risk),1.14,1.069,8.38,2.9252,Tier 1: Next-Gen Breakthrough
Ba2SnSe5 / Ba2DyCl7,Ba2SnSe5,Ba2DyCl7,0.6667346563671873,75.64674130093768,0.0265801791311208,0.6534445668016269,0.6800247459327478,67.98391800747426,87.44078093365688,1.3426169977268192,5.4194,4.0768,17.31921624773407,-1.3586203035143225,0.0042189952904239,6.2206,6.0236,3.1668970838825845,0.8256393083131008,0.728356422867534,Semi-Coherent (Moderate Strain Risk),1.132,1.076,8.38,2.9248,Tier 1: Next-Gen Breakthrough
Ba4P2O / Al2H16S3O20,Ba4P2O,Al2H16S3O20,0.5999244350603709,79.12391121555225,0.0155750865904613,0.5921368917651402,0.6077119783556015,71.70347941961694,89.04806219163292,1.2965169977268192,5.6055,4.309,18.38077615890793,-0.225293079718766,-0.2719424460431655,3.996,4.348,8.808808808808806,0.5868811599231961,0.429508884172873,Requires Buffer Layer (High Dislocation Risk),1.197,0.635,8.894,2.9244,Tier 2: Competitive Alternative
AgAs3H2O9 / AlH10SO9F,AgAs3H2O9,AlH10SO9F,0.6288969690510543,79.43441335358487,0.0246674090305309,0.6165632645357888,0.6412306735663198,73.67155503834142,89.21526754723016,1.091616997726819,5.459199999999999,4.3676,17.544680452886684,-0.3104726809457054,-0.1102665079219708,4.366,4.1709,4.46862116353642,0.763111152248171,0.6120635937918915,Semi-Coherent (Moderate Strain Risk),1.213,0.905,8.489,2.9242,Tier 1: Next-Gen Breakthrough
Ba2Mn(AsO4)2 / AlPO4,Ba2Mn(AsO4)2,AlPO4,0.6511488908726604,75.57257932023887,0.0373493380251281,0.6324742218600963,0.6698235598852245,70.00280778979572,87.00654628928879,1.498186441755564,5.6178,4.1196,18.03944940586021,-0.6696392058474885,-0.1353529468880474,4.5418,4.0145,11.609934387247351,0.4953944176157664,0.5477313069947312,Requires Buffer Layer (High Dislocation Risk),1.144,0.809,8.729,2.9232,Tier 2: Competitive Alternative
Ba2SnSe5 / Ba2B11H7O22,Ba2SnSe5,Ba2B11H7O22,0.6295611985218116,77.5614321409651,0.0277520239168447,0.6156851865633892,0.643437210480234,71.32235704412629,88.22836262604015,1.3426169977268192,5.6652,4.3226,18.725422882466763,-1.0587621978853536,-0.0848100680146207,6.2206,3.737,39.92540912452175,0.0893238051109594,0.3430177841962289,Requires Buffer Layer (High Dislocation Risk),1.201,0.507,9.061,2.9229,Tier 2: Competitive Alternative
Ba2Na2U(S2O)2 / Al(PO3)3,Ba2Na2U(S2O)2,Al(PO3)3,0.598117286481382,79.71495795932383,0.0332148790724997,0.5815098469451321,0.6147247260176318,76.12998191271252,88.77730975691526,1.5081917121269697,5.8176,4.3094,18.868908617826648,-0.4777292522017662,-0.1517612660695224,4.7776,3.7814,20.8514735432016,0.2832248569314448,0.3118239995744126,Requires Buffer Layer (High Dislocation Risk),1.197,0.461,9.13,2.9226,Tier 2: Competitive Alternative
Ba2Zr6BCl17 / AlPO4,Ba2Zr6BCl17,AlPO4,0.6368304011496356,77.73671186902843,0.0308263732060474,0.6214172145466119,0.6522435877526593,72.21086865215328,88.20767704472695,1.3409169977268192,5.6178,4.2769,18.45154623957488,-0.8023384857203895,0.0610488905515678,5.4162,4.0145,25.87976810309811,0.2089362765835028,0.4130881183782604,Requires Buffer Layer (High Dislocation Risk),1.188,0.61,8.928,2.9209,Tier 2: Competitive Alternative
Ag3AsSe3 / Al2H16S3O20,Ag3AsSe3,Al2H16S3O20,0.5935649623199252,80.40129867119816,0.0182228470574852,0.5844535387911826,0.6026763858486678,74.13677906439776,89.65048860673296,1.146016997726819,5.6055,4.4595,18.38077615890793,-1.430730581469404,-0.2613073214485928,4.9369,4.348,11.928538151471567,0.4859368712023617,0.3884119050489565,Requires Buffer Layer (High Dislocation Risk),1.239,0.574,8.894,2.9199,Tier 2: Competitive Alternative
Ba2As2Se5 / Ba2HoCl7,Ba2As2Se5,Ba2HoCl7,0.6336111176735032,78.77711950908959,0.0301059557210483,0.618558139812979,0.6486640955340274,73.78747218952142,88.6573226285659,1.2791169977268189,5.4559,4.1768,17.526026148831015,-1.572209965642359,-0.0242290748898678,5.8789,6.0199,2.398407865417,0.8649326158313135,0.6482425635071585,Semi-Coherent (Moderate Strain Risk),1.16,0.958,8.48,2.9195,Tier 1: Next-Gen Breakthrough
Ba2MnSe3 / Ba2B11H7O22,Ba2MnSe3,Ba2B11H7O22,0.6241405447601742,76.81208886922268,0.026224433793492,0.6110283278634282,0.6372527616569202,69.85052883815207,87.91085178152387,1.322916997726819,5.6652,4.3423,18.725422882466763,-0.7979316823773144,-0.2203210280266218,5.7412,3.737,34.90907824148262,0.1209958255448696,0.3311256577946418,Requires Buffer Layer (High Dislocation Risk),1.206,0.489,9.061,2.9189,Tier 2: Competitive Alternative
AcFeO3 / Al2Si(O2F)2,AcFeO3,Al2Si(O2F)2,0.5876089315172723,77.9878763001756,0.0166964327661152,0.5792607151342147,0.5959571479003299,70.17655045382341,88.44766062183052,1.263816997726819,5.706199999999999,4.4424,18.962858081970115,-0.7580762831111101,-0.3108229785701422,4.5658,3.4472,24.499540058697274,0.2271323995610908,0.2501726868891329,Requires Buffer Layer (High Dislocation Risk),1.234,0.37,9.176,2.9169,Tier 2: Competitive Alternative
Ba2As2Se5 / Ba2B11H7O22,Ba2As2Se5,Ba2B11H7O22,0.6159537280492897,79.09582381299674,0.0226471185367059,0.6046301687809368,0.6272772873176428,72.80881308253238,89.0484348227981,1.2791169977268189,5.6652,4.3861,18.725422882466763,-1.2756925796800558,-0.1188983379311917,5.8789,3.737,36.43368657401895,0.1103345640583332,0.3154783623495859,Requires Buffer Layer (High Dislocation Risk),1.218,0.466,9.061,2.9157,Tier 2: Competitive Alternative
Ba3ThSe7 / Ba2B11H7O22,Ba3ThSe7,Ba2B11H7O22,0.6092269522949967,79.67159892001399,0.0200821644873993,0.5991858700512971,0.6192680345386964,73.2927709944248,89.3159621721418,1.178416997726819,5.6652,4.486800000000001,18.725422882466763,-0.6323107932280332,-0.0766693411785682,6.3102,3.737,40.77842223701309,0.0848309738389919,0.2926990085873747,Requires Buffer Layer (High Dislocation Risk),1.246,0.433,9.061,2.9151,Tier 2: Competitive Alternative
Ba2MnTe3 / Ba2CaP4(H3O8)2,Ba2MnTe3,Ba2CaP4(H3O8)2,0.6337910556155719,77.30254117795685,0.0257241413020253,0.6209289849645593,0.6466531262665847,70.58193897211385,88.10523466116125,1.0806169977268187,5.4657,4.3851,17.581490207109955,-1.1014921552093573,-0.2300289617112494,3.6507,3.8994,6.812392143972387,0.6622251171651993,0.5791525161994553,Requires Buffer Layer (High Dislocation Risk),1.218,0.856,8.507,2.9136,Tier 2: Competitive Alternative
Ba3Zr2S7 / Ba2DyCl7,Ba3Zr2S7,Ba2DyCl7,0.6500265553272402,76.70333573677235,0.0294083131152914,0.6353223987695945,0.664730711884886,70.24041034898168,87.81438606693597,1.082816997726819,5.4194,4.336600000000001,17.31921624773407,-0.7210170602916661,-0.1356362127011944,5.6641,6.0236,6.346992461291285,0.6811361652088141,0.6392950413806889,Requires Buffer Layer (High Dislocation Risk),1.205,0.945,8.38,2.9076,Tier 2: Competitive Alternative
Ba(GdSe2)2 / Ba2DyCl7,Ba(GdSe2)2,Ba2DyCl7,0.6805161287464296,72.07363551207148,0.0449144687096026,0.6580588943916283,0.702973363101231,65.70810139048649,85.21793224902262,1.481060739031996,5.4194,3.9384,17.31921624773407,-0.6162207365416692,-0.0547938249035141,5.772,6.0236,4.358974358974356,0.7681901781282912,0.7227155449963248,Semi-Coherent (Moderate Strain Risk),1.094,1.068,8.38,2.9065,Tier 1: Next-Gen Breakthrough
AgHg2PO4 / BHS3O11,AgHg2PO4,BHS3O11,0.599611544514154,81.32871366394066,0.0246912029968011,0.5872659430157534,0.6119571460125546,76.77349541608778,90.0018149550211,1.4446169977268193,5.696299999999999,4.2517,18.90549771873661,-0.2757919300185998,0.0368088058894089,3.9451,5.0968,29.19317634533979,0.1709836794421596,0.2812439874161339,Requires Buffer Layer (High Dislocation Risk),1.181,0.416,9.148,2.9048,Tier 2: Competitive Alternative
Ba4P2O / Ba2CaP4(H3O8)2,Ba4P2O,Ba2CaP4(H3O8)2,0.6251859198119958,77.387089532982,0.0238288303239618,0.6132715046500149,0.6371003349739768,70.31503553417535,88.23725926196057,1.2965169977268192,5.4657,4.1692,17.581490207109955,-1.054046435680857,0.2149093351242444,3.996,3.8994,2.417417417417418,0.8639384477432466,0.6060824065163518,Semi-Coherent (Moderate Strain Risk),1.158,0.896,8.507,2.9035,Tier 1: Next-Gen Breakthrough
Ag15P4S16Cl3 / Al2H16S3O20,Ag15P4S16Cl3,Al2H16S3O20,0.6077178172665704,77.52824758779926,0.0225911724104623,0.5964222310613392,0.6190134034718016,70.52572393077803,88.11464312831143,1.481216997726819,5.6055,4.1243,18.38077615890793,-1.2511448376242442,-0.3031544746987367,4.7847,4.348,9.127009007879284,0.575691101084519,0.4285760152405191,Requires Buffer Layer (High Dislocation Risk),1.146,0.633,8.894,2.9034,Tier 2: Competitive Alternative
Ba3Zr2S7 / Ba2Ca(BO2)6,Ba3Zr2S7,Ba2Ca(BO2)6,0.6023654392711757,80.9832166277331,0.0176770902370045,0.5935268941526735,0.611203984389678,75.14274162683523,89.73830883603524,1.082816997726819,5.0129,3.9301,19.213913209575576,-0.9645633088392852,-0.020635607236457,5.6641,4.1748,26.293674193605337,0.2037692019274264,0.2753472891720243,Requires Buffer Layer (High Dislocation Risk),1.092,0.407,9.297,2.9034,Tier 2: Competitive Alternative
Ba4LaGe3SbSe13 / Ba2HoCl7,Ba4LaGe3SbSe13,Ba2HoCl7,0.6468020466993855,75.96660933584114,0.0281585890723616,0.6327227521632046,0.6608813412355663,68.81584798827134,87.51955505517331,1.4883785721190117,5.4559,3.9675,17.408975662191686,-1.4092840607741486,-0.2036798991808443,5.952,6.0199,1.1407930107526856,0.933309901674788,0.6874217916994134,Coherent Epitaxy (Low Strain Risk),1.102,1.016,8.424,2.9023,Tier 1: Next-Gen Breakthrough
Ba2Zr6BCl17 / Ba2HoCl7,Ba2Zr6BCl17,Ba2HoCl7,0.6732415374802598,72.73875341306223,0.0417417695360893,0.6523706527122152,0.6941124222483045,66.18792468473393,85.62658856572473,1.3409169977268192,5.4559,4.115,17.526026148831015,-0.5422451652243594,-0.1704009720534629,5.4162,6.0199,11.146191056460248,0.5094902520353419,0.6164117280340187,Requires Buffer Layer (High Dislocation Risk),1.143,0.911,8.48,2.8961,Tier 2: Competitive Alternative
Ba3Cr2O8 / AlPO4,Ba3Cr2O8,AlPO4,0.6082591367610375,80.31124006396253,0.0266662346437752,0.5949260194391498,0.6215922540829251,75.55580531992831,89.46721745493636,1.4032169977268192,5.6178,4.2146,18.45154623957488,-0.4975743576114144,0.1508090922032933,4.8242,4.0145,16.78413001119357,0.362243056496269,0.3761836351442187,Requires Buffer Layer (High Dislocation Risk),1.171,0.556,8.928,2.8949,Tier 2: Competitive Alternative
Ba3Ta2Se9 / Al(PO3)3,Ba3Ta2Se9,Al(PO3)3,0.586338483556661,80.25469374117371,0.0240580194832151,0.5743094738150534,0.5983674932982685,75.00805864135022,89.45805787651268,1.5010593186159011,5.8176,4.3165,19.08612596592617,-1.2647413937781036,-0.2273832966523804,6.2292,3.7814,39.29557567584922,0.0927931618942928,0.199711323839353,Requires Buffer Layer (High Dislocation Risk),1.199,0.295,9.235,2.8917,Tier 2: Competitive Alternative
Ba2As2Se5 / Ba2DyCl7,Ba2As2Se5,Ba2DyCl7,0.6359360646586383,78.43066965789107,0.0314395242518071,0.6202163025327346,0.6516558267845418,73.53167295786515,88.42139372556522,1.2791169977268189,5.4194,4.1403,17.31921624773407,-1.5755506853090244,-0.0332584595319179,5.8789,6.0236,2.4613448094031245,0.8616454869352597,0.650389273467015,Semi-Coherent (Moderate Strain Risk),1.15,0.961,8.38,2.8915,Tier 1: Next-Gen Breakthrough
Ba3Zr2S7 / AlPO4,Ba3Zr2S7,AlPO4,0.5984881452193553,80.26193547794641,0.0252429160369718,0.5858666872008694,0.6111096032378412,75.21594920247435,89.46494780958713,1.082816997726819,5.6178,4.535,18.45154623957488,-0.9777696611210308,0.0905402425578831,5.6641,4.0145,29.12377959428683,0.1717030641210421,0.2931839639714942,Requires Buffer Layer (High Dislocation Risk),1.26,0.433,8.928,2.8876,Tier 2: Competitive Alternative
Ba(GdSe2)2 / Ba2B11H7O22,Ba(GdSe2)2,Ba2B11H7O22,0.6156872696898987,79.05022560479706,0.024655502539079,0.6033595184203592,0.6280150209594382,73.1046514276831,88.9923836416399,1.481060739031996,5.6652,4.184200000000001,18.725422882466763,-0.3163626309127005,-0.1433009894364514,5.772,3.737,35.256410256410255,0.1184797972228114,0.3007352061255409,Requires Buffer Layer (High Dislocation Risk),1.162,0.444,9.061,2.8856,Tier 2: Competitive Alternative
Ba2As2Se5 / Al2H16S3O20,Ba2As2Se5,Al2H16S3O20,0.6174401710641269,78.77562821958313,0.0290345518005019,0.6029228951638759,0.6319574469643778,73.63994788340685,88.62252678170111,1.2791169977268189,5.6055,4.3264,18.38077615890793,-0.4382291470447976,-0.2104289940828402,5.8789,4.348,26.04058582387861,0.2069132941422923,0.3505610610179429,Requires Buffer Layer (High Dislocation Risk),1.202,0.518,8.894,2.8855,Tier 2: Competitive Alternative
Ba2InBiSe5 / Ba2B11H7O22,Ba2InBiSe5,Ba2B11H7O22,0.6067476217166197,77.36342086870616,0.0231694675446351,0.595162887944302,0.6183323554889372,70.2803448804638,88.1164666406609,1.316416997726819,5.6652,4.3488,18.725422882466763,-1.1004360767170958,-0.2959896983075791,5.9323,3.737,37.00588304704752,0.1065803706610648,0.2645715919377862,Requires Buffer Layer (High Dislocation Risk),1.208,0.391,9.061,2.8852,Tier 2: Competitive Alternative
Ba2Zr6BCl17 / Ba2B11H7O22,Ba2Zr6BCl17,Ba2B11H7O22,0.5990245861190846,79.79651331714494,0.0177004730197931,0.590174349609188,0.6078748226289812,72.98082270743119,89.48797856025551,1.3409169977268192,5.6652,4.3243,18.725422882466763,-0.2457277792620562,-0.2593483338343778,5.4162,3.737,31.003286436985334,0.1532478353173856,0.2678041779192563,Requires Buffer Layer (High Dislocation Risk),1.201,0.396,9.061,2.8842,Tier 2: Competitive Alternative
Ba3(TaS4)2 / AlPO4,Ba3(TaS4)2,AlPO4,0.5850027505163665,83.16191241922692,0.01695636784325,0.5765245665947415,0.5934809344379915,78.05995326980363,91.13276554527832,1.000616997726819,5.6178,4.6172,18.45154623957488,-1.2844386875088605,-0.136619596292125,5.6703,4.0145,29.201276828386508,0.170899904423041,0.2686944581866246,Requires Buffer Layer (High Dislocation Risk),1.283,0.397,8.928,2.884,Tier 2: Competitive Alternative
Ba2InSbSe5 / Ba2HoCl7,Ba2InSbSe5,Ba2HoCl7,0.5948240087339886,79.18217872060089,0.010908908284573,0.589369554591702,0.6002784628762751,70.95211015832798,89.15888342725073,1.0234169977268193,5.4559,4.4325,17.526026148831015,-1.4364766904571766,-0.3352284263959391,5.8583,6.0199,2.758479422358022,0.8462943867251821,0.5190398019774366,Semi-Coherent (Moderate Strain Risk),1.231,0.767,8.48,2.8811,Tier 1: Next-Gen Breakthrough
Ba3(NaSb2)2 / Ba2CaP4(H3O8)2,Ba3(NaSb2)2,Ba2CaP4(H3O8)2,0.6059632976660593,81.82191342787443,0.0211817362079844,0.595372429562067,0.6165541657700515,76.82419467976878,90.36090280889104,1.194216997726819,5.4657,4.2715,17.581490207109955,-1.6730711856691285,-0.1803815989699169,4.07,3.8994,4.191646191646199,0.7760063354484168,0.5391569200218409,Semi-Coherent (Moderate Strain Risk),1.187,0.797,8.507,2.8803,Tier 1: Next-Gen Breakthrough
Ba3AlAs3 / Ba2CaP4(H3O8)2,Ba3AlAs3,Ba2CaP4(H3O8)2,0.6002934698909306,82.45837312662933,0.0219441344851631,0.589321402648349,0.6112655371335122,77.98028668856986,90.6366114540004,1.1875169977268192,5.4657,4.2782,17.581490207109955,-1.5194071762931,0.1306156794913748,3.7687,3.8994,3.4680393769734934,0.8107330972449439,0.5358788108083745,Semi-Coherent (Moderate Strain Risk),1.188,0.792,8.507,2.8793,Tier 1: Next-Gen Breakthrough
Ba(GdTe2)2 / Ba2CaP4(H3O8)2,Ba(GdTe2)2,Ba2CaP4(H3O8)2,0.607077930399176,76.89816238930999,0.0104221629925768,0.6018668489028876,0.6122890118954644,68.61636899167804,86.79972767810446,1.013858253812388,5.4657,4.4519,17.581490207109955,-0.7523762367692901,-0.293380354455401,3.6815,3.8994,5.9187831047127455,0.6990126931955778,0.4953517828602715,Requires Buffer Layer (High Dislocation Risk),1.237,0.732,8.507,2.8777,Tier 2: Competitive Alternative
AgHg2AsO4 / B5H12NO12,AgHg2AsO4,B5H12NO12,0.6105709380566788,79.65177093120477,0.0314373791636429,0.5948522484748573,0.6262896276385003,75.5561084217847,88.91807056816063,0.9995169977268192,5.5022,4.5027,17.789162841996657,-0.777731739340277,-0.2038554644990783,4.1625,3.6013,13.48228228228227,0.4423392850745175,0.4342612578002978,Requires Buffer Layer (High Dislocation Risk),1.251,0.642,8.608,2.8768,Tier 2: Competitive Alternative
Ba2Tl2O5 / Ba(PO3)2,Ba2Tl2O5,Ba(PO3)2,0.6176923503712983,80.3191693076675,0.0203287572211748,0.6075279717607108,0.6278567289818857,74.23739573728147,89.73428333302212,1.0156169977268188,5.4349,4.4193,17.40684437120676,-1.016210284179892,0.1316724368112596,4.7113,4.3882,6.857979750811863,0.6604011834458159,0.5413215774029285,Requires Buffer Layer (High Dislocation Risk),1.228,0.8,8.423,2.8767,Tier 2: Competitive Alternative
Ba3Sb2Se7 / Al2H16S3O20,Ba3Sb2Se7,Al2H16S3O20,0.6031092309882362,80.7859252740073,0.0182245709494356,0.5939969455135184,0.6122215164629541,74.62101717951515,89.95007083830603,1.1737615750124288,5.6055,4.431699999999999,18.38077615890793,-0.2877553310769185,-0.1688516821987048,6.0464,4.348,28.08944165123049,0.1827911161473302,0.3098821966392189,Requires Buffer Layer (High Dislocation Risk),1.231,0.458,8.894,2.8762,Tier 2: Competitive Alternative
Ba3In2O6 / Ba(PO3)2,Ba3In2O6,Ba(PO3)2,0.6281761937730601,78.66918020403351,0.0279491656430792,0.6142016109515205,0.6421507765945997,73.18560008374682,88.67667588678644,1.107916997726819,5.4349,4.327,17.40684437120676,-0.4790616831277035,0.0971111624682228,4.7259,4.3882,7.145728855879301,0.6490038722683317,0.5576122080803654,Requires Buffer Layer (High Dislocation Risk),1.202,0.824,8.423,2.8749,Tier 2: Competitive Alternative
AgHg2PO4 / AlH10SO9F,AgHg2PO4,AlH10SO9F,0.6398408452331668,77.3400731111292,0.0258043511373983,0.6269386696644677,0.652743020801866,70.60354649982898,88.17374469712044,1.4446169977268193,5.459199999999999,4.0146,17.544680452886684,-0.218473610830626,0.0296916255666816,3.9451,4.1709,5.723555803401677,0.70731785872602,0.588920828284739,Requires Buffer Layer (High Dislocation Risk),1.115,0.87,8.489,2.873,Tier 2: Competitive Alternative
Ba2MnSe3 / AlPO4,Ba2MnSe3,AlPO4,0.6109660666908402,80.21363930900941,0.0260952205763336,0.5979184564026734,0.624013676979007,75.46845587255426,89.25737976094152,1.322916997726819,5.6178,4.2949,18.45154623957488,-1.3545423888356476,0.099164124892314,5.7412,4.0145,30.075593952483803,0.1620948803331298,0.316491129166802,Requires Buffer Layer (High Dislocation Risk),1.193,0.468,8.928,2.873,Tier 2: Competitive Alternative
Ba2SnSe5 / Al2H16S3O20,Ba2SnSe5,Al2H16S3O20,0.6205026731226072,78.78878814770833,0.025091729340525,0.6079568084523447,0.6330485377928697,72.76817680309176,88.86505684341692,1.3426169977268192,5.6055,4.2629,18.38077615890793,-0.2212987652500955,-0.1772267705083393,6.2206,4.348,30.103205478571205,0.161824327310571,0.3399013640760842,Requires Buffer Layer (High Dislocation Risk),1.184,0.502,8.894,2.8729,Tier 2: Competitive Alternative
Ba2Zr6BCl17 / Ba2DyCl7,Ba2Zr6BCl17,Ba2DyCl7,0.6780349668766064,71.88463194876698,0.0411970694838695,0.6574364321346716,0.6986335016185412,64.70185698525668,85.24476845960083,1.3409169977268192,5.4194,4.0785,17.31921624773407,-0.5455858848910249,-0.1808753218094888,5.4162,6.0236,11.214504634245417,0.507388888794908,0.6248232354043575,Requires Buffer Layer (High Dislocation Risk),1.133,0.923,8.38,2.8714,Tier 2: Competitive Alternative
Ba3Cr2O8 / Ba2Ca(BO2)6,Ba3Cr2O8,Ba2Ca(BO2)6,0.5852012609354887,81.56352234367492,0.0209409462943235,0.574730787788327,0.5956717340826505,76.3835820447521,90.23256237465174,1.4032169977268192,5.0129,3.6097,19.213913209575576,-0.484368005329669,0.039864808709865,4.8242,4.1748,13.461299282782637,0.4429011787553975,0.279100264234279,Requires Buffer Layer (High Dislocation Risk),1.003,0.412,9.297,2.8697,Tier 2: Competitive Alternative
Ba2Zr6BCl17 / Ba2Ca(BO2)6,Ba2Zr6BCl17,Ba2Ca(BO2)6,0.601451109939338,80.18125804845921,0.0203703031569014,0.5912659583608872,0.6116362615177887,74.15861820008418,89.53845694340518,1.3409169977268192,5.0129,3.672,19.213913209575576,-0.7891321334386441,-0.0627995642701525,5.4162,4.1748,22.920128503378745,0.2499066640938896,0.2627927159249962,Requires Buffer Layer (High Dislocation Risk),1.02,0.388,9.297,2.8682,Tier 2: Competitive Alternative
Ba4LaGe3SbSe13 / Ba2DyCl7,Ba4LaGe3SbSe13,Ba2DyCl7,0.6423207007034615,76.09081219806691,0.0309125279908886,0.6268644367080172,0.6577769646989058,69.56905945345002,87.46694482037574,1.4883785721190117,5.4194,3.931,17.203546975487537,-1.412624780440814,-0.2148562706690409,5.952,6.0236,1.2029569892473135,0.9298063894924355,0.6671094666978927,Coherent Epitaxy (Low Strain Risk),1.092,0.986,8.324,2.8629,Tier 1: Next-Gen Breakthrough
Ba2Tl2O5 / Ba2CaP4(H3O8)2,Ba2Tl2O5,Ba2CaP4(H3O8)2,0.6297723221544798,79.23896141564418,0.0237796102754419,0.6178825170167588,0.6416621272922007,73.18984649979875,89.14841696958355,1.0156169977268188,5.4657,4.4501,17.581490207109955,-0.5971026260682337,0.015303026898272,4.7113,3.8994,17.233035467917553,0.3525373708304057,0.4653350149148029,Requires Buffer Layer (High Dislocation Risk),1.236,0.688,8.507,2.8619,Tier 2: Competitive Alternative
Ba3Zr6BeCl18 / Ba(PO3)2,Ba3Zr6BeCl18,Ba(PO3)2,0.6785563840646358,73.35846763342629,0.0396127592640257,0.6587500044326229,0.6983627636966486,66.74903255361794,86.01948523137354,1.2822169977268187,5.4349,4.152699999999999,17.40684437120676,-0.6940343479761886,0.0214077588075228,5.4707,4.3882,19.78723015336245,0.3020606589643977,0.565178575531235,Requires Buffer Layer (High Dislocation Risk),1.154,0.835,8.423,2.8594,Tier 2: Competitive Alternative
Ba2InCuO4 / Ba2CaP4(H3O8)2,Ba2InCuO4,Ba2CaP4(H3O8)2,0.6556418810367701,75.2386750052179,0.0342100128599177,0.6385368746068113,0.6727468874667291,68.85150284762264,86.95602468331865,1.3662169977268188,5.4657,4.0995,17.581490207109955,-0.3366020990311975,-0.1816075131113551,4.5464,3.8994,14.231039943691718,0.4227484673691973,0.5331984632925638,Requires Buffer Layer (High Dislocation Risk),1.139,0.788,8.507,2.8581,Tier 2: Competitive Alternative
Ba(SmTe2)2 / Ba2CaP4(H3O8)2,Ba(SmTe2)2,Ba2CaP4(H3O8)2,0.6093813414986525,76.47496916686691,0.0094528675782974,0.6046549077095038,0.6141077752878012,67.8557238721134,86.55382750359936,1.051116997726819,5.4657,4.4146,17.581490207109955,-0.7667029978407189,-0.3034929551941286,3.6075,3.8994,8.091476091476094,0.6129117585724162,0.465476996809211,Requires Buffer Layer (High Dislocation Risk),1.226,0.688,8.507,2.8581,Tier 2: Competitive Alternative
Ag2P2PdO7 / AlH10SO9F,Ag2P2PdO7,AlH10SO9F,0.6131420488786075,79.59689046160747,0.0256970097497427,0.600293544003736,0.6259905537534788,74.37753437663477,89.01494467377316,1.4222169977268189,5.459199999999999,4.037,17.544680452886684,0.0589767759947694,-0.1248451820658905,4.0423,4.1709,3.181357148158217,0.8249173269193073,0.5502976896796612,Semi-Coherent (Moderate Strain Risk),1.121,0.813,8.489,2.8555,Tier 1: Next-Gen Breakthrough
Ba3Ta2Se9 / Ba2HoCl7,Ba3Ta2Se9,Ba2HoCl7,0.6585768520993718,75.23287437658284,0.0387493769665258,0.6392021636161089,0.6779515405826347,69.71494380171836,86.81629284740049,1.5010593186159011,5.4559,3.9548,17.055464030752333,-1.290667286552828,-0.1683523819156467,6.2292,6.0199,3.3599820201631,0.816050603196282,0.6812528948982934,Semi-Coherent (Moderate Strain Risk),1.099,1.007,8.253,2.855,Tier 1: Next-Gen Breakthrough
AgHg2AsO4 / AlH11SO10,AgHg2AsO4,AlH11SO10,0.5883079610836297,82.2322472278489,0.0179673634459917,0.5793242793606339,0.5972916428066256,76.85396438628403,90.61958825735344,0.9995169977268192,5.3941,4.3946000000000005,17.176424784435866,-0.5772142155117728,0.2260046420607108,4.1625,4.1376,0.5981981981981911,0.9644560734702626,0.5569908946528489,Coherent Epitaxy (Low Strain Risk),1.221,0.823,8.311,2.8542,Tier 1: Next-Gen Breakthrough
Ba(GdSe2)2 / AlPO4,Ba(GdSe2)2,AlPO4,0.6173296999858093,78.19125941988203,0.031359144206822,0.6016501278823984,0.6330092720892204,73.1608446059981,88.28446084904509,1.481060739031996,5.6178,4.1368,18.45154623957488,-0.8729733373710338,0.1892767356410752,5.772,4.0145,30.448717948717952,0.1584767417947427,0.312312938026105,Requires Buffer Layer (High Dislocation Risk),1.149,0.462,8.928,2.8532,Tier 2: Competitive Alternative
Ba4LaGe3SbSe13 / Ba2B11H7O22,Ba4LaGe3SbSe13,Ba2B11H7O22,0.612218327066645,76.85708206954352,0.0253817222885626,0.5995274659223637,0.6249091882109263,69.89883709659152,87.81846377327618,1.4883785721190117,5.6652,4.1768,18.6003620248424,-1.1127666748118454,-0.2941007469833365,5.952,3.737,37.2143817204301,0.105244391622544,0.2671098783267519,Requires Buffer Layer (High Dislocation Risk),1.16,0.395,9.0,2.8523,Tier 2: Competitive Alternative
Ba21(Cd2Sb9)2 / Ba2CaP4(H3O8)2,Ba21(Cd2Sb9)2,Ba2CaP4(H3O8)2,0.5976398127367972,83.1929282543138,0.0210108638111959,0.5871343808311992,0.6081452446423952,78.92577059311262,91.03102500154154,0.986816997726819,5.4657,4.4789,17.581490207109955,-1.5060553746319727,-0.187970260555047,4.3591,3.8994,10.545754857654098,0.528338464769755,0.440422830275659,Requires Buffer Layer (High Dislocation Risk),1.244,0.651,8.507,2.8523,Tier 2: Competitive Alternative
Ba3NbAs3O / AlH10SO9F,Ba3NbAs3O,AlH10SO9F,0.6051952911553745,74.72515378967292,0.0082729610163578,0.6093317716635535,0.6010588106471956,64.12157727958699,86.57544085607654,1.323916997726819,5.459199999999999,4.1353,17.544680452886684,-0.213043091931818,-0.3325272652528232,4.0931,4.1709,1.9007598152989147,0.8913697371664682,0.5203701922477626,Coherent Epitaxy (Low Strain Risk),1.149,0.769,8.489,2.851,Tier 1: Next-Gen Breakthrough
AlHg2SbCl4 / B5H12NO12,AlHg2SbCl4,B5H12NO12,0.6228222302817279,80.10697772867071,0.0264315461706832,0.6096064571963863,0.6360380033670695,75.12417466101024,89.43945188951652,1.092616997726819,5.5022,4.409599999999999,17.789162841996657,-0.568949293142359,0.0689404934687953,4.773,3.6013,24.54850199036245,0.2264605841949313,0.3940868895593628,Requires Buffer Layer (High Dislocation Risk),1.225,0.582,8.608,2.8457,Tier 2: Competitive Alternative
Ba4Sb2O / Ba2CaP4(H3O8)2,Ba4Sb2O,Ba2CaP4(H3O8)2,0.5945647673074512,82.85334734298051,0.0237900306678308,0.5826697519735358,0.6064597826413666,79.02615604330117,90.7187757763584,0.8908169977268193,5.4657,4.5749,17.581490207109955,-0.965486512007387,0.0398041487245622,4.4929,3.8994,13.20973090876716,0.4496936436366335,0.4046232011920863,Requires Buffer Layer (High Dislocation Risk),1.271,0.598,8.507,2.8444,Tier 2: Competitive Alternative
Ba2InBiSe5 / AlPO4,Ba2InBiSe5,AlPO4,0.5916234317873176,83.30390141100233,0.0298694967926689,0.5766886833909831,0.606558180183652,81.51556079046767,90.22195521504456,1.316416997726819,5.6178,4.3014,18.45154623957488,-1.657046783175429,0.0221788254986747,5.9323,4.0145,32.32810208519461,0.1414441730986268,0.2575737256200492,Requires Buffer Layer (High Dislocation Risk),1.195,0.381,8.928,2.8432,Tier 2: Competitive Alternative
Ba2YCoO5 / Ba(PO3)2,Ba2YCoO5,Ba(PO3)2,0.594026972501296,82.8538229529816,0.0158581976050624,0.5860978736987648,0.6019560713038272,77.33512928798618,91.04268527360328,1.0272169977268188,5.4349,4.4077,17.40684437120676,-0.1722971624206324,0.1142772874741929,4.7072,4.3882,6.776852481305233,0.6636505321087834,0.4699279555729607,Requires Buffer Layer (High Dislocation Risk),1.224,0.694,8.423,2.8385,Tier 2: Competitive Alternative
Ba2MnSe3 / Ba2Ca(BO2)6,Ba2MnSe3,Ba2Ca(BO2)6,0.5864428893979265,82.00344190863865,0.0161080534536033,0.5783888626711249,0.5944969161247282,76.28945605770738,90.40251087317888,1.322916997726819,5.0129,3.69,19.213913209575576,-1.3413360365539022,-0.0178319783197831,5.7412,4.1748,27.28349473977565,0.1919248419520823,0.1983248263499596,Requires Buffer Layer (High Dislocation Risk),1.025,0.293,9.297,2.8368,Tier 2: Competitive Alternative
Ba2Mn(AsO4)2 / Ba(PO3)2,Ba2Mn(AsO4)2,Ba(PO3)2,0.6536173368090903,74.80097980933027,0.0363179801770331,0.6354583467205738,0.6717763268976069,68.56398302788382,86.67597843382649,1.498186441755564,5.4349,3.9367,17.018079909020226,-0.5234260808276465,0.0641400157492315,4.5418,4.3882,3.381919062926592,0.8149682665017023,0.6577692108338626,Semi-Coherent (Moderate Strain Risk),1.094,0.972,8.235,2.8363,Tier 1: Next-Gen Breakthrough
Ba(GdTe2)2 / Ba(PO3)2,Ba(GdTe2)2,Ba(PO3)2,0.6356598470956742,78.01077945309416,0.0282484665302469,0.6215356138305508,0.6497840803607977,72.11724543392704,88.4398039067568,1.013858253812388,5.4349,4.4211,17.40684437120676,-1.1714838948809485,-0.1792087941914908,3.6815,4.3882,19.19597989949749,0.3130611362854089,0.4617712752849491,Requires Buffer Layer (High Dislocation Risk),1.228,0.682,8.423,2.8357,Tier 2: Competitive Alternative
Ba2FeMoO6 / Ba(PO3)2,Ba2FeMoO6,Ba(PO3)2,0.616683041813016,76.47205878940427,0.0150048216767388,0.6091806309746466,0.6241854526513855,67.79272879709377,87.4812471011055,1.1591169977268192,5.4349,4.2758,17.40684437120676,-0.4798484699761882,-0.3163852378502267,4.736,4.3882,7.343749999999989,0.6412750140454173,0.4922938078220046,Requires Buffer Layer (High Dislocation Risk),1.188,0.728,8.423,2.8354,Tier 2: Competitive Alternative
Ba3ThSe7 / AlPO4,Ba3ThSe7,AlPO4,0.5832705543210379,81.39588947775248,0.019234145718239,0.5736534814619184,0.5928876271801574,75.8111822940164,90.17316376044673,1.178416997726819,5.6178,4.4394,18.45154623957488,-1.1889214996863664,0.2339505338559264,6.3102,4.0145,36.38078032392001,0.1106882918437104,0.2127922156445044,Requires Buffer Layer (High Dislocation Risk),1.233,0.314,8.928,2.8354,Tier 2: Competitive Alternative
AgAs3H2O9 / AlH11SO10,AgAs3H2O9,AlH11SO10,0.6157266162823086,78.8582625535321,0.024473462491432,0.6034898850365926,0.6279633475280246,72.7626596605653,88.91056914760433,1.091616997726819,5.3941,4.3025,17.176424784435866,-0.2153479969214957,-0.2266356769320162,4.366,4.1376,5.231333027943191,0.7286981827085125,0.5402632579529864,Requires Buffer Layer (High Dislocation Risk),1.195,0.798,8.311,2.8353,Tier 2: Competitive Alternative
Ba2SiTe4 / Ba2CaP4(H3O8)2,Ba2SiTe4,Ba2CaP4(H3O8)2,0.6442432134416332,73.25035223901834,0.0360372536793011,0.6262245866019825,0.6622618402812837,66.0026300696714,85.97492823038519,1.3583169977268197,5.4657,4.1074,17.581490207109955,-1.2589667310550052,-0.2890392949311,3.4357,3.8994,13.496521815059516,0.4419583775351405,0.4846925504989721,Requires Buffer Layer (High Dislocation Risk),1.141,0.716,8.507,2.8339,Tier 2: Competitive Alternative
Ba4P3 / Ba2CaP4(H3O8)2,Ba4P3,Ba2CaP4(H3O8)2,0.5903319744296429,85.03773478075458,0.0128309511198051,0.5839164988697403,0.5967474499895454,80.0895783781333,92.19648524433944,1.001816997726819,5.4657,4.463900000000001,17.581490207109955,-1.557922520196163,0.1014583660028226,3.4569,3.8994,12.800485984552632,0.4609667326375471,0.3988060250611948,Requires Buffer Layer (High Dislocation Risk),1.24,0.589,8.507,2.8291,Tier 2: Competitive Alternative
Ba2Na2U(S2O)2 / AlPO4,Ba2Na2U(S2O)2,AlPO4,0.6300206507074906,77.17578359011351,0.0348836100585969,0.6125788456781921,0.6474624557367891,72.19675289977127,87.73376821550939,1.5081917121269697,5.6178,4.1096,17.75177749895441,-0.7637484654725206,0.151839595094413,4.7776,4.0145,15.9724547890154,0.3804754916218973,0.4349147063715817,Requires Buffer Layer (High Dislocation Risk),1.142,0.643,8.59,2.829,Tier 2: Competitive Alternative
Ba3(TaS4)2 / Ba2CaP4(H3O8)2,Ba3(TaS4)2,Ba2CaP4(H3O8)2,0.6326018821008843,78.39615985987719,0.031159054815495,0.6170223546931367,0.6481814095086318,73.36879078311121,88.46615281528825,1.000616997726819,5.4657,4.4651,17.581490207109955,-0.7191179043773601,-0.0749143356251819,5.6703,3.8994,31.23115179091053,0.1511496787168964,0.3952075386114327,Requires Buffer Layer (High Dislocation Risk),1.24,0.584,8.507,2.8273,Tier 2: Competitive Alternative
AsS(IF3)2 / Ba(AlCl4)2,AsS(IF3)2,Ba(AlCl4)2,0.6295336094575852,78.02475876835994,0.0268387371218433,0.6161142408966634,0.6429529780185068,71.89150804087102,88.46168673714375,1.426816997726819,5.3891,3.9623,17.148148571559226,-0.5051545370681731,0.1587209449057365,5.476,5.624,2.702702702702697,0.8491550238561597,0.6042606340240433,Semi-Coherent (Moderate Strain Risk),1.101,0.893,8.297,2.8272,Tier 1: Next-Gen Breakthrough
Ba2Mn3(SeO3)6 / AlH10SO9F,Ba2Mn3(SeO3)6,AlH10SO9F,0.5946859826900442,82.84661571283353,0.0211468634019298,0.5841125509890793,0.6052594143910092,78.41835082295219,90.85446981847858,1.241516997726819,5.459199999999999,4.217700000000001,17.544680452886684,0.112870908489927,-0.1254475187898618,4.477,4.1709,6.837167746258671,0.6612332356477099,0.4559008275718812,Requires Buffer Layer (High Dislocation Risk),1.172,0.674,8.489,2.8268,Tier 2: Competitive Alternative
Ba(SmTe2)2 / Ba(PO3)2,Ba(SmTe2)2,Ba(PO3)2,0.6393503902010419,77.33648811380272,0.0283976667567158,0.625151556822684,0.6535492235793998,71.06488641173289,88.12881962980676,1.051116997726819,5.4349,4.3838,17.40684437120676,-1.1858106559523771,-0.1884210046078745,3.6075,4.3882,21.641025641025653,0.2700138429043127,0.4516970233195438,Requires Buffer Layer (High Dislocation Risk),1.218,0.668,8.423,2.8264,Tier 2: Competitive Alternative
Ba2Na2U(S2O)2 / Ba2B11H7O22,Ba2Na2U(S2O)2,Ba2B11H7O22,0.6179569464016755,78.05775933333456,0.0224455725912509,0.6067341601060501,0.629179732697301,71.17878622657092,88.52129214194723,1.5081917121269697,5.6652,4.157,18.01526746145684,-0.2071377590141874,-0.1824873707000241,4.7776,3.737,21.780810448760874,0.2677399696046448,0.3567767263149528,Requires Buffer Layer (High Dislocation Risk),1.155,0.527,8.717,2.8257,Tier 2: Competitive Alternative
Au2Se3O10 / B5H12NO12,Au2Se3O10,B5H12NO12,0.636127410988109,77.1984300826556,0.0414280979852836,0.6154133619954671,0.6568414599807508,73.6739327686467,87.39573747810425,1.214816997726819,5.5022,4.2874,17.789162841996657,-0.9261251017256932,0.0643280309744834,5.3379,3.6013,32.53339328200229,0.1396982843769188,0.3814184810861353,Requires Buffer Layer (High Dislocation Risk),1.191,0.564,8.608,2.8256,Tier 2: Competitive Alternative
Ba2InSbSe5 / Ba2CaP4(H3O8)2,Ba2InSbSe5,Ba2CaP4(H3O8)2,0.6344434991775073,78.8832609862368,0.0237366167959336,0.6225751907795405,0.6463118075754741,72.60258083516258,88.99983577365127,1.0234169977268193,5.4657,4.4423,17.581490207109955,-1.1312492278217063,-0.0511671881682912,5.8583,3.8994,33.438028096888175,0.1322580024756246,0.3964388590713374,Requires Buffer Layer (High Dislocation Risk),1.234,0.586,8.507,2.8254,Tier 2: Competitive Alternative
Ba3Zr6BeCl18 / Ba2Ca(BO2)6,Ba3Zr6BeCl18,Ba2Ca(BO2)6,0.5829291213667449,76.28785255906129,0.0177744383973915,0.5740419021680492,0.5918163405654407,67.78639839872844,87.55032982607833,1.2822169977268187,5.0129,3.7307,19.213913209575576,-0.8270411207142851,-0.325113249524218,5.4707,4.1748,23.68801067505072,0.2385623336351874,0.1670920557833454,Requires Buffer Layer (High Dislocation Risk),1.036,0.247,9.297,2.8252,Tier 2: Competitive Alternative
Ba3Ta2Se9 / Ba2B11H7O22,Ba3Ta2Se9,Ba2B11H7O22,0.6256382308093151,75.73113267587331,0.0291018374217025,0.6110873120984639,0.6401891495201665,68.69745670074224,87.30475979282544,1.5010593186159011,5.6652,4.1641,18.222657761687785,-0.9941499005905248,-0.2608246679954852,6.2292,3.737,40.00834778141655,0.088876719755268,0.3026443931882423,Requires Buffer Layer (High Dislocation Risk),1.157,0.447,8.817,2.8236,Tier 2: Competitive Alternative
Ba(Ag3O2)2 / AlHSO5,Ba(Ag3O2)2,AlHSO5,0.5941761562285535,80.30906378945231,0.0259723199169992,0.5811899962700539,0.6071623161870531,75.45916992174713,89.44181889329118,1.5131445376540342,5.6943,4.1812000000000005,18.034071872126564,-1.4311986788778417,0.1487132880512771,4.1317,4.7268,14.403272260812727,0.4183662759980122,0.3417370040416985,Requires Buffer Layer (High Dislocation Risk),1.161,0.505,8.726,2.8229,Tier 2: Competitive Alternative
Ba2SmMoO6 / Ba(PO3)2,Ba2SmMoO6,Ba(PO3)2,0.6020124056472358,81.02272906537583,0.017742577422579,0.5931411169359463,0.6108836943585253,74.84843784393497,90.12405755910112,1.1639169977268191,5.4349,4.271,17.40684437120676,0.0370181465238115,-0.1805666120346523,4.736,4.3882,7.343749999999989,0.6412750140454173,0.4678018493499635,Requires Buffer Layer (High Dislocation Risk),1.186,0.691,8.423,2.8222,Tier 2: Competitive Alternative
Ba3Ta2Se9 / Ba2DyCl7,Ba3Ta2Se9,Ba2DyCl7,0.657907673454598,74.39867736244366,0.0382155745346073,0.6387998861872943,0.6770154607219017,68.24554400783826,86.46412978718769,1.5010593186159011,5.4194,3.9183,16.854206837626574,-1.2940080062194934,-0.1792358931169128,6.2292,6.0236,3.300584344699152,0.818988404905116,0.6711706812307202,Semi-Coherent (Moderate Strain Risk),1.088,0.992,8.155,2.8213,Tier 1: Next-Gen Breakthrough
Ba3SrEr2(MoO6)2 / Ba(PO3)2,Ba3SrEr2(MoO6)2,Ba(PO3)2,0.5850047415444961,81.28963366765502,0.0237768488573925,0.5731163171157998,0.5968931659731923,76.56253255288013,89.97650838772991,1.2443169977268191,5.4349,4.1906,17.40684437120676,0.1062084555238116,-0.2368634563069727,4.5112,4.3882,2.7265472601524947,0.8479309196043465,0.4773397647760202,Semi-Coherent (Moderate Strain Risk),1.164,0.705,8.423,2.8182,Tier 1: Next-Gen Breakthrough
Ba(YTe2)2 / Ba3Si2(B3O8)2,Ba(YTe2)2,Ba3Si2(B3O8)2,0.5976655235770386,83.38745568688023,0.0190827066213115,0.5881241702663829,0.6072068768876944,78.87280560281648,91.1465349669864,1.061316997726819,5.4031,4.3418,17.227122381477397,-1.3641388637169312,0.1854069740660555,3.6538,3.8989,6.708084733701897,0.6664173677702117,0.4829068259744765,Requires Buffer Layer (High Dislocation Risk),1.206,0.714,8.336,2.8161,Tier 2: Competitive Alternative
Ba(HoTe2)2 / Ba3Si2(B3O8)2,Ba(HoTe2)2,Ba3Si2(B3O8)2,0.5957096870218204,83.54754180832853,0.0188533467295514,0.5862830136570446,0.605136360386596,79.033488694532,91.27243148537208,1.0404169977268192,5.4031,4.3627,17.227122381477397,-1.3810431087169304,0.193985376028606,3.6538,3.8989,6.708084733701897,0.6664173677702117,0.4783555817654065,Requires Buffer Layer (High Dislocation Risk),1.212,0.707,8.336,2.8161,Tier 2: Competitive Alternative
Ba3Zr6BeCl18 / Ba2CaP4(H3O8)2,Ba3Zr6BeCl18,Ba2CaP4(H3O8)2,0.6498149517150371,76.41954076541019,0.0318093896413637,0.6339102568943552,0.6657196465357189,70.25665715853249,87.60387143532145,1.2822169977268187,5.4657,4.1835,17.581490207109955,-0.2749266898645301,-0.1015656746743157,5.4707,3.8994,28.72210137642349,0.1759268257337733,0.4327800537477313,Requires Buffer Layer (High Dislocation Risk),1.162,0.64,8.507,2.8155,Tier 2: Competitive Alternative
Ba2GdMoO6 / Ba(PO3)2,Ba2GdMoO6,Ba(PO3)2,0.600039831802532,81.30931372535721,0.021664888335895,0.5892073876345844,0.6108722759704794,76.10377271831004,90.1159872718096,1.1637169977268191,5.4349,4.2712,17.40684437120676,0.0596219440238106,-0.1616875819441843,4.7656,4.3882,7.919254658385087,0.6193313152043743,0.4540505353058679,Requires Buffer Layer (High Dislocation Risk),1.186,0.671,8.423,2.8151,Tier 2: Competitive Alternative
Ba2InBiSe5 / Ba2CaP4(H3O8)2,Ba2InBiSe5,Ba2CaP4(H3O8)2,0.6573151311712501,75.70572002251772,0.0326111574946235,0.6410095524239383,0.6736207099185618,69.2409891243881,87.27460563159953,1.316416997726819,5.4657,4.1493,17.581490207109955,-1.0917260000439286,0.0944014653074012,5.9323,3.8994,34.26832763009288,0.1257783784856542,0.4343240909862366,Requires Buffer Layer (High Dislocation Risk),1.153,0.642,8.507,2.8125,Tier 2: Competitive Alternative
AcFeO3 / Al2SiO5,AcFeO3,Al2SiO5,0.6287694413136282,77.20866938714065,0.0303377397818996,0.6136005714226784,0.6439383112045781,71.3132349460814,87.93534583249726,1.263816997726819,5.4454,4.1816,17.46643533343425,-0.6053303979374993,0.2132198201645303,4.5658,3.9128,14.30198431819178,0.42093786248074,0.4516421591423881,Requires Buffer Layer (High Dislocation Risk),1.162,0.667,8.452,2.8111,Tier 2: Competitive Alternative
Ba3(TaS4)2 / Ba(PO3)2,Ba3(TaS4)2,Ba(PO3)2,0.6232741010990741,80.23725204747257,0.0254219595372351,0.6105631213304565,0.6359850808676917,75.1867257489939,89.47377082729469,1.000616997726819,5.4349,4.4343,17.40684437120676,-1.1382255624890183,0.0404347924136842,5.6703,4.3882,22.61079660688147,0.2546275996629301,0.4093584624039554,Requires Buffer Layer (High Dislocation Risk),1.232,0.605,8.423,2.8101,Tier 2: Competitive Alternative
Ba(TmTe2)2 / Ba3Si2(B3O8)2,Ba(TmTe2)2,Ba3Si2(B3O8)2,0.5979068048565233,82.13230432152443,0.0181176697559167,0.5888479699785648,0.6069656397344816,76.65613798581812,90.63947736782085,1.039516997726819,5.4031,4.3636,17.227122381477397,-1.3964025180026431,0.1680722339352828,3.626,3.8989,7.52619966905681,0.6342354127506101,0.4648476847791041,Requires Buffer Layer (High Dislocation Risk),1.212,0.687,8.336,2.8092,Tier 2: Competitive Alternative
Ba(DyTe2)2 / Ba3Si2(B3O8)2,Ba(DyTe2)2,Ba3Si2(B3O8)2,0.5928652705152553,82.52690638316444,0.0182811063837887,0.583724717323361,0.6020058237071497,77.312313670104,90.81505337928098,1.041616997726819,5.4031,4.3615,17.227122381477397,-1.3730556518121708,0.1971569414192365,3.663,3.8989,6.4400764400764405,0.6773110726834647,0.464722055258968,Requires Buffer Layer (High Dislocation Risk),1.212,0.687,8.336,2.8089,Tier 2: Competitive Alternative
Ba(GdSe2)2 / Ba2Ca(BO2)6,Ba(GdSe2)2,Ba2Ca(BO2)6,0.5860687940023277,81.10173406273267,0.0190221625952952,0.5765577127046801,0.5955798752999754,75.25838950979295,90.09036959631916,1.481060739031996,5.0129,3.5319000000000003,19.213913209575576,-0.8597669850892884,0.0824768538180582,5.772,4.1748,27.67151767151767,0.1874718048285363,0.1761473953075184,Requires Buffer Layer (High Dislocation Risk),0.981,0.26,9.297,2.8078,Tier 2: Competitive Alternative
AgHg2PO4 / AlH11SO10,AgHg2PO4,AlH11SO10,0.6283521818757474,78.20570017898201,0.0367546858470742,0.6099748389522103,0.6467295247992845,74.31349361172089,88.06611837270036,1.4446169977268193,5.3941,3.949500000000001,17.176424784435866,-0.1233489268064162,-0.0947714900620331,3.9451,4.1376,4.879470735849532,0.7443767562459642,0.5603402584285614,Semi-Coherent (Moderate Strain Risk),1.097,0.828,8.311,2.8065,Tier 1: Next-Gen Breakthrough
Ba3Bi6PbSe13 / Ba2CaP4(H3O8)2,Ba3Bi6PbSe13,Ba2CaP4(H3O8)2,0.6246135823715274,80.7903235445058,0.0219778390529212,0.6136246628450668,0.6356025018979881,75.27837241920146,89.93326954660344,1.063916997726819,5.4657,4.4018,17.581490207109955,-1.434319715931106,-0.0961424871643418,5.9232,3.8994,34.167341977309555,0.1265491903817256,0.3670232693034018,Requires Buffer Layer (High Dislocation Risk),1.223,0.542,8.507,2.8057,Tier 2: Competitive Alternative
Ba(HoTe2)2 / Ba(PO3)2,Ba(HoTe2)2,Ba(PO3)2,0.6241547384608875,77.72254081414569,0.0278280754817898,0.6102407007199926,0.6380687762017825,71.61300723522086,88.28163455391227,1.0404169977268192,5.4349,4.3945,17.40684437120676,-1.2101004209523782,-0.2773239276368187,3.6538,4.3882,20.099622311018678,0.2964054051236788,0.4080680117793627,Requires Buffer Layer (High Dislocation Risk),1.221,0.603,8.423,2.805,Tier 2: Competitive Alternative
Ba4LaGe3SbSe13 / AlPO4,Ba4LaGe3SbSe13,AlPO4,0.5937218900671142,83.11205380610801,0.0229555381251337,0.5822441210045473,0.605199659129681,79.44641928916627,90.68310305953618,1.4883785721190117,5.6178,4.1294,18.32831451275617,-1.6693773812701789,0.0373419867293068,5.952,4.0145,32.55208333333333,0.1395404100813658,0.2493649489164895,Requires Buffer Layer (High Dislocation Risk),1.147,0.369,8.869,2.8049,Tier 2: Competitive Alternative
Ba4P2O / Ba2HoCl7,Ba4P2O,Ba2HoCl7,0.6637902439126098,75.57750926472787,0.0311244376006193,0.6482280251123002,0.6793524627129195,68.79845174888904,87.21231412813084,1.2965169977268192,5.4559,4.1594,17.526026148831015,-1.3592738983163273,-0.0871760350050488,3.996,6.0199,50.64814814814815,0.0466905746190621,0.4286784754253891,Requires Buffer Layer (High Dislocation Risk),1.155,0.634,8.48,2.804,Tier 2: Competitive Alternative
Ba(DyTe2)2 / Ba(PO3)2,Ba(DyTe2)2,Ba(PO3)2,0.624030755271276,76.75586467456225,0.0281775622481675,0.6099419741471922,0.6381195363953598,70.14663124601832,87.81610287674096,1.041616997726819,5.4349,4.3933,17.40684437120676,-1.2021129640476187,-0.2743040539002572,3.663,4.3882,19.79797979797981,0.3018642766237173,0.4029730747549375,Requires Buffer Layer (High Dislocation Risk),1.22,0.596,8.423,2.8022,Tier 2: Competitive Alternative
Ba2InCuO4 / Ba2YC2(O2F)3,Ba2InCuO4,Ba2YC2(O2F)3,0.6862783236058712,70.1394523994682,0.0435814553656532,0.6644875959230445,0.7080690512886978,62.27508118762925,84.39596109393499,1.3662169977268188,5.263999999999999,3.8978,16.447548766982095,-0.9698248188095252,-0.1847708964030992,4.5464,4.3614,4.069153616047873,0.7817785256971266,0.7330025879922376,Semi-Coherent (Moderate Strain Risk),1.083,1.083,7.958,2.8019,Tier 1: Next-Gen Breakthrough
Ba(ErTe2)2 / Ba3Si2(B3O8)2,Ba(ErTe2)2,Ba3Si2(B3O8)2,0.5949543885464681,82.65104924909531,0.018307620303537,0.5858005783946996,0.6041081986982366,77.50549679419744,90.8793271251872,1.0403169977268183,5.4031,4.3628,17.227122381477397,-1.384070443716933,0.1753919501237737,3.6075,3.8989,8.077616077616074,0.613425919523057,0.4493445325825885,Requires Buffer Layer (High Dislocation Risk),1.212,0.664,8.336,2.8011,Tier 2: Competitive Alternative
Ba(TbTe2)2 / Ba(PO3)2,Ba(TbTe2)2,Ba(PO3)2,0.6257020523718668,77.04087263876471,0.0270022581603776,0.612200923291678,0.6392031814520556,70.36941746543732,87.98834499576935,1.0413169977268188,5.4349,4.3936,17.40684437120676,-1.194010920833334,-0.2647487254187909,3.6075,4.3882,21.641025641025653,0.2700138429043127,0.399168345673255,Requires Buffer Layer (High Dislocation Risk),1.22,0.59,8.423,2.8003,Tier 2: Competitive Alternative
Ba3Cr2O8 / Ba2HoCl7,Ba3Cr2O8,Ba2HoCl7,0.651787966873019,75.8466424674369,0.0244890807305424,0.6395434265077478,0.6640325072382902,67.93548684437924,87.56588370765327,1.4032169977268192,5.4559,4.0527,17.526026148831015,-0.2374810371153843,-0.0806129247168555,4.8242,6.0199,24.785456656025858,0.2232372598289385,0.44350026121116,Requires Buffer Layer (High Dislocation Risk),1.126,0.655,8.48,2.7998,Tier 2: Competitive Alternative
Ba2MnTe3 / Ba(PO3)2,Ba2MnTe3,Ba(PO3)2,0.6164547962404596,82.25809484626579,0.0229886051868386,0.6049604936470403,0.627949098833879,77.82512086666425,90.56205513346092,1.0806169977268187,5.4349,4.3543,17.40684437120676,-1.5205998133210157,-0.1136577635900144,3.6507,4.3882,20.20160517161093,0.2945822249824188,0.4060945051358706,Requires Buffer Layer (High Dislocation Risk),1.21,0.6,8.423,2.7995,Tier 2: Competitive Alternative
Au2Se3O10 / Ba(AlCl4)2,Au2Se3O10,Ba(AlCl4)2,0.6055795017879237,81.02145093822834,0.0245373683680578,0.5933108176038948,0.6178481859719527,76.32817502430053,89.79085057625991,1.214816997726819,5.3891,4.1743,17.148148571559226,-1.3895139036827615,0.2148144599094458,5.3379,5.624,5.359785683508483,0.7230571358656052,0.5042556088491013,Requires Buffer Layer (High Dislocation Risk),1.16,0.745,8.297,2.799,Tier 2: Competitive Alternative
Ba2Tl2O5 / Ba2HoCl7,Ba2Tl2O5,Ba2HoCl7,0.6225444979681071,76.71940422479335,0.0195679393079852,0.6127605283141144,0.6323284676220997,68.78282786872761,87.71838685214308,1.0156169977268188,5.4559,4.4403,17.526026148831015,-0.902330088703704,-0.268112514920163,4.7113,6.0199,27.77577314117124,0.1862930560453889,0.3572281475504301,Requires Buffer Layer (High Dislocation Risk),1.233,0.528,8.48,2.7982,Tier 2: Competitive Alternative
Ba3UAgS6 / Ba(PO3)2,Ba3UAgS6,Ba(PO3)2,0.6081629282676808,80.4126096642918,0.0270865017987701,0.5946196773682957,0.6217061791670658,75.80646582106928,89.49622514367232,0.8985169977268191,5.4349,4.5364,17.40684437120676,-1.0774189069155835,-0.1957499338682655,5.6475,4.3882,22.29836210712704,0.2594864204335745,0.3639331208588047,Requires Buffer Layer (High Dislocation Risk),1.26,0.538,8.423,2.798,Tier 2: Competitive Alternative
Ba3In2O6 / Ba2CaP4(H3O8)2,Ba3In2O6,Ba2CaP4(H3O8)2,0.5998136991460922,81.89561303647103,0.021395945396631,0.5891157264477767,0.6105116718444077,76.95878613849366,90.41352884678108,1.107916997726819,5.4657,4.357799999999999,17.581490207109955,-0.059954025016045,-0.0214787277984303,4.7259,3.8994,17.48873230495779,0.3471257042844415,0.3612342353371194,Requires Buffer Layer (High Dislocation Risk),1.21,0.534,8.507,2.7978,Tier 2: Competitive Alternative
Ba(YTe2)2 / Ba(PO3)2,Ba(YTe2)2,Ba(PO3)2,0.622647767431332,77.27546326560679,0.0273282880856021,0.6089836233885308,0.636311911474133,70.81297871866927,88.08022711645135,1.061316997726819,5.4349,4.3736,17.40684437120676,-1.193196175952379,-0.2880921895006402,3.6538,4.3882,20.099622311018678,0.2964054051236788,0.3976417418890992,Requires Buffer Layer (High Dislocation Risk),1.215,0.588,8.423,2.7973,Tier 2: Competitive Alternative
Ba(TmTe2)2 / Ba(PO3)2,Ba(TmTe2)2,Ba(PO3)2,0.6221830096717258,77.10178767139877,0.0271310966793888,0.6086174613320313,0.6357485580114202,70.4917577051363,88.01220394526442,1.039516997726819,5.4349,4.3954,17.40684437120676,-1.225459830238091,-0.3029530873185603,3.626,4.3882,21.02040816326532,0.2803448871732829,0.3904120723386451,Requires Buffer Layer (High Dislocation Risk),1.221,0.577,8.423,2.796,Tier 2: Competitive Alternative
Ba(ErTe2)2 / Ba(PO3)2,Ba(ErTe2)2,Ba(PO3)2,0.6237554840521388,76.54247989119558,0.0284115075543158,0.6095497302749808,0.6379612378292967,69.85729823419288,87.70422186681765,1.0403169977268183,5.4349,4.3946000000000005,17.40684437120676,-1.213127755952381,-0.2957720839211759,3.6075,4.3882,21.641025641025653,0.2700138429043127,0.3885303819990087,Requires Buffer Layer (High Dislocation Risk),1.221,0.574,8.423,2.7949,Tier 2: Competitive Alternative
Ba(TbTe2)2 / Ba3Si2(B3O8)2,Ba(TbTe2)2,Ba3Si2(B3O8)2,0.5926834960000081,81.75112792942005,0.0198286524195512,0.5827691697902325,0.6025978222097838,76.43024149174865,90.37962931547818,1.0413169977268188,5.4031,4.361800000000001,17.227122381477397,-1.3649536085978862,0.2067495070842313,3.6075,3.8989,8.077616077616074,0.613425919523057,0.4345833409690965,Requires Buffer Layer (High Dislocation Risk),1.212,0.642,8.336,2.7934,Tier 2: Competitive Alternative
Ba2Na2U(S2O)2 / Ba2Ca(BO2)6,Ba2Na2U(S2O)2,Ba2Ca(BO2)6,0.6013918010519554,78.43711900758946,0.0221886568812438,0.5902974726113336,0.6124861294925774,71.69741559364893,88.7366386021474,1.5081917121269697,5.0129,3.5047,18.48523195574016,-0.7505421131907752,0.0377493080720176,4.7776,4.1748,12.61721366376422,0.4661063618170098,0.3188308615729949,Requires Buffer Layer (High Dislocation Risk),0.974,0.471,8.944,2.7904,Tier 2: Competitive Alternative
Ba(LuTe2)2 / Ba3Si2(B3O8)2,Ba(LuTe2)2,Ba3Si2(B3O8)2,0.6231098459868589,78.96347664039656,0.0358437478035712,0.6051879720850732,0.6410317198886445,75.38513919076745,88.41295154506744,1.3820169977268193,5.4031,4.021100000000001,17.227122381477397,-1.4141125189550268,0.1335704160553082,3.6075,3.8989,8.077616077616074,0.613425919523057,0.5020839827397553,Requires Buffer Layer (High Dislocation Risk),1.117,0.742,8.336,2.7904,Tier 2: Competitive Alternative
Ba3TaAs3O / Ba2HoCl7,Ba3TaAs3O,Ba2HoCl7,0.6547668426981577,77.2989990549471,0.0289771194353672,0.6402782829804741,0.6692554024158414,71.10353871567617,88.10794970980584,1.3373169977268191,5.4559,4.1186,17.526026148831015,-1.3287489028333344,0.0657504977419511,4.0931,6.0199,47.07434462876549,0.057960249894461,0.4074317303865918,Requires Buffer Layer (High Dislocation Risk),1.144,0.602,8.48,2.7884,Tier 2: Competitive Alternative
Ba4Li(BiO4)3 / Ba2HoCl7,Ba4Li(BiO4)3,Ba2HoCl7,0.590544948082847,82.07139755223885,0.0187537760741232,0.5811680600457854,0.5999218361199086,76.74854127411812,90.53138409237889,0.8215169977268192,5.4559,4.6344,17.526026148831015,-0.6709533468333335,-0.0772052477127568,4.7656,6.0199,26.31987577639751,0.2034464437377747,0.295816847485069,Requires Buffer Layer (High Dislocation Risk),1.287,0.437,8.48,2.788,Tier 2: Competitive Alternative
Ba2MnSe3 / Ba2CaP4(H3O8)2,Ba2MnSe3,Ba2CaP4(H3O8)2,0.6414443004530997,76.24200583998503,0.0305293987162038,0.6261796010949978,0.6567089998112017,69.73638034676183,87.54947388960909,1.322916997726819,5.4657,4.1428,17.581490207109955,-0.7892216057041472,0.1743265424350681,5.7412,3.8994,32.0804013098307,0.1435798030929498,0.3845231042464791,Requires Buffer Layer (High Dislocation Risk),1.151,0.568,8.507,2.786,Tier 2: Competitive Alternative
Ba3UFe2O9 / Ba3Si2(B3O8)2,Ba3UFe2O9,Ba3Si2(B3O8)2,0.6192276169551941,80.30371568915047,0.0222336183909257,0.6081108077597313,0.630344426150657,74.57508159260357,89.68443315364408,1.0506169977268185,5.4031,4.3525,17.227122381477397,-0.2638575747407423,-0.1827685238368753,4.736,3.8989,17.67525337837838,0.3432305742961026,0.4214511731524445,Requires Buffer Layer (High Dislocation Risk),1.209,0.623,8.336,2.7855,Tier 2: Competitive Alternative
Al4InAgSe8 / Ba2CaP4(H3O8)2,Al4InAgSe8,Ba2CaP4(H3O8)2,0.6327944115947985,80.25101979895366,0.0266569093238969,0.61946595693285,0.646122866256747,75.38199414596738,89.51570856071079,1.4118169977268191,5.4657,4.0539000000000005,17.581490207109955,-1.568305538644292,-0.0469424504797849,5.1826,3.8994,24.7597730868676,0.223584408009112,0.4023794790930634,Requires Buffer Layer (High Dislocation Risk),1.126,0.595,8.507,2.7854,Tier 2: Competitive Alternative
AgAuCl4 / B5H12NO12,AgAuCl4,B5H12NO12,0.6013820820000703,80.4436821363029,0.0231696431333567,0.5897972604333919,0.6129669035667487,75.0439697752543,89.65951547338251,1.096016997726819,5.5022,4.4062,17.789162841996657,-1.0576938270833345,0.1884617130407153,5.513,3.6013,34.676219844005075,0.1227124702300971,0.276223003815957,Requires Buffer Layer (High Dislocation Risk),1.224,0.408,8.608,2.7844,Tier 2: Competitive Alternative
Ba2Ge2Se5 / BPH4NO4F,Ba2Ge2Se5,BPH4NO4F,0.6176737780205857,77.91910980431886,0.0333342151480221,0.6010066704465746,0.6343408855945968,73.13827791009994,88.07382047041808,1.5466208727092796,5.822624664282443,4.276,17.78693397585313,-0.5036397223487104,-0.0776426566884938,5.8789,3.6476,37.95437922060249,0.1006365323257359,0.301237699561458,Requires Buffer Layer (High Dislocation Risk),1.188,0.445,8.607,2.7826,Tier 2: Competitive Alternative
Ba4GeP4 / Ba2CaP4(H3O8)2,Ba4GeP4,Ba2CaP4(H3O8)2,0.612402495037776,81.68517659212186,0.0340113699862468,0.5953968100446525,0.6294081800308994,79.62836094331946,89.49407808778774,1.2698169977268188,5.4657,4.1959,17.581490207109955,-1.6445980086343723,0.0075073285826641,3.1943,3.8994,22.073693767022505,0.2630375522162458,0.3620514601284269,Requires Buffer Layer (High Dislocation Risk),1.166,0.535,8.507,2.7803,Tier 2: Competitive Alternative
Ba2FeMoO6 / Ba3Si2(B3O8)2,Ba2FeMoO6,Ba3Si2(B3O8)2,0.6286411135466707,77.95385042218746,0.0368574344792665,0.6102123963070375,0.6470698307863041,73.91226088911499,87.96169881910507,1.1591169977268192,5.4031,4.244,17.227122381477397,-0.6507911577407404,0.167813383600377,4.736,3.8989,17.67525337837838,0.3432305742961026,0.4319309855110385,Requires Buffer Layer (High Dislocation Risk),1.179,0.638,8.336,2.7789,Tier 2: Competitive Alternative
Ba3Ta2Se9 / AlPO4,Ba3Ta2Se9,AlPO4,0.6088772148932817,81.74534702981384,0.0254739308872254,0.596140249449669,0.6216141803368945,77.63055734258838,90.13375316833768,1.5010593186159011,5.6178,4.1167,17.956134524073118,-1.550760607048858,0.0720237083100541,6.2292,4.0145,35.55352212162075,0.1163691179774043,0.2872052305282168,Requires Buffer Layer (High Dislocation Risk),1.144,0.424,8.688,2.7781,Tier 2: Competitive Alternative
Ba2Ni(PO4)2 / Ba2YC2(O2F)3,Ba2Ni(PO4)2,Ba2YC2(O2F)3,0.6289860372144427,78.61940881578506,0.0276750757605116,0.6151484993341869,0.6428235750946986,72.99287764635791,88.72139472463549,1.1930169977268188,5.263999999999999,4.071,16.447548766982095,-0.2771197025824174,0.0905919921395234,4.4076,4.3614,1.0481894908794056,0.938553457316208,0.6489951610068896,Coherent Epitaxy (Low Strain Risk),1.131,0.959,7.958,2.7776,Tier 1: Next-Gen Breakthrough
Al(SeCl)4 / B5H12NO12,Al(SeCl)4,B5H12NO12,0.6187595795784112,78.88277145493105,0.0289515697091258,0.6042837947238483,0.6332353644329741,73.74609739436724,88.72318630820152,1.3592169977268191,5.5022,4.143000000000001,17.789162841996657,-0.8002668490972153,0.2003861935795317,5.328,3.6013,32.40803303303304,0.1407618253917744,0.316208771514356,Requires Buffer Layer (High Dislocation Risk),1.151,0.467,8.608,2.7758,Tier 2: Competitive Alternative
Ba3NbAs3O / Ba2HoCl7,Ba3NbAs3O,Ba2HoCl7,0.6474123621793022,77.10011975686943,0.0293992299830492,0.6327127471877776,0.6621119771708268,70.88791028326357,87.98301201267267,1.323916997726819,5.4559,4.132,17.526026148831015,-1.3533320693750008,0.0964181994191675,4.0931,6.0199,47.07434462876549,0.057960249894461,0.3795202974398202,Requires Buffer Layer (High Dislocation Risk),1.148,0.561,8.48,2.7755,Tier 2: Competitive Alternative
Ba3Zr2S7 / Ba2CaP4(H3O8)2,Ba3Zr2S7,Ba2CaP4(H3O8)2,0.6080239709657208,80.30356230613394,0.0247089174840067,0.5956695122237174,0.6203784297077242,75.12205989527232,89.55403270053401,1.082816997726819,5.4657,4.3829,17.581490207109955,-0.4124488779895303,0.1612859065915261,5.6641,3.8994,31.15587648523155,0.151839607761954,0.3093588985385938,Requires Buffer Layer (High Dislocation Risk),1.217,0.457,8.507,2.7738,Tier 2: Competitive Alternative
Ba4P2O / Ba2DyCl7,Ba4P2O,Ba2DyCl7,0.6647946186820521,74.96266966392807,0.0319909490227413,0.6487991441706814,0.6807900931934228,67.95861221233572,86.92148852277437,1.2965169977268192,5.4194,4.1229000000000005,17.31921624773407,-1.3626146179829928,-0.0968007955565257,3.996,6.0236,50.74074074074074,0.0464297521636123,0.4251743309526602,Requires Buffer Layer (High Dislocation Risk),1.145,0.628,8.38,2.7731,Tier 2: Competitive Alternative
Ba2PuZnO6 / Ba3Si2(B3O8)2,Ba2PuZnO6,Ba3Si2(B3O8)2,0.593628983915023,83.66063770877699,0.0182003026682198,0.584528832580913,0.6027291352491329,79.1142368839823,91.30878918974749,0.9139169977268192,5.4031,4.4892,17.227122381477397,-0.2881899568657422,-0.0695892363895571,4.6953,3.8989,16.961642493557385,0.3583735607396401,0.3650333148935061,Requires Buffer Layer (High Dislocation Risk),1.247,0.539,8.336,2.7715,Tier 2: Competitive Alternative
AgRh(SO4)2 / Ba2HoCl7,AgRh(SO4)2,Ba2HoCl7,0.6342277966680593,78.4477704447113,0.028469688907261,0.6199929522144287,0.6484626411216898,72.8955193776532,88.5976827365996,1.4293169977268192,5.4559,4.0266,17.526026148831015,-1.404378066111113,0.1148363383499726,4.8311,6.0199,24.60723230734201,0.2256573558845285,0.3940137355885507,Requires Buffer Layer (High Dislocation Risk),1.118,0.582,8.48,2.7713,Tier 2: Competitive Alternative
Ba3In2O6 / Ba2YC2(O2F)3,Ba3In2O6,Ba2YC2(O2F)3,0.6563958489906039,75.20006403566815,0.0388609679843755,0.6369653649984162,0.6758263329827917,69.68651776875048,86.79461873855492,1.107916997726819,5.263999999999999,4.1561,16.447548766982095,-0.6931767447943726,-0.0166742859892687,4.7259,4.3614,7.712816606360703,0.6271149607453403,0.6177673336470574,Requires Buffer Layer (High Dislocation Risk),1.154,0.913,7.958,2.7709,Tier 2: Competitive Alternative
Ba2Zr6BCl17 / Ba2CaP4(H3O8)2,Ba2Zr6BCl17,Ba2CaP4(H3O8)2,0.6246742175976698,79.40559772167973,0.0163716648428178,0.6164883851762609,0.6328600500190787,72.08824293361435,89.366231045098,1.3409169977268192,5.4657,4.1248000000000005,17.581490207109955,-0.2370177025888891,0.135133824670287,5.4162,3.8994,28.004874266090617,0.1837287317624892,0.3567914106659548,Requires Buffer Layer (High Dislocation Risk),1.146,0.527,8.507,2.7697,Tier 2: Competitive Alternative
Ba4Li(BiO4)3 / Ba2DyCl7,Ba4Li(BiO4)3,Ba2DyCl7,0.5941889366813271,83.2598678330694,0.0141647000163984,0.5871065866731279,0.6012712866895263,77.6417437602174,91.27058436285624,0.8215169977268192,5.4194,4.5979,17.31921624773407,-0.674294066499999,-0.0857565410296005,4.7656,6.0236,26.39751552795031,0.2024930549754937,0.3142815082029474,Requires Buffer Layer (High Dislocation Risk),1.277,0.464,8.38,2.7685,Tier 2: Competitive Alternative
Ba3Cr2O8 / Ba2DyCl7,Ba3Cr2O8,Ba2DyCl7,0.6525304442859087,75.30433443555907,0.0276547011620917,0.6387030937048628,0.6663577948669546,67.66436448148508,87.22780093662004,1.4032169977268192,5.4194,4.0162,17.31921624773407,-0.2408217567820498,-0.0904337433394751,4.8242,6.0236,24.862153310393428,0.2222038055404,0.4392139830960145,Requires Buffer Layer (High Dislocation Risk),1.116,0.649,8.38,2.7685,Tier 2: Competitive Alternative
Ba2Tl2O5 / Ba2DyCl7,Ba2Tl2O5,Ba2DyCl7,0.6211130544001505,77.77712425890604,0.0185433166145585,0.6118413960928712,0.6303847127074298,70.46223569427326,88.0310031323681,1.0156169977268188,5.4194,4.4038,17.31921624773407,-0.9056708083703696,-0.2786230074026976,4.7113,6.0236,27.85430772822789,0.1854100134078482,0.3557453431384704,Requires Buffer Layer (High Dislocation Risk),1.223,0.526,8.38,2.7684,Tier 2: Competitive Alternative
Ba2Ni(PO4)2 / Ba3Tm(BO2)9,Ba2Ni(PO4)2,Ba3Tm(BO2)9,0.6412342868588524,77.1854551971843,0.0298879136838234,0.6262903300169407,0.6561782437007642,71.12769633886428,87.99918453586429,1.1930169977268188,5.2676,4.0746,16.467591779378182,-0.2204753401169799,-0.0303833505129338,4.4076,4.2233,4.181413921408484,0.7764868727170277,0.6241977021940451,Semi-Coherent (Moderate Strain Risk),1.132,0.922,7.968,2.7676,Tier 1: Next-Gen Breakthrough
Ba2V3HO9 / Ba2HoCl7,Ba2V3HO9,Ba2HoCl7,0.5968070711568714,82.7749559785192,0.0199566680336661,0.5868287371400384,0.6067854051737045,78.05655975982037,90.86445276814948,0.9943169977268193,5.4559,4.4616,17.526026148831015,-0.1498507914166662,-0.1376636184328492,4.6127,6.0199,30.50707828386844,0.1579181787385545,0.2927921490190581,Requires Buffer Layer (High Dislocation Risk),1.239,0.433,8.48,2.7673,Tier 2: Competitive Alternative
Ba2Tl2O5 / Ba2YC2(O2F)3,Ba2Tl2O5,Ba2YC2(O2F)3,0.6372230878780536,79.02169963315458,0.0264962987201624,0.6239749385179724,0.6504712372381348,73.37762370280113,88.96731557019189,1.0156169977268188,5.263999999999999,4.2484,16.447548766982095,-1.2303253458465613,0.0217493644666227,4.7113,4.3614,7.426824867870861,0.6380600329659207,0.5834591360249305,Requires Buffer Layer (High Dislocation Risk),1.18,0.862,7.958,2.7635,Tier 2: Competitive Alternative
Ba2InSbSe5 / Ba(PO3)2,Ba2InSbSe5,Ba(PO3)2,0.5969817913512405,84.43957539138482,0.014781285535666,0.5895911485834074,0.6043724341190735,79.580980382354,91.8318727267038,1.0234169977268193,5.4349,4.4115,17.40684437120676,-1.5503568859333647,0.064943896633798,5.8583,4.3882,25.09431063619138,0.2191046534904656,0.323875507730142,Requires Buffer Layer (High Dislocation Risk),1.225,0.479,8.423,2.7634,Tier 2: Competitive Alternative
Ba3In2O6 / Ba3Tm(BO2)9,Ba3In2O6,Ba3Tm(BO2)9,0.6627954800556908,74.23318341779847,0.0388213374551831,0.6433848113280992,0.6822061487832823,68.07468694010869,86.38813315882831,1.107916997726819,5.2676,4.1597,16.467591779378182,-0.636532382328935,-0.1350818568646777,4.7259,4.2233,10.63501132059502,0.5254931179757436,0.5970517809120467,Requires Buffer Layer (High Dislocation Risk),1.155,0.882,7.968,2.7631,Tier 2: Competitive Alternative
Ba3In2O6 / Ba2HoCl7,Ba3In2O6,Ba2HoCl7,0.6089896673790436,77.70401492231436,0.018835534583065,0.599571900087511,0.6184074346705761,69.94933524770184,88.44208160674958,1.107916997726819,5.4559,4.348,17.526026148831015,-0.3651814876515153,-0.3109935602575897,4.7259,6.0199,27.381027952347694,0.1907956743937881,0.3071417956980535,Requires Buffer Layer (High Dislocation Risk),1.208,0.454,8.48,2.7621,Tier 2: Competitive Alternative
Ba(SbSe2)2 / Ba2CaP4(H3O8)2,Ba(SbSe2)2,Ba2CaP4(H3O8)2,0.6172736019155309,78.7678908556485,0.0307282052737902,0.6019094992786358,0.6326377045524261,73.9284886505477,88.60154943417356,1.2519169977268187,5.4657,4.2138,17.581490207109955,-1.4961079906681014,-0.253168161754236,5.698,3.8994,31.56546156546157,0.1481232732254457,0.3184157470555219,Requires Buffer Layer (High Dislocation Risk),1.17,0.471,8.507,2.7597,Tier 2: Competitive Alternative
AgRh(SO4)2 / AlH10SO9F,AgRh(SO4)2,AlH10SO9F,0.6084853227071696,76.36155052979849,0.0042182849255789,0.6063761802443801,0.6105944651699591,66.80598945808936,86.56407021225016,1.4293169977268192,5.459199999999999,4.0299,17.544680452886684,-0.2640890886679301,-0.3253430606218517,4.8311,4.1709,13.665624805944828,0.4374598710263475,0.3634470012697667,Requires Buffer Layer (High Dislocation Risk),1.119,0.537,8.489,2.7581,Tier 2: Competitive Alternative
Ba2Tl2O5 / Ba3Tm(BO2)9,Ba2Tl2O5,Ba3Tm(BO2)9,0.6446681523582645,77.92738995560516,0.0264120996583558,0.6314621025290865,0.6578742021874424,71.61212420240511,88.47078136423038,1.0156169977268188,5.2676,4.252,16.467591779378182,-1.1736809833811237,-0.0941204139228598,4.7113,4.2233,10.35807526585018,0.5343717326847611,0.5650220560271569,Requires Buffer Layer (High Dislocation Risk),1.181,0.835,7.968,2.7567,Tier 2: Competitive Alternative
Ba2Ge2Se5 / Al(PO3)3,Ba2Ge2Se5,Al(PO3)3,0.5995299512639906,80.86331933851106,0.0219266603369685,0.5885666210955063,0.6104932814324748,75.46290140404372,89.88936014797922,1.5466208727092796,5.8176,4.2709,17.760188805062697,-1.4545823117565255,0.0022243555222552,5.8789,3.7814,35.67844324618551,0.1154929469336689,0.2583239847206187,Requires Buffer Layer (High Dislocation Risk),1.186,0.382,8.594,2.7566,Tier 2: Competitive Alternative
Ba3TaAs3O / Ba2DyCl7,Ba3TaAs3O,Ba2DyCl7,0.655627129162956,76.23932826677809,0.0330132527327822,0.6391205027965648,0.6721337555293471,70.18789354606795,87.49643559750417,1.3373169977268191,5.4194,4.0821,17.31921624773407,-1.3320896224999998,0.057396928051738,4.0931,6.0236,47.16474066111262,0.057644132812431,0.4003291030367381,Requires Buffer Layer (High Dislocation Risk),1.134,0.592,8.38,2.7557,Tier 2: Competitive Alternative
AgHg2AsO4 / Ba(AlCl4)2,AgHg2AsO4,Ba(AlCl4)2,0.6297963227049395,79.37683800632004,0.030507788428194,0.6145424284908425,0.6450502169190365,74.80361914770603,88.94568602232515,0.9995169977268192,5.3891,4.3896,17.148148571559226,-1.2411205412973452,-0.0676599234554401,4.1625,5.624,35.111111111111114,0.1195258967095257,0.3732051777762031,Requires Buffer Layer (High Dislocation Risk),1.219,0.552,8.297,2.7551,Tier 2: Competitive Alternative
Ba4Sb2O / Ba2HoCl7,Ba4Sb2O,Ba2HoCl7,0.5854426764148324,82.59630273930229,0.0161624573942265,0.5773614477177191,0.5935239051119456,77.13658162602293,90.76980365083747,0.8908169977268193,5.4559,4.5651,17.526026148831015,-1.2707139746428573,-0.2358108256117062,4.4929,6.0199,33.98695719913642,0.1279378204854861,0.2459625316108869,Requires Buffer Layer (High Dislocation Risk),1.268,0.363,8.48,2.7545,Tier 2: Competitive Alternative
Ba4LaGe3SbSe13 / Ba2CaP4(H3O8)2,Ba4LaGe3SbSe13,Ba2CaP4(H3O8)2,0.6462634812270562,76.88141599442476,0.0324129310147313,0.6300570157196906,0.6624699467344219,71.19428140042514,87.71940907510405,1.4883785721190117,5.4657,3.977300000000001,17.4640692945134,-1.1040565981386783,0.1132677947351218,5.952,3.8994,34.48588709677419,0.1241336874728937,0.3861068439646234,Requires Buffer Layer (High Dislocation Risk),1.105,0.571,8.45,2.7542,Tier 2: Competitive Alternative
Ba2Mn(AsO4)2 / Ba2CaP4(H3O8)2,Ba2Mn(AsO4)2,Ba2CaP4(H3O8)2,0.6313135917827306,77.89115796382247,0.0334045123227595,0.6146113356213508,0.6480158479441104,73.09298076835815,88.0730063624061,1.498186441755564,5.4657,3.9675,17.18882520482436,-0.1043184227159881,-0.06586011342155,4.5418,3.8994,14.14417191421904,0.4249760771034993,0.4498821425355638,Requires Buffer Layer (High Dislocation Risk),1.102,0.665,8.317,2.7528,Tier 2: Competitive Alternative
AuCl2 / B5H12NO12,AuCl2,B5H12NO12,0.5893955121001848,80.9486437200473,0.0174480472927999,0.5806714884537849,0.5981195357465848,74.70033557984621,90.07190571897078,1.164716997726819,5.5022,4.3375,17.789162841996657,-1.1722689490277762,0.2589279538904899,5.513,3.6013,34.676219844005075,0.1227124702300971,0.2289849891982163,Requires Buffer Layer (High Dislocation Risk),1.205,0.338,8.608,2.7523,Tier 2: Competitive Alternative
AcFeO3 / Al11TlO17,AcFeO3,Al11TlO17,0.6532077807694341,76.06892933339239,0.0421898514926187,0.6321128550231248,0.6743027065157435,71.85103478796665,86.9882288217072,1.263816997726819,5.323600000000001,4.0598,16.780212773097965,-0.4435167744568944,-0.0685748066407211,4.5658,3.8927,14.742213850803806,0.4098746335078482,0.5215924924068438,Requires Buffer Layer (High Dislocation Risk),1.128,0.771,8.119,2.7507,Tier 2: Competitive Alternative
Ba2SiTe4 / Ba(PO3)2,Ba2SiTe4,Ba(PO3)2,0.6268948538268542,79.9923888942582,0.0295422984614651,0.6121237045961215,0.6416660030575867,75.74165424296723,89.11331834870914,1.3583169977268197,5.4349,4.0766,17.40684437120676,-1.6780743891666636,-0.1651866751704852,3.4357,4.3882,27.72360799837006,0.1868819240218971,0.366396210114618,Requires Buffer Layer (High Dislocation Risk),1.132,0.541,8.423,2.7481,Tier 2: Competitive Alternative
Ba3NbAs3O / Ba2DyCl7,Ba3NbAs3O,Ba2DyCl7,0.6496789268796177,76.26104520908031,0.0308329777777632,0.634262437990736,0.6650954157684993,69.81181727721206,87.56259489421882,1.323916997726819,5.4194,4.0955,17.31921624773407,-1.3566727890416663,0.0883652789647173,4.0931,6.0236,47.16474066111262,0.057644132812431,0.3792102603948178,Requires Buffer Layer (High Dislocation Risk),1.138,0.56,8.38,2.7463,Tier 2: Competitive Alternative
Ba2Cu2O5 / Ba(AlCl4)2,Ba2Cu2O5,Ba(AlCl4)2,0.6142964242247287,78.6217027466094,0.030599998798104,0.5989964248256767,0.6295964236237808,73.67815804470051,88.52877954376963,1.025516997726819,5.3891,4.3636,17.148148571559226,-0.3693470454292924,-0.2612521771014758,4.588,5.624,22.580645161290317,0.2550925056742023,0.358973396046641,Requires Buffer Layer (High Dislocation Risk),1.212,0.531,8.297,2.7449,Tier 2: Competitive Alternative
AgRh(SO4)2 / Ba2DyCl7,AgRh(SO4)2,Ba2DyCl7,0.6386023428585657,77.19011971825662,0.0325570188573265,0.6223238334299024,0.6548808522872289,71.68078926046707,87.89475415209718,1.4293169977268192,5.4194,3.9901,17.31921624773407,-1.4077187857777784,0.1067391794691862,4.8311,6.0236,24.683819420007865,0.2246141865809598,0.3984970446139342,Requires Buffer Layer (High Dislocation Risk),1.108,0.589,8.38,2.7445,Tier 2: Competitive Alternative
AlCuGeSe4 / Ba2CaP4(H3O8)2,AlCuGeSe4,Ba2CaP4(H3O8)2,0.5826726169994607,85.91399960178117,0.0208864540589773,0.572229389969972,0.5931158440289493,83.27301787154082,92.22041689492345,1.1459169977268189,5.4657,4.319800000000001,17.581490207109955,-1.8187630492395308,-0.0176860039816658,5.3016,3.8994,26.448619284744225,0.2018679583752224,0.2661150052245786,Requires Buffer Layer (High Dislocation Risk),1.2,0.393,8.507,2.7444,Tier 2: Competitive Alternative
Ba4Sb2O / Ba2DyCl7,Ba4Sb2O,Ba2DyCl7,0.5989609273835522,80.89106070478199,0.0218729505828252,0.5880244520921396,0.6098974026749648,75.4803439338041,89.91956143223523,0.8908169977268193,5.4194,4.5286,17.31921624773407,-1.2740546943095228,-0.2457713200547631,4.4929,6.0236,34.06930935475974,0.1273019804795304,0.2819223630940795,Requires Buffer Layer (High Dislocation Risk),1.258,0.417,8.38,2.7441,Tier 2: Competitive Alternative
Ba(GdTe2)2 / Ba3B6O11F2,Ba(GdTe2)2,Ba3B6O11F2,0.6349854334732596,79.29541880683752,0.0257942113781571,0.6220883277841811,0.6478825391623383,73.66264405506445,89.12722997968656,1.013858253812388,5.252710526336427,4.2389,16.384847293223228,-1.3978770714502138,-0.0824978178300973,3.6815,3.991,8.406899361673227,0.6013263913688008,0.5622309102934255,Requires Buffer Layer (High Dislocation Risk),1.177,0.831,7.928,2.7438,Tier 2: Competitive Alternative
Ba2V3HO9 / Ba2DyCl7,Ba2V3HO9,Ba2DyCl7,0.6007860789242068,82.53752856031772,0.0218095440600919,0.5898813068941607,0.6116908509542527,78.08730793028475,90.66823054204755,0.9943169977268193,5.4194,4.4251000000000005,17.31921624773407,-0.1531915110833317,-0.1470475243497322,4.6127,6.0236,30.587291607951958,0.1571536731817683,0.3028565709972121,Requires Buffer Layer (High Dislocation Risk),1.229,0.448,8.38,2.7434,Tier 2: Competitive Alternative
Ba2Zr6BCl17 / Ba(PO3)2,Ba2Zr6BCl17,Ba(PO3)2,0.6162840267631919,76.19592893270074,0.0244464106095154,0.6040608214584342,0.6285072320679497,68.60542714792602,87.6052203477326,1.3409169977268192,5.4349,4.093999999999999,17.40684437120676,-0.6561253607005475,0.2616511968734733,5.4162,4.3882,18.98009674679664,0.3171768249586069,0.3513435027999607,Requires Buffer Layer (High Dislocation Risk),1.137,0.519,8.423,2.7423,Tier 2: Competitive Alternative
Ba2YCoO5 / Ba2YC2(O2F)3,Ba2YCoO5,Ba2YC2(O2F)3,0.6263378534933739,79.02876089141067,0.027002668460515,0.6128365192631163,0.6398391877236314,73.52434132074457,88.91960036277611,1.0272169977268188,5.263999999999999,4.236800000000001,16.447548766982095,-0.3864122240873016,0.003351586102719,4.7072,4.3614,7.346193065941548,0.6411802370825354,0.5428152784575758,Requires Buffer Layer (High Dislocation Risk),1.177,0.802,7.958,2.7411,Tier 2: Competitive Alternative
AlHg2SbCl4 / Ba(AlCl4)2,AlHg2SbCl4,Ba(AlCl4)2,0.606002690271386,79.65529694876555,0.0240398397146475,0.5939827704140622,0.6180226101287097,73.99059416254804,89.24413649587524,1.092616997726819,5.3891,4.2965,17.148148571559226,-1.0323380950994272,0.2152682415919935,4.773,5.624,17.829457364341085,0.3400433496452425,0.3615180873111651,Requires Buffer Layer (High Dislocation Risk),1.193,0.534,8.297,2.7388,Tier 2: Competitive Alternative
Ba4Sb2O / Ba3Tm(BO2)9,Ba4Sb2O,Ba3Tm(BO2)9,0.5954368889805686,84.68207239630193,0.0199322492314252,0.5854707643648559,0.6054030135962811,81.07973259639843,91.728876461279,0.8908169977268193,5.2676,4.3768,16.467591779378182,-1.542064869320277,-0.0653902394443429,4.4929,4.2233,6.000578690823291,0.6955620808915044,0.4972595319592821,Requires Buffer Layer (High Dislocation Risk),1.216,0.735,7.968,2.7356,Tier 2: Competitive Alternative
Ba2InCuO4 / Al2Pb3F12,Ba2InCuO4,Al2Pb3F12,0.6731694258198906,72.71631367827845,0.0435364030853216,0.6514012242772297,0.6949376273625514,66.5776608700688,85.47478297169123,1.3662169977268188,5.2252,3.859,16.232185176768496,-1.020414262843138,0.0072039388442601,4.5464,4.2594,6.312686961112086,0.6825513196338007,0.6605655869129086,Requires Buffer Layer (High Dislocation Risk),1.072,0.976,7.854,2.734,Tier 2: Competitive Alternative
Ba3Zr2S7 / Ba(PO3)2,Ba3Zr2S7,Ba(PO3)2,0.5920867190553043,79.33405764438416,0.0201338728763608,0.582019782617124,0.6021536554934848,72.74957710954364,89.17878320079052,1.082816997726819,5.4349,4.3521,17.40684437120676,-0.8315565361011887,0.2804852829668435,5.6641,4.3882,22.52608534453841,0.2559359238368387,0.2797133167181019,Requires Buffer Layer (High Dislocation Risk),1.209,0.413,8.423,2.7339,Tier 2: Competitive Alternative
Ag2PHO4 / Al(PO3)3,Ag2PHO4,Al(PO3)3,0.5864250294792454,78.28746070773288,0.024808429665567,0.5740208146464618,0.5988292443120289,72.1225353390168,88.43558080812116,1.5818709676048333,5.8176,4.2357000000000005,16.827251212719496,-1.2677115481553365,0.2215218263805274,3.9451,3.7814,4.149451217966591,0.7779898519250299,0.4394014378552735,Semi-Coherent (Moderate Strain Risk),1.177,0.649,8.142,2.7335,Tier 1: Next-Gen Breakthrough
Ba2InCuO4 / Ba3Tm(BO2)9,Ba2InCuO4,Ba3Tm(BO2)9,0.662099574470156,69.97091770400101,0.0339235772167618,0.6451377858617751,0.6790613630785369,60.27688653781888,84.57897797529455,1.3662169977268188,5.2676,3.9014,16.467591779378182,-0.9131804563440876,-0.3108627672117701,4.5464,4.2233,7.106721801865215,0.6505372825352423,0.591558764872718,Requires Buffer Layer (High Dislocation Risk),1.084,0.874,7.968,2.7315,Tier 2: Competitive Alternative
Ba(DyTe2)2 / Ba3B6O11F2,Ba(DyTe2)2,Ba3B6O11F2,0.6328388973738561,79.20190544004272,0.0244089193011713,0.6206344377232704,0.6450433570244418,73.2408686625621,89.12614556497547,1.041616997726819,5.252710526336427,4.2111,16.384847293223228,-1.428506140616884,-0.1810690793379402,3.663,3.991,8.954408954408963,0.5817341388362156,0.5438315453622313,Requires Buffer Layer (High Dislocation Risk),1.17,0.804,7.928,2.7312,Tier 2: Competitive Alternative
Ag2PHO4 / BPH4NO4F,Ag2PHO4,BPH4NO4F,0.5952451644923351,79.5314032104438,0.0248628844549406,0.5828137222648648,0.6076766067198055,73.98409482503057,89.13430553652103,1.5818709676048333,5.822624664282443,4.2407,16.85259146740696,-0.3167689587475211,0.1407079019973117,3.9451,3.6476,7.541000228131097,0.6336677510993092,0.4268234554325151,Requires Buffer Layer (High Dislocation Risk),1.178,0.631,8.154,2.7306,Tier 2: Competitive Alternative
Ba3In2O6 / Ba2DyCl7,Ba3In2O6,Ba2DyCl7,0.6092792572831051,76.95081344936933,0.0223141114405811,0.5981222015628145,0.6204363130033956,69.43894344836262,87.97524110686972,1.107916997726819,5.4194,4.3115,17.31921624773407,-0.3685222073181808,-0.3220920793227415,4.7259,6.0236,27.459319917899236,0.1898940763766665,0.2997634637470743,Requires Buffer Layer (High Dislocation Risk),1.198,0.443,8.38,2.7292,Tier 2: Competitive Alternative
AsS(IF3)2 / B5H12NO12,AsS(IF3)2,B5H12NO12,0.5971274780439707,80.9619705277241,0.0341841751511167,0.5800353904684123,0.6142195656195291,78.44133273702346,89.21375935135032,1.426816997726819,5.5022,4.0754,17.789162841996657,-0.0417657351111049,0.0019629974971781,5.476,3.6013,34.234842951059164,0.1260334414969862,0.2379649070108379,Requires Buffer Layer (High Dislocation Risk),1.132,0.352,8.608,2.7278,Tier 2: Competitive Alternative
Ba2V3HO9 / Ba2YC2(O2F)3,Ba2V3HO9,Ba2YC2(O2F)3,0.6057714550802253,80.72524443782324,0.0299741206472864,0.5907843947565822,0.6207585154038686,76.96928487073227,89.47007753409392,0.9943169977268193,5.263999999999999,4.2697,16.447548766982095,-0.4778460485595235,0.1566152188678361,4.6127,4.3614,5.448002254644796,0.7192083855028258,0.509301662914245,Requires Buffer Layer (High Dislocation Risk),1.186,0.753,7.958,2.7275,Tier 2: Competitive Alternative
Ba2YCoO5 / Ba3Tm(BO2)9,Ba2YCoO5,Ba3Tm(BO2)9,0.6292210255929542,78.37875850870675,0.0280293180993481,0.6152063665432801,0.6432356846426283,72.68087997914512,88.59715024999728,1.0272169977268188,5.2676,4.2404,16.467591779378182,-0.329767861621864,-0.1128195453259126,4.7072,4.2233,10.27999660095174,0.536901947445082,0.5100360511273665,Requires Buffer Layer (High Dislocation Risk),1.178,0.754,7.968,2.727,Tier 2: Competitive Alternative
Ba(SmTe2)2 / Ba3B6O11F2,Ba(SmTe2)2,Ba3B6O11F2,0.6362796549369932,79.33047064160569,0.0253980293503759,0.6235806402618053,0.6489786696121812,73.6401151792045,89.15551427910187,1.051116997726819,5.252710526336427,4.2016,16.384847293223228,-1.4122038325216426,-0.0912509520182787,3.6075,3.991,10.630630630630636,0.5256324087900822,0.5356291418511416,Requires Buffer Layer (High Dislocation Risk),1.167,0.792,7.928,2.7259,Tier 2: Competitive Alternative
Ba(HoTe2)2 / Ba3B6O11F2,Ba(HoTe2)2,Ba3B6O11F2,0.6301672830741581,79.4843905131423,0.0260293979146155,0.6171525841168504,0.6431819820314659,74.02436159872028,89.19286558032798,1.0404169977268192,5.252710526336427,4.2123,16.384847293223228,-1.4364935975216435,-0.1842461363150773,3.6538,3.991,9.228748152608247,0.5721584798897592,0.5321881555710469,Requires Buffer Layer (High Dislocation Risk),1.17,0.786,7.928,2.7253,Tier 2: Competitive Alternative
Ba3Zr6BeCl18 / Ba2YC2(O2F)3,Ba3Zr6BeCl18,Ba2YC2(O2F)3,0.6892033346030086,70.22446091205238,0.0529635997140838,0.6627215347459667,0.7156851344600506,64.24936669484535,84.05424843726821,1.2822169977268187,5.263999999999999,3.9818,16.447548766982095,-0.9081494096428576,-0.1006077653322617,5.4707,4.3614,20.277112618129312,0.29323958337368,0.5665009489090899,Requires Buffer Layer (High Dislocation Risk),1.106,0.837,7.958,2.7251,Tier 2: Competitive Alternative
Ba2V3HO9 / Ba3Tm(BO2)9,Ba2V3HO9,Ba3Tm(BO2)9,0.6152714717339218,80.53897445446401,0.0283306981645583,0.6011061226516426,0.629436820816201,76.26844222071882,89.5060127349525,0.9943169977268193,5.2676,4.2733,16.467591779378182,-0.4212016860940859,0.0412093698078768,4.6127,4.2233,8.441910377869798,0.6000540299754733,0.4989324487921723,Requires Buffer Layer (High Dislocation Risk),1.187,0.737,7.968,2.7249,Tier 2: Competitive Alternative
Ba(SbSe2)2 / Ba(PO3)2,Ba(SbSe2)2,Ba(PO3)2,0.5885787954725199,85.44318199812767,0.0184393596607687,0.5793591156421356,0.5977984753029043,81.92346053864364,92.17313316462092,1.2519169977268187,5.4349,4.183,17.40684437120676,-1.91521564877976,-0.1322017690652641,5.698,4.3882,22.987012987012985,0.2488974572242812,0.2917220293460294,Requires Buffer Layer (High Dislocation Risk),1.162,0.431,8.423,2.7213,Tier 2: Competitive Alternative
Ba(YTe2)2 / Ba3B6O11F2,Ba(YTe2)2,Ba3B6O11F2,0.6313411357967582,78.49339088776888,0.0259004523453775,0.6183909096240694,0.6442913619694469,72.42898996578322,88.7319326047292,1.061316997726819,5.252710526336427,4.1914,16.384847293223228,-1.4195893525216443,-0.1950183709500405,3.6538,3.991,9.228748152608247,0.5721584798897592,0.52812870823269,Requires Buffer Layer (High Dislocation Risk),1.164,0.78,7.928,2.7209,Tier 2: Competitive Alternative
Ba(TbTe2)2 / Ba3B6O11F2,Ba(TbTe2)2,Ba3B6O11F2,0.6329658816088268,78.86673642661742,0.0249334002128648,0.6204991815023944,0.6454325817152592,72.81688605667352,88.94998493210747,1.0413169977268188,5.252710526336427,4.2114,16.384847293223228,-1.420404097402599,-0.1711069952984756,3.6075,3.991,10.630630630630636,0.5256324087900822,0.5208072890192482,Requires Buffer Layer (High Dislocation Risk),1.17,0.77,7.928,2.7194,Tier 2: Competitive Alternative
Ba3NaRuO6 / Ba3Tm(BO2)9,Ba3NaRuO6,Ba3Tm(BO2)9,0.600738058557632,82.93322967552677,0.0120827009724469,0.5946967080714085,0.6067794090438554,76.76187364935511,91.13321181409675,0.7866169977268193,5.2676,4.481,16.467591779378182,-0.6930102729611183,0.0224949787993751,4.7595,4.2233,11.265889274083412,0.5058139823586264,0.4419432683576801,Requires Buffer Layer (High Dislocation Risk),1.245,0.653,7.968,2.7185,Tier 2: Competitive Alternative
AgBi(PSe3)2 / BPH4NO4F,AgBi(PSe3)2,BPH4NO4F,0.6046242600797695,76.59626304284458,0.0233414539243229,0.592953533117608,0.616294987041931,69.04049842410342,87.81322153896231,1.5618706393749548,5.822624664282443,4.2608,17.373372967027212,-1.4243293358159728,-0.2885843034171986,5.0567,3.6476,27.86599956493365,0.185278908874289,0.2739486457558163,Requires Buffer Layer (High Dislocation Risk),1.184,0.405,8.406,2.7167,Tier 2: Competitive Alternative
Ba2Ni(PO4)2 / Ba2HoCl7,Ba2Ni(PO4)2,Ba2HoCl7,0.5921308540675494,81.75701522347143,0.0153115126429889,0.584475097746055,0.5997866103890439,75.71300277430753,90.34360553014074,1.1930169977268188,5.4559,4.2629,17.526026148831015,0.0508755545604397,-0.2144314903000304,4.4076,6.0199,36.57999818495325,0.1093622086980675,0.2336299875172529,Requires Buffer Layer (High Dislocation Risk),1.184,0.345,8.48,2.7146,Tier 2: Competitive Alternative
Ba(TmTe2)2 / Ba3B6O11F2,Ba(TmTe2)2,Ba3B6O11F2,0.6268499954672051,79.6189386252285,0.0239848646160364,0.6148575631591868,0.6388424277752233,73.8316102405754,89.31942244070873,1.039516997726819,5.252710526336427,4.2132,16.384847293223228,-1.4518530068073563,-0.2110035127693914,3.626,3.991,10.066188637617216,0.5438920917391905,0.5100072428203095,Requires Buffer Layer (High Dislocation Risk),1.17,0.754,7.928,2.714,Tier 2: Competitive Alternative
Ba2InCuO4 / Ba3B6O11F2,Ba2InCuO4,Ba3B6O11F2,0.670280238846435,73.18394730608591,0.0445959113754985,0.6479822831586857,0.6925781945341842,67.51649920338099,85.68348848235121,1.3662169977268188,5.252710526336427,3.8865,16.384847293223228,-0.9821029337121212,0.0545220635533256,4.5464,3.991,12.216259018124232,0.4775513093984679,0.5775358745060772,Requires Buffer Layer (High Dislocation Risk),1.08,0.854,7.928,2.7126,Tier 2: Competitive Alternative
Ba2As2Se5 / Ba2CaP4(H3O8)2,Ba2As2Se5,Ba2CaP4(H3O8)2,0.5945141533165691,80.0661888775382,0.013085994338948,0.587971156147095,0.6010571504860431,72.63195441463238,89.62369991445681,1.2791169977268189,5.4657,4.1866,17.581490207109955,-1.2669825030068886,0.2764534467109349,5.8789,3.8994,33.67126503257412,0.130404837280177,0.2327764974070394,Requires Buffer Layer (High Dislocation Risk),1.163,0.344,8.507,2.7124,Tier 2: Competitive Alternative
Ba2Ge2Se5 / B5H4NO8,Ba2Ge2Se5,B5H4NO8,0.6280433178723913,74.1184108169146,0.0251322271066445,0.615477204319069,0.6406094314257136,65.54612868169912,86.51225888184733,1.5466208727092796,5.7298,4.1831,17.295910051697355,-0.7849234983275466,-0.2935382850039444,5.8789,3.4533,41.25941927911684,0.0823979380218436,0.2997816618772865,Requires Buffer Layer (High Dislocation Risk),1.162,0.443,8.369,2.7121,Tier 2: Competitive Alternative
Ba(ErTe2)2 / Ba3B6O11F2,Ba(ErTe2)2,Ba3B6O11F2,0.626371123114773,80.16786275460028,0.0246937130292951,0.6140242666001254,0.6387179796294206,74.84583757304628,89.54941718041408,1.0403169977268183,5.252710526336427,4.212400000000001,16.384847293223228,-1.4395209325216465,-0.2034944449719875,3.6075,3.991,10.630630630630636,0.5256324087900822,0.5049749720916029,Requires Buffer Layer (High Dislocation Risk),1.17,0.746,7.928,2.7113,Tier 2: Competitive Alternative
Ba3AlAs3 / Ba2HoCl7,Ba3AlAs3,Ba2HoCl7,0.5927776199980256,84.7389926025311,0.0167055258534953,0.5844248570712779,0.6011303829247733,80.4368300854085,91.92047452791029,1.1875169977268192,5.4559,4.2684,17.526026148831015,-1.8246346389285704,-0.1639490207103364,3.7687,6.0199,59.7341258258816,0.0269461563730132,0.2256617194744618,Requires Buffer Layer (High Dislocation Risk),1.186,0.333,8.48,2.7111,Tier 2: Competitive Alternative
Ba2InBiSe5 / Ba(PO3)2,Ba2InBiSe5,Ba(PO3)2,0.6024683743286047,79.77572324691988,0.0334188610320254,0.585758943812592,0.6191778048446174,76.32074216743258,88.7470830377995,1.316416997726819,5.4349,4.1185,17.40684437120676,-1.510833658155587,0.2198616000971227,5.9323,4.3882,26.02869038989936,0.2070622578059915,0.2841497848278553,Requires Buffer Layer (High Dislocation Risk),1.144,0.42,8.423,2.7103,Tier 2: Competitive Alternative
Ba2Na2U(S2O)2 / Ba2HoCl7,Ba2Na2U(S2O)2,Ba2HoCl7,0.6593195179382665,74.06848217949043,0.0445161087893486,0.6370614635435922,0.6815775723329408,69.08261745397274,85.95606579508033,1.5081917121269697,5.4559,3.9477,16.861357449145313,-0.5036551449764906,-0.0856954682473338,4.7776,6.0199,26.00259544541193,0.2073894143126841,0.4450930024710793,Requires Buffer Layer (High Dislocation Risk),1.097,0.658,8.159,2.7085,Tier 2: Competitive Alternative
Ba3Sb2Se7 / Ba2CaP4(H3O8)2,Ba3Sb2Se7,Ba2CaP4(H3O8)2,0.587348874892374,78.89936213982578,0.0160727162619009,0.5793125167614235,0.5953852330233245,71.30532494855173,89.071083844737,1.1737615750124288,5.4657,4.2919,17.581490207109955,-1.1165086870390095,0.3074395955171369,6.0464,3.8994,35.50873246890712,0.1166848796145617,0.2012930815239531,Requires Buffer Layer (High Dislocation Risk),1.192,0.297,8.507,2.7078,Tier 2: Competitive Alternative
Ba2Ge2Se5 / Ba2B11H7O22,Ba2Ge2Se5,Ba2B11H7O22,0.6449515487151732,76.0603225290535,0.0302257057578283,0.6298386958362591,0.6600644015940874,69.37951982421367,87.48238707648571,1.5466208727092796,5.6652,4.118499999999999,16.956706822295736,-1.1839908185689467,-0.0230909311642588,5.8789,3.737,36.43368657401895,0.1103345640583332,0.3818957421856145,Requires Buffer Layer (High Dislocation Risk),1.144,0.564,8.205,2.7064,Tier 2: Competitive Alternative
Ba2Mn3(SeO3)6 / Ba2HoCl7,Ba2Mn3(SeO3)6,Ba2HoCl7,0.5949258112199189,78.42041248617507,0.0226580663289913,0.5835967780554232,0.6062548443844146,71.78574812466026,88.69117358403791,1.241516997726819,5.4559,4.2144,17.526026148831015,-1.0274180689532555,0.2952733485193621,4.477,6.0199,34.46280991735536,0.1243071201657795,0.2230576453210869,Requires Buffer Layer (High Dislocation Risk),1.171,0.33,8.48,2.7037,Tier 2: Competitive Alternative
Ag5Hg4P8Cl5 / AlCl3,Ag5Hg4P8Cl5,AlCl3,0.6037813573748104,80.51830082961959,0.035841881017774,0.5858604168659234,0.6217022978836975,78.0465469642806,88.9764739373438,1.1877514264394422,5.274,4.0863,17.651964964854024,-1.5765462262283547,-0.2044147517313951,3.3199,5.513,66.05921865116419,0.0183783354660319,0.2200890112948949,Requires Buffer Layer (High Dislocation Risk),1.135,0.325,8.541,2.7032,Tier 2: Competitive Alternative
Ba2UMnO6 / Ba3Si2(B3O8)2,Ba2UMnO6,Ba3Si2(B3O8)2,0.587895024532906,81.90024132563573,0.0268484829259917,0.5744707830699101,0.6013192659959018,78.24013349148449,90.07947530260468,1.2645169977268187,5.4031,4.1386,17.227122381477397,0.1085972390523632,0.0357608853235393,4.6694,3.8989,16.501049385360016,0.368500397810139,0.3066191509794506,Requires Buffer Layer (High Dislocation Risk),1.15,0.453,8.336,2.7024,Tier 2: Competitive Alternative
Ba2FeMoO6 / Ba3B6O11F2,Ba2FeMoO6,Ba3B6O11F2,0.6577382660709086,72.99512728982762,0.0440807928440477,0.6356978696488846,0.6797786624929324,67.14108585561169,85.58129223532028,1.1591169977268192,5.252710526336427,4.0936,16.384847293223228,-0.7062416465454535,-0.2223470783662302,4.736,3.991,15.730574324324316,0.3860842200642469,0.5114058217317784,Requires Buffer Layer (High Dislocation Risk),1.137,0.756,7.928,2.7014,Tier 2: Competitive Alternative
Ag2PHO4 / B5H4NO8,Ag2PHO4,B5H4NO8,0.6399366512195168,75.46742959300337,0.0354935287529665,0.6221898868430336,0.6576834155960001,69.50157747737995,86.98763611064237,1.5818709676048333,5.7298,4.1479,16.387360888277687,-0.5980527347263573,-0.0721087779358229,3.9451,3.4533,12.466097183848316,0.4703873006767354,0.4977073811240369,Requires Buffer Layer (High Dislocation Risk),1.152,0.736,7.929,2.7007,Tier 2: Competitive Alternative
Ba4Li(BiO4)3 / Ba3Tm(BO2)9,Ba4Li(BiO4)3,Ba3Tm(BO2)9,0.596320955331093,81.91622416809156,0.0159077014636854,0.5883671045992502,0.6042748060629357,76.16199881761725,90.31877598354583,0.8215169977268192,5.2676,4.4461,16.467591779378182,-0.9423042415107532,0.0972762645914396,4.7656,4.2233,11.379469531643444,0.5023501428730751,0.414229977240218,Requires Buffer Layer (High Dislocation Risk),1.235,0.612,7.968,2.7003,Tier 2: Competitive Alternative
Ba3ThSe7 / Ba2CaP4(H3O8)2,Ba3ThSe7,Ba2CaP4(H3O8)2,0.5844841114163293,79.51802085855238,0.0118038981750491,0.5785821623288047,0.5903860605038538,71.6682046592975,89.26750579675975,1.178416997726819,5.4657,4.2873,17.581490207109955,-0.623600716554866,0.3113614629253843,6.3102,3.8994,38.2048112579633,0.0991232671040016,0.1877201133484012,Requires Buffer Layer (High Dislocation Risk),1.191,0.277,8.507,2.7003,Tier 2: Competitive Alternative
Ba3NaRuO6 / Ba2YC2(O2F)3,Ba3NaRuO6,Ba2YC2(O2F)3,0.5815575535107016,83.56934364990487,0.0189713375427343,0.5720718847393343,0.5910432222820687,79.31065514802222,91.06019505849804,0.7866169977268193,5.263999999999999,4.4774,16.447548766982095,-0.7496546354265559,0.1325322731942645,4.7595,4.3614,8.364323983611731,0.6028772906788521,0.4106242815357965,Requires Buffer Layer (High Dislocation Risk),1.244,0.607,7.958,2.6995,Tier 2: Competitive Alternative
Ba2Zr6BCl17 / Ba3Tm(BO2)9,Ba2Zr6BCl17,Ba3Tm(BO2)9,0.6780308699341904,72.277054406686,0.0458136233370747,0.655124058265653,0.7009376816027277,66.2139835091854,85.28064306358216,1.3409169977268192,5.2676,3.9267,16.467591779378182,-0.8135960599017791,0.0226908090763235,5.4162,4.2233,22.02466674051918,0.2638189153748804,0.522860164376114,Requires Buffer Layer (High Dislocation Risk),1.091,0.773,7.968,2.6988,Tier 2: Competitive Alternative
Ba2Ni(PO4)2 / Ba2DyCl7,Ba2Ni(PO4)2,Ba2DyCl7,0.5990894408703318,81.88316340726294,0.015225683722883,0.5914765990088903,0.6067022827317733,75.75194730140633,90.546385329399,1.1930169977268188,5.4194,4.2264,17.31921624773407,0.0475348348937743,-0.2249195532841188,4.4076,6.0236,36.66394409656048,0.1088081958556399,0.2574575110670608,Requires Buffer Layer (High Dislocation Risk),1.174,0.38,8.38,2.6978,Tier 2: Competitive Alternative
AcFeO3 / AlHO2,AcFeO3,AlHO2,0.5872140011014304,82.90962414760394,0.0245501167266318,0.5749389427381145,0.5994890594647464,79.31771043105786,90.67487569623712,1.263816997726819,5.5638000000000005,4.3,16.915759558747073,0.1187138833125009,0.0231162790697674,4.5658,3.8665,15.316045380875211,0.3958892630711966,0.3345174431365417,Requires Buffer Layer (High Dislocation Risk),1.194,0.494,8.185,2.6971,Tier 2: Competitive Alternative
Ba2MnSe3 / Ba(PO3)2,Ba2MnSe3,Ba(PO3)2,0.5942930460896916,78.8634338443336,0.0127595030243108,0.5879132945775362,0.600672797601847,70.9646446827607,88.80075004309123,1.322916997726819,5.4349,4.112,17.40684437120676,-1.2083292638158056,0.3005836575875486,5.7412,4.3882,23.56650177663206,0.2403225360911466,0.259247366121458,Requires Buffer Layer (High Dislocation Risk),1.142,0.383,8.423,2.6966,Tier 2: Competitive Alternative
Ba2FeMoO6 / Al2Pb3F12,Ba2FeMoO6,Al2Pb3F12,0.6525274766978469,72.1784448405397,0.0441984307056488,0.6304282613450225,0.6746266920506714,65.85944046313396,85.17283895408353,1.1591169977268192,5.2252,4.0661000000000005,16.232185176768496,-0.7445529756764704,-0.2691276653304149,4.736,4.2594,10.063344594594584,0.5439856843677177,0.5437700456622501,Requires Buffer Layer (High Dislocation Risk),1.129,0.804,7.854,2.6966,Tier 2: Competitive Alternative
Ba2Ge2Se5 / BHS3O11,Ba2Ge2Se5,BHS3O11,0.5926130919689723,76.3344078903886,0.0007368280569544,0.5922446779404951,0.5929815059974495,65.10081036252575,87.68057903253823,1.5466208727092796,5.696299999999999,4.1496,17.11977262988077,-0.3975375462760409,-0.3400327742433006,5.8789,5.0968,13.303509159876844,0.447149492939967,0.3170467241736581,Requires Buffer Layer (High Dislocation Risk),1.153,0.469,8.284,2.696,Tier 2: Competitive Alternative
Ba2Na2U(S2O)2 / Ba2DyCl7,Ba2Na2U(S2O)2,Ba2DyCl7,0.6695598001447722,73.3319853731041,0.0396854960884472,0.6497170521005485,0.6894025481889958,66.77289102453724,85.95204455523016,1.5081917121269697,5.4194,3.9112,16.662390744610835,-0.506995864643156,-0.0958273675598281,4.7776,6.0236,26.08004018754188,0.2064199833827915,0.4752139569160244,Requires Buffer Layer (High Dislocation Risk),1.086,0.702,8.062,2.696,Tier 2: Competitive Alternative
Ba2MnMoO6 / Ba(PO3)2,Ba2MnMoO6,Ba(PO3)2,0.6291433482963493,76.10684011925815,0.0265955355219394,0.6158455805353796,0.6424411160573191,69.00436771315246,87.3681226474021,1.520474388087488,5.4349,3.9144,16.422348067260046,-0.3513023656830842,-0.2721745350500715,4.6694,4.3882,6.02218700475436,0.6946533646146298,0.5272957150928979,Requires Buffer Layer (High Dislocation Risk),1.087,0.779,7.946,2.6942,Tier 2: Competitive Alternative
Ba3Zr6BeCl18 / Ba3Tm(BO2)9,Ba3Zr6BeCl18,Ba3Tm(BO2)9,0.6759626529633187,69.87673504573625,0.055754973063623,0.6480851664315072,0.7038401394951302,64.41559099666433,83.58992251385489,1.2822169977268187,5.2676,3.9854,16.467591779378182,-0.8515050471774201,-0.2241180308124654,5.4707,4.2233,22.8014696473943,0.2517071642827316,0.4989189725777562,Requires Buffer Layer (High Dislocation Risk),1.107,0.737,7.968,2.6929,Tier 2: Competitive Alternative
Ba3Ta2Se9 / Ba2CaP4(H3O8)2,Ba3Ta2Se9,Ba2CaP4(H3O8)2,0.6407709608127112,75.91829446321218,0.03321528897666,0.6241633163243812,0.6573786053010412,69.80410286279239,87.2490519866524,1.5010593186159011,5.4657,3.9646,17.10943891604252,-0.9854398239173576,0.1495232810371791,6.2292,3.8994,37.40127143132344,0.1040611136066409,0.3502462233989127,Requires Buffer Layer (High Dislocation Risk),1.101,0.518,8.279,2.6914,Tier 2: Competitive Alternative
Ba2Mn(AsO4)2 / Ba2YC2(O2F)3,Ba2Mn(AsO4)2,Ba2YC2(O2F)3,0.6539968924550452,74.52125264611934,0.0363719207461163,0.635810932081987,0.6721828528281034,68.08198620903494,86.58609424752365,1.498186441755564,5.263999999999999,3.7658,16.080209212820318,-0.7375411424943157,-0.0629348345637049,4.5418,4.3614,3.9719934827601513,0.786387499832688,0.6324889281950705,Semi-Coherent (Moderate Strain Risk),1.046,0.935,7.781,2.6908,Tier 1: Next-Gen Breakthrough
Ba2Mn3(SeO3)6 / Ba2DyCl7,Ba2Mn3(SeO3)6,Ba2DyCl7,0.6038837703734163,77.77492437676523,0.0135166154388269,0.5971254626540029,0.6106420780928299,69.19851890469342,88.48264551017931,1.241516997726819,5.4194,4.1779,17.31921624773407,-1.0307587886199212,0.2891165418032982,4.477,6.0236,34.54545454545453,0.1236871358174549,0.2491109316609509,Requires Buffer Layer (High Dislocation Risk),1.161,0.368,8.38,2.6881,Tier 2: Competitive Alternative
Ba4P2O / Ba3Tm(BO2)9,Ba4P2O,Ba3Tm(BO2)9,0.6044443818958027,82.03413064401862,0.0219837638679264,0.5934524999618396,0.615436263829766,77.35914674371844,90.39702664753912,1.2965169977268192,5.2676,3.9711,16.467591779378182,-1.630624792993747,0.1077031552970209,3.996,4.2233,5.68818818818819,0.7088329559301336,0.4848941511128901,Requires Buffer Layer (High Dislocation Risk),1.103,0.717,7.968,2.6841,Tier 2: Competitive Alternative
Ba2V3HO9 / Ba2P2O7,Ba2V3HO9,Ba2P2O7,0.6232449834736051,80.07520735786511,0.0294473336559879,0.6085213166456112,0.6379686503015991,75.72740781035367,89.28209684538334,0.9943169977268193,5.1483,4.154,15.807777426493834,-0.505882327942639,0.0315840154068367,4.6127,4.4602,3.30608970884731,0.8187156661499756,0.5987672285288337,Semi-Coherent (Moderate Strain Risk),1.154,0.885,7.649,2.6835,Tier 1: Next-Gen Breakthrough
Ba2SmMoO6 / Al2Pb3F12,Ba2SmMoO6,Al2Pb3F12,0.636644300588468,77.40693070660488,0.0295644266405172,0.6218620872682094,0.6514265139087266,71.4272774083377,88.10300534631293,1.1639169977268191,5.2252,4.0613,16.232185176768496,-0.2276863591764706,-0.1262403663851476,4.736,4.2594,10.063344594594584,0.5439856843677177,0.5193452548776736,Requires Buffer Layer (High Dislocation Risk),1.128,0.768,7.854,2.6835,Tier 2: Competitive Alternative
Ba2GdMoO6 / Al2Pb3F12,Ba2GdMoO6,Al2Pb3F12,0.6380937253255792,77.60124212346909,0.029694169018143,0.6232466408165076,0.6529408098346506,71.77957300000809,88.17255682475869,1.1637169977268191,5.2252,4.0615,16.232185176768496,-0.2050825616764715,-0.1063892650498584,4.7656,4.2594,10.62195736108779,0.5259082977372371,0.519293362436262,Requires Buffer Layer (High Dislocation Risk),1.128,0.767,7.854,2.6834,Tier 2: Competitive Alternative
Ba3Zr2S7 / Ba3Tm(BO2)9,Ba3Zr2S7,Ba3Tm(BO2)9,0.6456880554657761,77.20668642045517,0.0323843311158997,0.6294958899078262,0.661880221023726,71.67598172231446,87.90532499524531,1.082816997726819,5.2676,4.1848,16.467591779378182,-0.9890272353024204,0.0570158669470464,5.6641,4.2233,25.43740400063559,0.2146035423771611,0.4373848694704514,Requires Buffer Layer (High Dislocation Risk),1.162,0.646,7.968,2.6833,Tier 2: Competitive Alternative
Ba2SnSe5 / Ba2CaP4(H3O8)2,Ba2SnSe5,Ba2CaP4(H3O8)2,0.5901086758576337,78.14740816892547,0.0017523621193419,0.5892324947979627,0.5909848569173046,68.1540220735127,88.41516016835523,1.3426169977268192,5.4657,4.1231,17.581490207109955,-1.0500521212121865,0.3182799350003638,6.2206,3.8994,37.31472848278301,0.1046073906844399,0.1881583668853494,Requires Buffer Layer (High Dislocation Risk),1.145,0.278,8.507,2.6822,Tier 2: Competitive Alternative
Ba3In2O6 / Al2Pb3F12,Ba3In2O6,Al2Pb3F12,0.6291760100037407,78.18810681558425,0.0267013665206328,0.6158253267434243,0.6425266932640571,72.14173734518585,88.52448394822308,1.107916997726819,5.2252,4.1173,16.232185176768496,-0.7437661888279856,0.1648410366016564,4.7259,4.2594,9.871135656700307,0.550348421753864,0.5035876154097735,Requires Buffer Layer (High Dislocation Risk),1.144,0.744,7.854,2.6815,Tier 2: Competitive Alternative
Ba3In2O6 / Ba2P2O7,Ba3In2O6,Ba2P2O7,0.6503602986034037,75.4047645312658,0.0374862568915115,0.631617170157648,0.6691034270491595,69.78161215484322,86.90137563864464,1.107916997726819,5.1483,4.0404,15.807777426493834,-0.7212130241774881,-0.1501831501831501,4.7259,4.4602,5.622209526227804,0.7116680655561513,0.6190193775712735,Requires Buffer Layer (High Dislocation Risk),1.122,0.915,7.649,2.6813,Tier 2: Competitive Alternative
Ba3SrEr2(MoO6)2 / Al2Pb3F12,Ba3SrEr2(MoO6)2,Al2Pb3F12,0.6240303428703713,77.83643113367042,0.0328975771020018,0.6075815543193704,0.6404791314213722,72.8591780628373,88.1091522623571,1.2443169977268191,5.2252,3.9809,16.232185176768496,-0.1584960501764705,-0.1844055364364842,4.5112,4.2594,5.581663415499189,0.7134159585224655,0.5324188202772661,Requires Buffer Layer (High Dislocation Risk),1.106,0.787,7.854,2.6813,Tier 2: Competitive Alternative
Ba2Ni(PO4)2 / Ba2P2O7,Ba2Ni(PO4)2,Ba2P2O7,0.6311324667127565,76.92116448160563,0.0317434144269355,0.6152607594992887,0.6470041739262242,71.13122345589936,87.75468680326958,1.1930169977268188,5.1483,3.9553,15.807777426493834,-0.3051559819655329,-0.0426516319874598,4.4076,4.4602,1.1933932298756686,0.9303445380623706,0.6329039603732405,Coherent Epitaxy (Low Strain Risk),1.099,0.935,7.649,2.6791,Tier 1: Next-Gen Breakthrough
Ba3(TaS4)2 / Ba2YC2(O2F)3,Ba3(TaS4)2,Ba2YC2(O2F)3,0.6309953032293141,79.29877577144121,0.0284579597547688,0.6167663233519296,0.6452242831066984,74.23467740326393,89.00844021092614,1.000616997726819,5.263999999999999,4.2634,16.447548766982095,-1.3523406241556877,-0.072758830979969,5.6703,4.3614,23.08343473890271,0.2474497366838015,0.4152869654870324,Requires Buffer Layer (High Dislocation Risk),1.184,0.614,7.958,2.6781,Tier 2: Competitive Alternative
Ba3(TaS4)2 / Ba3Tm(BO2)9,Ba3(TaS4)2,Ba3Tm(BO2)9,0.6324582949539712,79.07030659456966,0.0274860108792606,0.6187152895143408,0.6462013003936015,73.66123027224569,88.9488863514915,1.000616997726819,5.2676,4.267,16.467591779378182,-1.29569626169025,-0.1881415514412936,5.6703,4.2233,25.518931978907645,0.2135476289612664,0.4066879652437734,Requires Buffer Layer (High Dislocation Risk),1.185,0.601,7.968,2.6765,Tier 2: Competitive Alternative
Ba2Tl2O5 / Ba2P2O7,Ba2Tl2O5,Ba2P2O7,0.6332596003822739,78.65416374885375,0.0295874477380481,0.6184658765132499,0.648053324251298,73.4327513588119,88.67183718039726,1.0156169977268188,5.1483,4.1327,15.807777426493834,-1.2583616252296768,-0.1077019865947201,4.7113,4.4602,5.329739137817572,0.7243727160855586,0.5892621830462719,Requires Buffer Layer (High Dislocation Risk),1.148,0.871,7.649,2.6762,Tier 2: Competitive Alternative
Ba2InSbO6 / Al2Pb3F12,Ba2InSbO6,Al2Pb3F12,0.5919636186400862,82.51903066668541,0.0063514051385078,0.5887879160708323,0.5951393212093401,75.26589989374246,90.82708527912544,0.7794169977268187,5.2252,4.4458,16.232185176768496,-0.7099241900098039,-0.2411264564307886,4.7175,4.2594,9.710651828298886,0.5557179288850973,0.4221411897252743,Requires Buffer Layer (High Dislocation Risk),1.235,0.624,7.854,2.6759,Tier 2: Competitive Alternative
AgHg2NO5 / AlH3NCl3,AgHg2NO5,AlH3NCl3,0.5891610840933902,83.48111598251805,0.0150918828238071,0.5816151426814866,0.5967070255052938,78.18165864795318,91.33895860894346,0.807116997726819,5.1434,4.3363,15.781001777992866,-0.6072635770717568,0.0765860295643751,4.2756,4.329,1.2489475161380834,0.9272228671018552,0.5498573801298118,Coherent Epitaxy (Low Strain Risk),1.205,0.813,7.636,2.6752,Tier 1: Next-Gen Breakthrough
Ba2InSbO6 / Ba3B6O11F2,Ba2InSbO6,Ba3B6O11F2,0.5963551722075178,82.34790372898973,0.0128827678360291,0.5899137882895031,0.6027965561255323,76.18478921265238,90.6604466839303,0.7794169977268187,5.252710526336427,4.4733,16.384847293223228,-0.671612860878787,-0.1984888113920372,4.7175,3.991,15.400105988341284,0.3938810131819341,0.3784655875801582,Requires Buffer Layer (High Dislocation Risk),1.243,0.559,7.928,2.6748,Tier 2: Competitive Alternative
Ba3AlAs3 / Ba2DyCl7,Ba3AlAs3,Ba2DyCl7,0.5881615266619457,85.27995150754262,0.0226519035461356,0.5768355748888778,0.5994874784350135,82.65683558400036,91.85611802375908,1.1875169977268192,5.4194,4.2319,17.31921624773407,-1.827975358595236,-0.1739880431957277,3.7687,6.0236,59.83230291612493,0.0267865783050445,0.2089529545436143,Requires Buffer Layer (High Dislocation Risk),1.176,0.309,8.38,2.6734,Tier 2: Competitive Alternative
Ba3Cr2O8 / Ba3Tm(BO2)9,Ba3Cr2O8,Ba3Tm(BO2)9,0.6428650891979836,75.60810225718625,0.0356187942491958,0.6250556920733856,0.6606744863225815,69.77214389438564,87.02913304116544,1.4032169977268192,5.2676,3.8644,16.467591779378182,-0.5088319317928041,0.1199668771348722,4.8242,4.2233,12.455951245802416,0.4706761267974472,0.4865986425071635,Requires Buffer Layer (High Dislocation Risk),1.073,0.719,7.968,2.6731,Tier 2: Competitive Alternative
Ba2Tl2O5 / Ba3Tb(BO2)9,Ba2Tl2O5,Ba3Tb(BO2)9,0.6428987662694725,77.36359051265464,0.0274159833596828,0.6291907745896311,0.656606757949314,70.90609315142225,88.18266255299191,1.0156169977268188,5.1728,4.1572,15.94269133886722,-1.1663744247252086,-0.139228326758395,4.7113,4.2127,10.583066244985456,0.5271471708660558,0.5440331479859468,Requires Buffer Layer (High Dislocation Risk),1.155,0.804,7.714,2.6719,Tier 2: Competitive Alternative
Ba2Ge2Se5 / Al2H16S3O20,Ba2Ge2Se5,Al2H16S3O20,0.6413536308974626,76.1011577622585,0.0351060864981533,0.6238005876483859,0.6589066741465393,70.45868180593104,87.28126596940096,1.5466208727092796,5.6055,4.0588,16.644613819892903,-0.3465273859336886,-0.1192470680989454,5.8789,4.348,26.04058582387861,0.2069132941422923,0.400327024091439,Requires Buffer Layer (High Dislocation Risk),1.127,0.592,8.054,2.6715,Tier 2: Competitive Alternative
Ba2YCoO5 / Ba2P2O7,Ba2YCoO5,Ba2P2O7,0.6308556379680132,78.27155672896974,0.0302113112892095,0.6157499823234085,0.645961293612618,73.03633642601162,88.3834813964085,1.0272169977268188,5.1483,4.1211,15.807777426493834,-0.414448503470417,-0.1269806605032637,4.7072,4.4602,5.2472807613868095,0.7279954461715306,0.5780356882756469,Requires Buffer Layer (High Dislocation Risk),1.145,0.854,7.649,2.6691,Tier 2: Competitive Alternative
Ba(GdTe2)2 / Al2Pb3F12,Ba(GdTe2)2,Al2Pb3F12,0.6273568946251433,79.68921699701559,0.0261244036059734,0.6142946928221567,0.6404190964281301,74.38571305230978,89.26807864774146,1.013858253812388,5.2252,4.211399999999999,16.232185176768496,-1.4361884005812309,-0.1267511991261813,3.6815,4.2594,15.697405948662231,0.3868597480049406,0.4527966720202367,Requires Buffer Layer (High Dislocation Risk),1.17,0.669,7.854,2.6657,Tier 2: Competitive Alternative
Ba2Ni(PO4)2 / Ba3Tb(BO2)9,Ba2Ni(PO4)2,Ba3Tb(BO2)9,0.6294473621323144,77.39417024602878,0.0258516382191453,0.6165215430227418,0.6423731812418871,70.684520200924,88.21154385351507,1.1930169977268188,5.1728,3.9798,15.94269133886722,-0.2131687814610647,-0.0759837177747625,4.4076,4.2127,4.421907614121075,0.7652708843418483,0.5693076183407614,Semi-Coherent (Moderate Strain Risk),1.106,0.841,7.714,2.6652,Tier 1: Next-Gen Breakthrough
Ba2Zr6BCl17 / Ba2YC2(O2F)3,Ba2Zr6BCl17,Ba2YC2(O2F)3,0.6557205077569714,73.43845150171087,0.0418584127592533,0.6347913013773447,0.6766497141365981,67.49150748032218,85.80201923778785,1.3409169977268192,5.263999999999999,3.9231,16.447548766982095,-0.8702404223672167,0.148275598378833,5.4162,4.3614,19.474908607510805,0.3078224969462106,0.4632717923062333,Requires Buffer Layer (High Dislocation Risk),1.09,0.685,7.958,2.6651,Tier 2: Competitive Alternative
Ba2MnTe3 / Ba3B6O11F2,Ba2MnTe3,Ba3B6O11F2,0.5912814557247728,85.7757714753136,0.014907219306413,0.5838278460715662,0.5987350653779793,81.71560342365981,92.43199598300797,1.0806169977268187,5.252710526336427,4.1721,16.384847293223228,-1.746992989890281,-0.0125356535078258,3.6507,3.991,9.321499986303998,0.5689568120835271,0.4244282244662768,Requires Buffer Layer (High Dislocation Risk),1.159,0.627,7.928,2.6651,Tier 2: Competitive Alternative
Ba3In2O6 / Ba3B6O11F2,Ba3In2O6,Ba3B6O11F2,0.6248232875018215,78.03661853375128,0.0256550631541074,0.6119957559247677,0.6376508190788752,71.68057934559864,88.50215591111254,1.107916997726819,5.252710526336427,4.1448,16.384847293223228,-0.7054548596969688,0.2081644470179502,4.7259,3.991,15.550477157790052,0.390313948302472,0.4278531240735137,Requires Buffer Layer (High Dislocation Risk),1.151,0.632,7.928,2.6639,Tier 2: Competitive Alternative
Ba2SmMoO6 / Ba3B6O11F2,Ba2SmMoO6,Ba3B6O11F2,0.6306100206471333,77.3935147581987,0.029540407534065,0.6158398168801008,0.6453802244141659,71.45204875669957,88.04663693621426,1.1639169977268191,5.252710526336427,4.0888,16.384847293223228,-0.1893750300454537,-0.0803658775190764,4.736,3.991,15.730574324324316,0.3860842200642469,0.4390385290231,Requires Buffer Layer (High Dislocation Risk),1.136,0.649,7.928,2.6634,Tier 2: Competitive Alternative
Ba2CrO4 / Al2Pb3F12,Ba2CrO4,Al2Pb3F12,0.5923674759992935,83.3105717928848,0.007486094275461,0.588624428861563,0.5961105231370241,76.60698327304668,91.2709100488968,0.7966169977268195,5.2252,4.428599999999999,16.232185176768496,-0.513769482247898,-0.1929729485616222,4.8364,4.2594,11.93036142585394,0.4858832713856157,0.4012169925291766,Requires Buffer Layer (High Dislocation Risk),1.23,0.593,7.854,2.6632,Tier 2: Competitive Alternative
Ba(GdSe2)2 / Ba2CaP4(H3O8)2,Ba(GdSe2)2,Ba2CaP4(H3O8)2,0.5846529809346734,79.74405486214067,0.0131211010494872,0.5780924304099297,0.591213531459417,72.09891900973841,89.50967338583058,1.481060739031996,5.4657,3.9847,17.581490207109955,-0.3076525542395334,0.2708610434913544,5.772,3.8994,32.44282744282745,0.1404658247104586,0.1807987178710425,Requires Buffer Layer (High Dislocation Risk),1.107,0.267,8.507,2.6631,Tier 2: Competitive Alternative
Ba2GdMoO6 / Ba2YC2(O2F)3,Ba2GdMoO6,Ba2YC2(O2F)3,0.6036586922448451,77.59989734987418,0.0177312721849156,0.5947930561523873,0.612524328337303,70.0192596873586,87.98210012887826,1.1637169977268191,5.263999999999999,4.1003,16.447548766982095,-0.1544931176428585,-0.2878082091554277,4.7656,4.3614,8.481618264226967,0.5986142340259071,0.4205193286746316,Requires Buffer Layer (High Dislocation Risk),1.139,0.621,7.958,2.6627,Tier 2: Competitive Alternative
Ba3In2O6 / Ba3Tb(BO2)9,Ba3In2O6,Ba3Tb(BO2)9,0.6500509735632413,75.17698389418703,0.0347852095081728,0.6326583688091548,0.6674435783173277,68.8461974805517,86.92635104386626,1.107916997726819,5.1728,4.0649,15.94269133886722,-0.6292258236730199,-0.1821693030578858,4.7259,4.2127,10.85930722190483,0.5184103924787302,0.5451430179909763,Requires Buffer Layer (High Dislocation Risk),1.129,0.806,7.714,2.6622,Tier 2: Competitive Alternative
Ba2GdMoO6 / Ba3B6O11F2,Ba2GdMoO6,Ba3B6O11F2,0.6293132145948019,78.38922641181256,0.0318360202569065,0.6133952044663487,0.6452312247232552,73.54325107067592,88.39052885080699,1.1637169977268191,5.252710526336427,4.089,16.384847293223228,-0.1667712325454546,-0.0606505258009292,4.7656,3.991,16.25398690616082,0.3740498477022047,0.4364188556069703,Requires Buffer Layer (High Dislocation Risk),1.136,0.645,7.928,2.6621,Tier 2: Competitive Alternative
Ba2SmMoO6 / Ba2YC2(O2F)3,Ba2SmMoO6,Ba2YC2(O2F)3,0.6006209146558346,77.64012244819818,0.0128980939742382,0.5941718676687154,0.6070699616429537,69.80789365770133,87.50134052418849,1.1639169977268191,5.263999999999999,4.1001,16.447548766982095,-0.1770969151428576,-0.3074803053584059,4.736,4.3614,7.909628378378379,0.6196921125843122,0.4173361473260917,Requires Buffer Layer (High Dislocation Risk),1.139,0.617,7.958,2.6611,Tier 2: Competitive Alternative
Ba3SrEr2(MoO6)2 / Ba3B6O11F2,Ba3SrEr2(MoO6)2,Ba3B6O11F2,0.6222684247423118,78.55428232164753,0.0340137005234826,0.6052615744805705,0.6392752750040531,74.2866656358021,88.35390672887284,1.2443169977268191,5.252710526336427,4.0084,16.384847293223228,-0.1201847210454536,-0.1372118551042809,4.5112,3.991,11.531299875864509,0.4977568160101989,0.4512995857986778,Requires Buffer Layer (High Dislocation Risk),1.113,0.667,7.928,2.6608,Tier 2: Competitive Alternative
Ba2CrO4 / Ba3B6O11F2,Ba2CrO4,Ba3B6O11F2,0.5921170893283045,83.23487954768072,0.0147999845201115,0.5847170970682487,0.5995170815883603,77.90943550195607,91.06108467640026,0.7966169977268195,5.252710526336427,4.4561,16.384847293223228,-0.4754581531168811,-0.1504678979376584,4.8364,3.991,17.479943759821357,0.347310322521662,0.3495478918322291,Requires Buffer Layer (High Dislocation Risk),1.238,0.517,7.928,2.658,Tier 2: Competitive Alternative
Ba2YCoO5 / Al2Pb3F12,Ba2YCoO5,Al2Pb3F12,0.6034041434430579,81.25404985386673,0.0258105411482753,0.5904988728689202,0.6163094140171955,76.88837214933653,89.92527814337085,1.0272169977268188,5.2252,4.198,16.232185176768496,-0.4370016681209145,0.1815626488804193,4.7072,4.2594,9.513086335825967,0.5624001210106149,0.4387819937847576,Requires Buffer Layer (High Dislocation Risk),1.166,0.648,7.854,2.657,Tier 2: Competitive Alternative
Ba3MnSb2O9 / Al4(B2O5)3,Ba3MnSb2O9,Al4(B2O5)3,0.6042062993195376,77.45209973532997,0.0301222209612341,0.5891451888389205,0.6192674098001547,71.74064161656159,87.97453365447477,1.7628285557013643,5.8127,4.0499,17.147963614598964,-0.5218028582712639,-0.126398182671177,4.6916,3.2493,30.742177508739022,0.1556879276244896,0.2497657363589645,Requires Buffer Layer (High Dislocation Risk),1.125,0.369,8.297,2.6535,Tier 2: Competitive Alternative
Ba(GdTe2)2 / Ba2YC2(O2F)3,Ba(GdTe2)2,Ba2YC2(O2F)3,0.6124514178525879,78.63292698930054,0.0142879278785988,0.6053074539132886,0.6195953817918874,70.69439377145055,88.85103376921175,1.013858253812388,5.263999999999999,4.2502,16.447548766982095,-1.3855989565476177,-0.3015858077266952,3.6815,4.3614,18.4680157544479,0.3271570483663942,0.3701201860036518,Requires Buffer Layer (High Dislocation Risk),1.181,0.547,7.958,2.6533,Tier 2: Competitive Alternative
Ag2PHO4 / Ba2B11H7O22,Ag2PHO4,Ba2B11H7O22,0.6084376645023658,78.51975269873041,0.0270429377889349,0.5949161956078983,0.6219591333968333,72.78040297807974,88.6239503040531,1.5818709676048333,5.6652,4.0833,16.065975906622555,-0.9971200549677576,0.2041730952905738,3.9451,3.737,5.274897974702795,0.7267800968476947,0.4918943347312512,Requires Buffer Layer (High Dislocation Risk),1.134,0.727,7.774,2.6516,Tier 2: Competitive Alternative
AgHg2AsO4 / AlH3NCl3,AgHg2AsO4,AlH3NCl3,0.6101448937949243,81.135702051576,0.0239601856331809,0.5981648009783338,0.6221249866115147,76.28813724997312,89.9667651777741,0.9995169977268192,5.1434,4.1439,15.781001777992866,-0.2337924897916639,-0.0423031443808972,4.1625,4.329,4.000000000000003,0.7850561775518294,0.5431844377860444,Semi-Coherent (Moderate Strain Risk),1.151,0.803,7.636,2.6504,Tier 1: Next-Gen Breakthrough
Ag2P2PdO7 / Ba2HoCl7,Ag2P2PdO7,Ba2HoCl7,0.5896308873773453,78.09784773907425,0.0060050310014651,0.5866283718766127,0.5926334028780778,69.19149633862564,87.94782563955104,1.4222169977268189,5.4559,4.0337000000000005,17.526026148831015,-1.0813122014484131,0.3147234548925304,4.0423,6.0199,48.9226430497489,0.0518282503664231,0.1587307005453247,Requires Buffer Layer (High Dislocation Risk),1.12,0.235,8.48,2.6504,Tier 2: Competitive Alternative
Ba2Mn(AsO4)2 / Ba3Tm(BO2)9,Ba2Mn(AsO4)2,Ba3Tm(BO2)9,0.6455162026733672,74.01908965822686,0.0350342210457158,0.6279990921505093,0.6630333131962252,67.03858474481592,86.37429532320058,1.498186441755564,5.2676,3.7694,16.09980458457755,-0.6808967800288781,-0.193558656550114,4.5418,4.2233,7.012638161081513,0.654250738535122,0.5474481365249695,Requires Buffer Layer (High Dislocation Risk),1.047,0.809,7.79,2.6495,Tier 2: Competitive Alternative
Ba(SmTe2)2 / Al2Pb3F12,Ba(SmTe2)2,Al2Pb3F12,0.6268916904509365,79.797897482791,0.0272462816875135,0.6132685496071798,0.6405148312946933,74.78976944467139,89.27621350777166,1.051116997726819,5.2252,4.1741,16.232185176768496,-1.4505151616526597,-0.1359574519058,3.6075,4.2594,18.070686070686083,0.3351166806752416,0.429149848440578,Requires Buffer Layer (High Dislocation Risk),1.159,0.634,7.854,2.6493,Tier 2: Competitive Alternative
Ba2V3HO9 / Ba3Tb(BO2)9,Ba2V3HO9,Ba3Tb(BO2)9,0.6169527628645446,80.70093224585142,0.0278956163860067,0.6030049546715411,0.6309005710575479,76.41936609702262,89.61410439475627,0.9943169977268193,5.1728,4.1785,15.94269133886722,-0.4138951274381708,-0.0005983008256551,4.6127,4.2127,8.671710711730665,0.5917692514367916,0.495468512218142,Requires Buffer Layer (High Dislocation Risk),1.161,0.732,7.714,2.6491,Tier 2: Competitive Alternative
Ba3NaRuO6 / Ba2P2O7,Ba3NaRuO6,Ba2P2O7,0.5952450512149979,83.70027052443893,0.0104611791812738,0.590014461624361,0.6004756408056349,77.59172183641077,91.57853962980816,0.7866169977268193,5.1483,4.3617,15.807777426493834,-0.7776909148096713,0.0128161038127336,4.7595,4.4602,6.288475680218504,0.6835518414526293,0.4840559600092055,Requires Buffer Layer (High Dislocation Risk),1.212,0.715,7.649,2.6472,Tier 2: Competitive Alternative
Ba3Zr2S7 / Ba2YC2(O2F)3,Ba3Zr2S7,Ba2YC2(O2F)3,0.62032196385832,79.73817076511747,0.025021513541053,0.6078112070877935,0.6328327206288465,74.35135814434648,89.21772952797926,1.082816997726819,5.263999999999999,4.1812000000000005,16.447548766982095,-1.045671597767858,0.1748780254472399,5.6641,4.3614,22.99924083261243,0.2487133947954957,0.3719129476110214,Requires Buffer Layer (High Dislocation Risk),1.161,0.55,7.958,2.6466,Tier 2: Competitive Alternative
Ba2Tl2O5 / Al2Pb3F12,Ba2Tl2O5,Al2Pb3F12,0.5972012289934612,81.25575930154633,0.0240147055369153,0.5851938762250035,0.6092085817619188,76.5253013555211,89.98491096534644,1.0156169977268188,5.2252,4.2096,16.232185176768496,-1.2809147898801745,0.1996389205625237,4.7113,4.2594,9.591832402946094,0.5597271420259652,0.4154098299921598,Requires Buffer Layer (High Dislocation Risk),1.169,0.614,7.854,2.6462,Tier 2: Competitive Alternative
Ba3Zr6BeCl18 / Al2Pb3F12,Ba3Zr6BeCl18,Al2Pb3F12,0.6629967348921785,72.89529228792736,0.047619666056637,0.63918690186386,0.686806567920497,67.7690479391436,85.3111652695898,1.2822169977268187,5.2252,3.943,16.232185176768496,-0.9587388536764708,0.0881055034237889,5.4707,4.2594,22.14159065567477,0.2619592727906086,0.4711857828086835,Requires Buffer Layer (High Dislocation Risk),1.095,0.696,7.854,2.6454,Tier 2: Competitive Alternative
Ba(TbTe2)2 / Al2Pb3F12,Ba(TbTe2)2,Al2Pb3F12,0.6230510070450752,80.15417066125113,0.023638723107596,0.6112316454912772,0.6348703685988732,74.61927738972737,89.57029579033271,1.0413169977268188,5.2252,4.1839,16.232185176768496,-1.4587154265336162,-0.2162336575921986,3.6075,4.2594,18.070686070686083,0.3351166806752416,0.4179432942369401,Requires Buffer Layer (High Dislocation Risk),1.162,0.618,7.854,2.6446,Tier 2: Competitive Alternative
Ba3Zr6BeCl18 / Ba3B6O11F2,Ba3Zr6BeCl18,Ba3B6O11F2,0.6552536233192618,73.8617034630246,0.0417743547524278,0.6343664459430479,0.6761408006954758,68.10359616897854,86.05989095819244,1.2822169977268187,5.252710526336427,3.9705,16.384847293223228,-0.9204275245454538,0.1338622339755698,5.4707,3.991,27.047726981921876,0.1946820658793147,0.4254496801293645,Requires Buffer Layer (High Dislocation Risk),1.103,0.629,7.928,2.6433,Tier 2: Competitive Alternative
Ba4Sb2O / Ba3Tb(BO2)9,Ba4Sb2O,Ba3Tb(BO2)9,0.5889440297660373,84.66311724480617,0.0242176652015616,0.5768351971652564,0.6010528623668181,82.0949033588498,91.43379095245793,0.8908169977268193,5.1728,4.282,15.94269133886722,-1.534758310664362,-0.1085474077533863,4.4929,4.2127,6.2365064880144185,0.6857044036940155,0.4612336457435282,Requires Buffer Layer (High Dislocation Risk),1.189,0.682,7.714,2.6429,Tier 2: Competitive Alternative
Ba4LaGe3SbSe13 / Ba(PO3)2,Ba4LaGe3SbSe13,Ba(PO3)2,0.5874121605381613,80.56015339782253,0.0279035147717289,0.5734604031522967,0.6013639179240257,76.32958549731038,89.41559437319417,1.4883785721190117,5.4349,3.9465,17.290589859932926,-1.5231642562503367,0.2443430888128721,5.952,4.3882,26.27352150537634,0.2040177965250013,0.2176766591599442,Requires Buffer Layer (High Dislocation Risk),1.096,0.322,8.366,2.6427,Tier 2: Competitive Alternative
Ba3UAgS6 / Ba3B6O11F2,Ba3UAgS6,Ba3B6O11F2,0.6121469884626518,81.93269545117413,0.0221556618040611,0.6010691575606212,0.6232248193646823,77.16946484581705,90.40873190957817,0.8985169977268191,5.252710526336427,4.3542,16.384847293223228,-1.303812083484849,-0.1022920398695512,5.6475,3.991,29.331562638335544,0.1695581166869207,0.3403386302380993,Requires Buffer Layer (High Dislocation Risk),1.209,0.503,7.928,2.6419,Tier 2: Competitive Alternative
Ba2YCoO5 / Ba3Tb(BO2)9,Ba2YCoO5,Ba3Tb(BO2)9,0.626843670437321,77.89399559468931,0.0295751668200004,0.6120560870273208,0.6416312538473213,72.30526596567617,88.23060024755195,1.0272169977268188,5.1728,4.1456,15.94269133886722,-0.3224613029659489,-0.1584812813585488,4.7072,4.2127,10.505183548606398,0.5296368983418506,0.4872854732960976,Requires Buffer Layer (High Dislocation Risk),1.152,0.72,7.714,2.6412,Tier 2: Competitive Alternative
Ba(DyTe2)2 / Al2Pb3F12,Ba(DyTe2)2,Al2Pb3F12,0.6184419243434699,79.57168644494634,0.025478488179963,0.6057026802534884,0.6311811684334514,74.08884355099448,89.21527129883897,1.041616997726819,5.2252,4.1836,16.232185176768496,-1.4668174697479008,-0.226264461229563,3.663,4.2594,16.281736281736293,0.3734224057287206,0.4111166647107793,Requires Buffer Layer (High Dislocation Risk),1.162,0.608,7.854,2.6411,Tier 2: Competitive Alternative
Ba(YTe2)2 / Al2Pb3F12,Ba(YTe2)2,Al2Pb3F12,0.6214576122382115,78.84758357707638,0.0263299253040227,0.6082926495862001,0.6346225748902229,73.10381351927147,88.85573648886876,1.061316997726819,5.2252,4.1639,16.232185176768496,-1.4579006816526612,-0.2405197050841759,3.6538,4.2594,16.574525151896665,0.3668659444297526,0.4134193577336947,Requires Buffer Layer (High Dislocation Risk),1.157,0.611,7.854,2.6401,Tier 2: Competitive Alternative
Ba(HoTe2)2 / Al2Pb3F12,Ba(HoTe2)2,Al2Pb3F12,0.6175430494891248,80.0543964527007,0.0266843154366583,0.6042008917707955,0.6308852072074539,75.11404092766344,89.38427698162921,1.0404169977268192,5.2252,4.1848,16.232185176768496,-1.4748049266526604,-0.2294494360542916,3.6538,4.2594,16.574525151896665,0.3668659444297526,0.4086475944216622,Requires Buffer Layer (High Dislocation Risk),1.162,0.604,7.854,2.6399,Tier 2: Competitive Alternative
Ba4Li(BiO4)3 / Ba2P2O7,Ba4Li(BiO4)3,Ba2P2O7,0.5943837560119973,83.23245991347808,0.0163148172889217,0.5862263473675364,0.6025411646564581,78.07656918558929,91.14923877887728,0.8215169977268192,5.1483,4.3268,15.807777426493834,-1.0269848833593065,0.089581214754553,4.7656,4.4602,6.408427060600968,0.6786092218740493,0.4728994541454939,Requires Buffer Layer (High Dislocation Risk),1.202,0.699,7.649,2.6376,Tier 2: Competitive Alternative
Ba2MnSe3 / Ba3Tm(BO2)9,Ba2MnSe3,Ba3Tm(BO2)9,0.6391786194689313,77.84510990542296,0.0276181171777507,0.6253695608800559,0.6529876780578067,71.7671711402397,88.34504666349943,1.322916997726819,5.2676,3.9447,16.467591779378182,-1.3657999630170372,0.0643648439678556,5.7412,4.2233,26.43872361178848,0.2019888505273925,0.3928549664432527,Requires Buffer Layer (High Dislocation Risk),1.096,0.581,7.968,2.6335,Tier 2: Competitive Alternative
Ba2Tl2O5 / Ba3B6O11F2,Ba2Tl2O5,Ba3B6O11F2,0.5941766318310626,81.48698260187362,0.0193490382865783,0.5845021126877734,0.6038511509743517,75.9184983683328,90.2710752583472,1.0156169977268188,5.252710526336427,4.2371,16.384847293223228,-1.2426034607491574,0.2417927355974604,4.7113,3.991,15.288773799163703,0.3965429920730536,0.3460880949651828,Requires Buffer Layer (High Dislocation Risk),1.177,0.511,7.928,2.6318,Tier 2: Competitive Alternative
Ba3NaRuO6 / Ba3Tb(BO2)9,Ba3NaRuO6,Ba3Tb(BO2)9,0.5972899853173319,82.72739765833258,0.0172185900121879,0.5886806903112379,0.6058992803234259,77.5331905340403,90.82041651955367,0.7866169977268193,5.1728,4.3862000000000005,15.94269133886722,-0.6857037143052032,-0.017737449272719,4.7595,4.2127,11.488601743880665,0.499044302051682,0.4172583311826034,Requires Buffer Layer (High Dislocation Risk),1.218,0.617,7.714,2.6317,Tier 2: Competitive Alternative
Ba2B4Se13 / BPH4NO4F,Ba2B4Se13,BPH4NO4F,0.6124522624819322,76.08986307447218,0.0297308187257077,0.5975868531190783,0.627317671844786,69.4375649423411,87.40522578618724,1.587415085264163,5.822624664282443,4.2352,16.712385092842364,-1.013857380731387,-0.2757366830374008,5.7486,3.6476,36.548029085342506,0.1095739341706974,0.2691690710078007,Requires Buffer Layer (High Dislocation Risk),1.176,0.398,8.087,2.6315,Tier 2: Competitive Alternative
Ba(SmTe2)2 / Ba2YC2(O2F)3,Ba(SmTe2)2,Ba2YC2(O2F)3,0.6082780867817004,78.62492215946068,0.0106334477839564,0.6029613628897221,0.6135948106736786,70.2875896268207,88.6523340715331,1.051116997726819,5.263999999999999,4.2129,16.447548766982095,-1.3999257176190465,-0.3122552161219112,3.6075,4.3614,20.89812889812889,0.282426539794433,0.3343906108673128,Requires Buffer Layer (High Dislocation Risk),1.17,0.494,7.958,2.6307,Tier 2: Competitive Alternative
Ba2Ge2Se5 / Ba2HoCl7,Ba2Ge2Se5,Ba2HoCl7,0.6045119757875275,81.00496745688116,0.0238282316649757,0.5925978599550396,0.6164260916200153,76.18297531317728,89.78160199690954,1.5466208727092796,5.4559,3.9092,15.870599506934466,-1.48050820453125,0.0831883761383403,5.8789,6.0199,2.398407865417,0.8649326158313135,0.5321572926264013,Semi-Coherent (Moderate Strain Risk),1.086,0.786,7.679,2.6294,Tier 1: Next-Gen Breakthrough
Ba(TmTe2)2 / Al2Pb3F12,Ba(TmTe2)2,Al2Pb3F12,0.6130874611469146,80.12597305977643,0.0277650428530047,0.5992049397204122,0.626969982573417,75.49427224390396,89.33414185654055,1.039516997726819,5.2252,4.1857,16.232185176768496,-1.4901643359383732,-0.2563728886446711,3.626,4.2594,17.468284611141765,0.347555394178277,0.3851477952743201,Requires Buffer Layer (High Dislocation Risk),1.163,0.569,7.854,2.6279,Tier 2: Competitive Alternative
Ba2InCuO4 / Ba2P2O7,Ba2InCuO4,Ba2P2O7,0.6327203717935288,71.11461537493965,0.0267930547845524,0.6193238444012525,0.646116899185805,61.20609255796906,84.9388064782711,1.3662169977268188,5.1483,3.7821,15.807777426493834,-0.9978610981926406,-0.3325401232119721,4.5464,4.4602,1.896005630828784,0.89162615707927,0.5704218584758087,Coherent Epitaxy (Low Strain Risk),1.051,0.843,7.649,2.6275,Tier 1: Next-Gen Breakthrough
Ba4Li(BiO4)3 / Ba3Tb(BO2)9,Ba4Li(BiO4)3,Ba3Tb(BO2)9,0.5986767547677679,82.4728947629499,0.0157638448540822,0.5907948323407268,0.606558677194809,76.90058542076301,90.68702926246898,0.8215169977268192,5.1728,4.3513,15.94269133886722,-0.934997682854838,0.0583503780479396,4.7656,4.2127,11.601896927983889,0.4956353697977614,0.416590100436265,Requires Buffer Layer (High Dislocation Risk),1.209,0.616,7.714,2.6275,Tier 2: Competitive Alternative
Ag2P2PdO7 / Ba2DyCl7,Ag2P2PdO7,Ba2DyCl7,0.5956537775254708,76.90788059333585,0.0088881463165839,0.5912097043671788,0.6000978506837628,67.54563331682206,87.64952514589164,1.4222169977268189,5.4194,3.9972,17.31921624773407,-1.0846529211150788,0.3084659261483037,4.0423,6.0236,49.01417509833511,0.0515420348552756,0.1701596633024345,Requires Buffer Layer (High Dislocation Risk),1.11,0.251,8.38,2.6272,Tier 2: Competitive Alternative
Ba(ErTe2)2 / Al2Pb3F12,Ba(ErTe2)2,Al2Pb3F12,0.6144686938142448,79.83803740163759,0.0277763323622741,0.6005805276331078,0.6283568599953819,75.02199888717303,89.21600530711942,1.0403169977268183,5.2252,4.184900000000001,16.232185176768496,-1.4778322616526631,-0.2488231498960548,3.6075,4.2594,18.070686070686083,0.3351166806752416,0.3836012201701428,Requires Buffer Layer (High Dislocation Risk),1.162,0.567,7.854,2.627,Tier 2: Competitive Alternative
Ba3Cr2O8 / Ba2YC2(O2F)3,Ba3Cr2O8,Ba2YC2(O2F)3,0.6076432329783885,77.48747633686759,0.0181136872390667,0.5985863893588551,0.6167000765979218,69.45923336415805,88.37467333117644,1.4032169977268192,5.263999999999999,3.8608,16.447548766982095,-0.5654762942582416,0.2476688769167012,4.8242,4.3614,9.593300443596876,0.5596774312505961,0.4004028124857696,Requires Buffer Layer (High Dislocation Risk),1.072,0.592,7.958,2.6257,Tier 2: Competitive Alternative
Ba(LuTe2)2 / Ba3B6O11F2,Ba(LuTe2)2,Ba3B6O11F2,0.6147265989061177,77.1741514942305,0.019798688993979,0.6048272544091281,0.6246259434031072,69.49238748266409,87.97353431869219,1.3820169977268193,5.252710526336427,3.8707,16.384847293223228,-1.46956300775974,-0.2803885602087478,3.6075,3.991,10.630630630630636,0.5256324087900822,0.4128164345166202,Requires Buffer Layer (High Dislocation Risk),1.075,0.61,7.928,2.6256,Tier 2: Competitive Alternative
Ba2Na2U(S2O)2 / Ba2CaP4(H3O8)2,Ba2Na2U(S2O)2,Ba2CaP4(H3O8)2,0.58842869477599,80.26222092982971,0.0212891616111843,0.5777841139703979,0.5990732755815822,74.44367827228866,89.57253117719466,1.5081917121269697,5.4657,3.9575,16.914718051502042,-0.1984276823410202,0.2325457991156032,4.7776,3.8994,18.38161419959812,0.3288716719814027,0.2676315942676809,Requires Buffer Layer (High Dislocation Risk),1.099,0.396,8.185,2.6243,Tier 2: Competitive Alternative
Ba2MnTe3 / Ba2YC2(O2F)3,Ba2MnTe3,Ba2YC2(O2F)3,0.5951519772204197,83.67778917792924,0.0182471864238955,0.5860283840084719,0.6042755704323675,79.10872736790108,91.3573777876868,1.0806169977268187,5.263999999999999,4.1834,16.447548766982095,-1.7347148749876848,-0.2353109910599034,3.6507,4.3614,19.467499383679836,0.3079605117867257,0.3267791384837931,Requires Buffer Layer (High Dislocation Risk),1.162,0.483,7.958,2.6235,Tier 2: Competitive Alternative
Ba3UAgS6 / Al2Pb3F12,Ba3UAgS6,Al2Pb3F12,0.6060685330762237,82.11437790660952,0.0222621544238333,0.594937455864307,0.6171996102881404,77.47310639872185,90.49498091249542,0.8985169977268191,5.2252,4.3267,16.232185176768496,-1.342123412615866,-0.1454919453625164,5.6475,4.2594,24.579017264276224,0.2260428842281732,0.3378603072438082,Requires Buffer Layer (High Dislocation Risk),1.202,0.499,7.854,2.6191,Tier 2: Competitive Alternative
Ba2YCoO5 / Ba3B6O11F2,Ba2YCoO5,Ba3B6O11F2,0.5886469625889816,81.28579315791605,0.0263495728972636,0.5754721761403498,0.6018217490376135,77.12046707162413,89.85073921602851,1.0272169977268188,5.252710526336427,4.2255,16.384847293223228,-0.3986903389898977,0.2239498284226719,4.7072,3.991,15.214989802855202,0.3983170897156131,0.3236483544907675,Requires Buffer Layer (High Dislocation Risk),1.174,0.478,7.928,2.6189,Tier 2: Competitive Alternative
Ba2InSbSe5 / Ba3Tm(BO2)9,Ba2InSbSe5,Ba3Tm(BO2)9,0.5964966368128766,84.05081658592795,0.0254101525579555,0.5837915605338988,0.6092017130918543,81.37845691251324,91.10603347394373,1.0234169977268193,5.2676,4.2442,16.467591779378182,-1.7078275851345963,-0.1638942556901182,5.8583,4.2233,27.909120393288152,0.1847961813286733,0.2927262020019661,Requires Buffer Layer (High Dislocation Risk),1.179,0.433,7.968,2.615,Tier 2: Competitive Alternative
Ba2InSbSe5 / Ba2YC2(O2F)3,Ba2InSbSe5,Ba2YC2(O2F)3,0.590486230443077,85.86253521889773,0.0183580375600451,0.5813072116630544,0.5996652492230996,82.5938359201709,92.34272650118092,1.0234169977268193,5.263999999999999,4.240600000000001,16.447548766982095,-1.764471947600034,-0.047870584351271,5.8583,4.3614,25.551781233463636,0.2131236501386834,0.2929233309123599,Requires Buffer Layer (High Dislocation Risk),1.178,0.433,7.958,2.6123,Tier 2: Competitive Alternative
Ba(GdTe2)2 / Ba3B6H2O13,Ba(GdTe2)2,Ba3B6H2O13,0.6313877806234972,78.20231592061246,0.026759807584092,0.6180078768314512,0.6447676844155432,72.15666450747439,88.54840404603067,1.013858253812388,5.0891,4.0753,15.483711135885049,-1.07297370534226,-0.1262483743528084,3.6815,3.942,7.075920141246773,0.6517506893062175,0.5469532778407392,Requires Buffer Layer (High Dislocation Risk),1.132,0.808,7.492,2.6087,Tier 2: Competitive Alternative
Ba4P2O / Ba3Tb(BO2)9,Ba4P2O,Ba3Tb(BO2)9,0.6057455281269372,81.36170405852842,0.0229673828136207,0.5942618367201268,0.6172292195337475,76.43205098359424,90.1165424355911,1.2965169977268192,5.1728,3.8763,15.94269133886722,-1.6233182343378318,0.0642623119985553,3.996,4.2127,5.42292292292292,0.7203004683752151,0.4817843525746343,Requires Buffer Layer (High Dislocation Risk),1.077,0.712,7.714,2.6085,Tier 2: Competitive Alternative
Ba3UAgS6 / Ba2YC2(O2F)3,Ba3UAgS6,Ba2YC2(O2F)3,0.5858932875284357,79.5095031526542,0.0174076706689557,0.5771894521939578,0.5945971228629136,72.46847843405266,89.36771910024893,0.8985169977268191,5.263999999999999,4.3655,16.447548766982095,-1.291533968582253,-0.3155423204673004,5.6475,4.3614,22.77290836653387,0.2521424795578886,0.2572855418432772,Requires Buffer Layer (High Dislocation Risk),1.213,0.38,7.958,2.6078,Tier 2: Competitive Alternative
Ba3(TaS4)2 / Ba3B6O11F2,Ba3(TaS4)2,Ba3B6O11F2,0.602430328036377,81.87346232696267,0.0229369570641002,0.5909618495043268,0.6138988065684271,77.27229095299629,90.3186601507269,1.000616997726819,5.252710526336427,4.2521,16.384847293223228,-1.3646187390582838,0.1462571435290797,5.6703,3.991,29.615716981464825,0.1666680986477239,0.2939582572200743,Requires Buffer Layer (High Dislocation Risk),1.181,0.434,7.928,2.6065,Tier 2: Competitive Alternative
Ba2Ge2Se5 / Ba2DyCl7,Ba2Ge2Se5,Ba2DyCl7,0.6056898011313905,81.40191606282444,0.0227389107661724,0.5943203457483043,0.6170592565144767,76.64359096137542,89.94836068717227,1.5466208727092796,5.4194,3.8727,15.683323903982268,-1.4838489241979154,0.0745474733390141,5.8789,6.0236,2.4613448094031245,0.8616454869352597,0.5350647012108325,Semi-Coherent (Moderate Strain Risk),1.076,0.791,7.589,2.6042,Tier 1: Next-Gen Breakthrough
Ba3(TaS4)2 / Al2Pb3F12,Ba3(TaS4)2,Al2Pb3F12,0.6074345406184718,81.82308290748216,0.0216889126150418,0.596590084310951,0.6182789969259928,76.93005559813996,90.34410486588304,1.000616997726819,5.2252,4.2246,16.232185176768496,-1.4029300681893009,0.1036311130047815,5.6703,4.2594,24.88228136077456,0.2219333821991663,0.3311012951829915,Requires Buffer Layer (High Dislocation Risk),1.174,0.489,7.854,2.6042,Tier 2: Competitive Alternative
Ba3Zr2S7 / Ba3Tb(BO2)9,Ba3Zr2S7,Ba3Tb(BO2)9,0.6451361858141602,76.74752519687245,0.0308003320030846,0.629736019812618,0.6605363518157026,70.58443117408896,87.7885599258558,1.082816997726819,5.1728,4.09,15.94269133886722,-0.9817206766465052,0.0146699266503667,5.6641,4.2127,25.624547589202173,0.2121874643699852,0.4235078782448102,Requires Buffer Layer (High Dislocation Risk),1.136,0.626,7.714,2.6021,Tier 2: Competitive Alternative
Ba3ThSe7 / Ba3Tm(BO2)9,Ba3ThSe7,Ba3Tm(BO2)9,0.6160287792177853,78.75011135445239,0.0239819809228321,0.6040377887563693,0.6280197696792014,72.54690985429194,88.82328990679686,1.178416997726819,5.2676,4.0892,16.467591779378182,-1.200179073867756,0.2119240927320747,6.3102,4.2233,33.07185192228456,0.1352206971990096,0.2985384584217796,Requires Buffer Layer (High Dislocation Risk),1.136,0.441,7.968,2.6008,Tier 2: Competitive Alternative
Ag2PHO4 / BHS3O11,Ag2PHO4,BHS3O11,0.6280443716099882,77.51605385349492,0.0249990618340757,0.6155448406929502,0.640543902527026,70.71989351588408,88.28724343992336,1.5818709676048333,5.696299999999999,4.1144,16.220475914395905,-0.2106667826748516,-0.1171981333851836,3.9451,5.0968,29.19317634533979,0.1709836794421596,0.3508908150776087,Requires Buffer Layer (High Dislocation Risk),1.143,0.519,7.849,2.6008,Tier 2: Competitive Alternative
Ba2Re6S11 / AlHSO5,Ba2Re6S11,AlHSO5,0.6204166034692326,76.34166440976195,0.0257984129504367,0.6075173969940142,0.6333158099444509,69.2625376653002,87.46408939957234,1.592859980406364,5.6943,4.1014,15.944792230857402,-1.091185100074017,-0.2449895157751012,5.4604,4.7268,13.434913193172662,0.4436087724182375,0.416344479213056,Requires Buffer Layer (High Dislocation Risk),1.139,0.615,7.715,2.5999,Tier 2: Competitive Alternative
Ba2Mn(AsO4)2 / Al2Pb3F12,Ba2Mn(AsO4)2,Al2Pb3F12,0.6307085332444049,75.67524130654273,0.0303157383086266,0.6155506640900916,0.6458664023987183,68.82383634854412,87.2583943242443,1.498186441755564,5.2252,3.727,15.86965555303055,-0.7881305865279287,0.1371075932385296,4.5418,4.2594,6.21779911048483,0.6864809207755134,0.5118130323060371,Requires Buffer Layer (High Dislocation Risk),1.035,0.756,7.679,2.5986,Tier 2: Competitive Alternative
Ba3Ta2Se9 / Ba(PO3)2,Ba3Ta2Se9,Ba(PO3)2,0.592105645671592,79.49161205619797,0.0116347402299517,0.5862882755566161,0.5979230157865678,71.87337241682738,88.98135465986564,1.5010593186159011,5.4349,3.9338,16.939482204402772,-1.404547482029016,0.281305607809243,6.2292,4.3882,29.554356899762404,0.1672879679747251,0.2130861938717626,Requires Buffer Layer (High Dislocation Risk),1.093,0.315,8.197,2.5964,Tier 2: Competitive Alternative
Ba(DyTe2)2 / Ba3B6H2O13,Ba(DyTe2)2,Ba3B6H2O13,0.6305338793121134,77.36273517489167,0.0298202798324747,0.615623739395876,0.6454440192283507,71.42095873376545,88.06028699157932,1.041616997726819,5.0891,4.0475,15.483711135885049,-1.1036027745089303,-0.2291043854231006,3.663,3.942,7.616707616707627,0.6307720013537961,0.5277972043089298,Requires Buffer Layer (High Dislocation Risk),1.124,0.78,7.492,2.5958,Tier 2: Competitive Alternative
Ba2InBiSe5 / Ba3Tm(BO2)9,Ba2InBiSe5,Ba3Tm(BO2)9,0.6137780260371055,82.24328456635607,0.0222736944352165,0.6026411788194973,0.6249148732547138,77.65813820639411,90.57561821043512,1.316416997726819,5.2676,3.9512,16.467591779378182,-1.6683043573568186,-0.0193865154889653,5.9323,4.2233,28.808387977681505,0.1750108210060971,0.3176925650190648,Requires Buffer Layer (High Dislocation Risk),1.098,0.469,7.968,2.5954,Tier 2: Competitive Alternative
Ba2Zr6BCl17 / Ba3Tb(BO2)9,Ba2Zr6BCl17,Ba3Tb(BO2)9,0.6639984552509464,72.95461950642598,0.0439731421669036,0.6420118841674946,0.6859850263343982,67.12776025666376,85.4926790305397,1.3409169977268192,5.1728,3.8319,15.94269133886722,-0.806289501245864,-0.0233565594091704,5.4162,4.2127,22.22037590930911,0.2607136129439358,0.4657981249509452,Requires Buffer Layer (High Dislocation Risk),1.064,0.688,7.714,2.5952,Tier 2: Competitive Alternative
Ba(HoTe2)2 / Ba3B6H2O13,Ba(HoTe2)2,Ba3B6H2O13,0.628289763766394,78.04629605008884,0.0288538894425122,0.613862819045138,0.6427167084876502,72.33488307191556,88.39540293064333,1.0404169977268192,5.0891,4.0487,15.483711135885049,-1.1115902314136898,-0.2323955837676291,3.6538,3.942,7.887678581203137,0.6205155872641689,0.5202405494856365,Requires Buffer Layer (High Dislocation Risk),1.125,0.769,7.492,2.592,Tier 2: Competitive Alternative
Ba3UAgS6 / AcCl3,Ba3UAgS6,AcCl3,0.6110226671124676,80.43293495112813,0.0261680436899793,0.5979386452674779,0.6241066889574572,75.64866367629764,89.53986691146265,0.8985169977268191,5.0865,4.188,15.469499303872531,-1.037108659564395,-0.1897325692454632,5.6475,6.0587,7.281097830898628,0.6437103515221905,0.4917852195483181,Requires Buffer Layer (High Dislocation Risk),1.163,0.727,7.485,2.591,Tier 2: Competitive Alternative
Ba2MnSe3 / Ba2YC2(O2F)3,Ba2MnSe3,Ba2YC2(O2F)3,0.6126824313587689,79.40473792704267,0.0204002820413323,0.6024822903381026,0.622882572379435,72.98281824955986,89.13388405515232,1.322916997726819,5.263999999999999,3.9411,16.447548766982095,-1.4224443254824748,0.1894141229605947,5.7412,4.3614,24.033303142200243,0.2336304138789854,0.3155672513652688,Requires Buffer Layer (High Dislocation Risk),1.095,0.466,7.958,2.5907,Tier 2: Competitive Alternative
Ba3(TaS4)2 / AcCl3,Ba3(TaS4)2,AcCl3,0.6185448258260826,79.68732390518167,0.0251767099650672,0.605956470843549,0.6311331808086162,74.21285966167368,89.27794881567831,1.000616997726819,5.0865,4.0859000000000005,15.469499303872531,-1.0979153151378298,0.0667417215301402,5.6703,6.0587,6.849725764068918,0.6607310478286202,0.5130699149622322,Requires Buffer Layer (High Dislocation Risk),1.135,0.758,7.485,2.5907,Tier 2: Competitive Alternative
Ba2MnTe3 / Al2Pb3F12,Ba2MnTe3,Al2Pb3F12,0.5854586302191302,85.63045766506774,0.0187222113209099,0.5760975245586752,0.5948197358795851,82.32204434335371,92.2064299642854,1.0806169977268187,5.2252,4.1446000000000005,16.232185176768496,-1.7853043190212978,-0.0570380736379868,3.6507,4.2594,16.673514668419763,0.364675399527378,0.3219594283084315,Requires Buffer Layer (High Dislocation Risk),1.151,0.476,7.854,2.5906,Tier 2: Competitive Alternative
Ba(GdSe2)2 / Ba3Tm(BO2)9,Ba(GdSe2)2,Ba3Tm(BO2)9,0.6321763912668839,75.81257923887715,0.0324985889412091,0.6159270967962792,0.6484256857374884,69.4743793238771,87.24390216350845,1.481060739031996,5.2676,3.7866,16.467591779378182,-0.8842309115524234,0.161358474621032,5.772,4.2233,26.831254331254332,0.1972485072601096,0.3379319103763929,Requires Buffer Layer (High Dislocation Risk),1.052,0.499,7.968,2.5876,Tier 2: Competitive Alternative
Ba(SmTe2)2 / Ba3B6H2O13,Ba(SmTe2)2,Ba3B6H2O13,0.6323849564861528,77.74980779114722,0.0283387907901294,0.6182155610910881,0.6465543518812176,71.73459438909656,88.30021415157027,1.051116997726819,5.0891,4.038,15.483711135885049,-1.087300466413689,-0.1357602773650321,3.6075,3.942,9.27234927234928,0.5706511903802212,0.5138608855386508,Requires Buffer Layer (High Dislocation Risk),1.122,0.759,7.492,2.5875,Tier 2: Competitive Alternative
Ba(YTe2)2 / Ba3B6H2O13,Ba(YTe2)2,Ba3B6H2O13,0.6287583859092697,77.06188881568113,0.0297365301153316,0.6138901208516039,0.6436266509669355,70.93090122192565,87.9164453134256,1.061316997726819,5.0891,4.0278,15.483711135885049,-1.0946859864136906,-0.243855206316103,3.6538,3.942,7.887678581203137,0.6205155872641689,0.5135746841509252,Requires Buffer Layer (High Dislocation Risk),1.119,0.759,7.492,2.5862,Tier 2: Competitive Alternative
AgBi(PSe3)2 / Al2H16S3O20,AgBi(PSe3)2,Al2H16S3O20,0.5990213083601883,76.78456183519931,0.002781884554849,0.5976303660827638,0.6004122506376128,66.13199537671306,87.86553163556596,1.5618706393749548,5.6055,4.0437,16.25761270479248,-1.267216999400951,-0.3416425550856888,5.0567,4.348,14.015069116222048,0.4283084430880409,0.3284168998122459,Requires Buffer Layer (High Dislocation Risk),1.123,0.485,7.867,2.5858,Tier 2: Competitive Alternative
Ba3Cr2O8 / Ba2P2O7,Ba3Cr2O8,Ba2P2O7,0.6323053191709068,75.438283492676,0.032245202199346,0.6161827180712338,0.6484279202705798,68.8461404085634,87.05757335058118,1.4032169977268192,5.1483,3.7451,15.807777426493834,-0.5935125736413571,0.1117994179060639,4.8242,4.4602,7.545292483727869,0.6335032206939374,0.4976235308207912,Requires Buffer Layer (High Dislocation Risk),1.04,0.735,7.649,2.5857,Tier 2: Competitive Alternative
Ba3Cr2O8 / Ba3Tb(BO2)9,Ba3Cr2O8,Ba3Tb(BO2)9,0.6376728151542712,75.59684940763205,0.0331031565217498,0.6211212368933963,0.6542243934151462,69.2392532798228,87.13078746968465,1.4032169977268192,5.1728,3.7696,15.94269133886722,-0.5015253731368889,0.0756048387096774,4.8242,4.2127,12.675676796152738,0.4644606467007223,0.4568938960318978,Requires Buffer Layer (High Dislocation Risk),1.047,0.675,7.714,2.5837,Tier 2: Competitive Alternative
Ba2Zr6BCl17 / Ba2P2O7,Ba2Zr6BCl17,Ba2P2O7,0.6588183486652956,73.59541542826851,0.0455973165464561,0.6360196903920675,0.6816170069385237,68.5883293711031,85.63465575706228,1.3409169977268192,5.1483,3.8074,15.807777426493834,-0.8982767017503321,0.011608972001891,5.4162,4.4602,17.650751449355628,0.3437397451676137,0.4801238749651215,Requires Buffer Layer (High Dislocation Risk),1.058,0.71,7.649,2.5836,Tier 2: Competitive Alternative
Ba3Zr2S7 / Ba2P2O7,Ba3Zr2S7,Ba2P2O7,0.6375582016063278,77.57320267717485,0.0308973023681813,0.6221095504222371,0.6530068527904185,71.9644663446712,88.12837596551799,1.082816997726819,5.1483,4.0655,15.807777426493834,-1.0737078771509734,0.0476448161357766,5.6641,4.4602,21.254921346727635,0.2763954244049195,0.4229561285788771,Requires Buffer Layer (High Dislocation Risk),1.129,0.625,7.649,2.5827,Tier 2: Competitive Alternative
Ba3(TaS4)2 / Ba3Tb(BO2)9,Ba3(TaS4)2,Ba3Tb(BO2)9,0.6241193160285223,79.06342285367589,0.0254403666224771,0.6113991327172837,0.6368394993397609,73.25669274828729,88.99797109340388,1.000616997726819,5.1728,4.1722,15.94269133886722,-1.288389703034335,-0.235223623028618,5.6703,4.2127,25.70587094157276,0.2111460527221554,0.3666264312073058,Requires Buffer Layer (High Dislocation Risk),1.159,0.542,7.714,2.5818,Tier 2: Competitive Alternative
Ba3Zr6BeCl18 / Ba3Tb(BO2)9,Ba3Zr6BeCl18,Ba3Tb(BO2)9,0.657381475737427,70.77335322399503,0.0432176426375825,0.6357726544186357,0.6789902970562183,63.34063341807619,84.59970573930012,1.2822169977268187,5.1728,3.8906,15.94269133886722,-0.844198488521505,-0.2754845011052279,5.4707,4.2127,22.995229129727456,0.2487737668583191,0.4263152965214156,Requires Buffer Layer (High Dislocation Risk),1.081,0.63,7.714,2.5813,Tier 2: Competitive Alternative
Ba(TmTe2)2 / Ba3B6H2O13,Ba(TmTe2)2,Ba3B6H2O13,0.6246329038115266,77.60109117316237,0.0284704548597453,0.610397676381654,0.6388681312413993,71.55674303839818,88.1936043624305,1.039516997726819,5.0891,4.0496,15.483711135885049,-1.1269496406994026,-0.2602232319241406,3.626,3.942,8.714837286265865,0.5902272446469271,0.4920608764466883,Requires Buffer Layer (High Dislocation Risk),1.125,0.727,7.492,2.5775,Tier 2: Competitive Alternative
Ba(TbTe2)2 / Ba3B6H2O13,Ba(TbTe2)2,Ba3B6H2O13,0.6264880169611031,77.34628860843283,0.030055088315969,0.6114604728031187,0.6415155611190877,71.46144925558455,88.02449201121006,1.0413169977268188,5.0891,4.0478000000000005,15.483711135885049,-1.0955007312946456,-0.2187361035624289,3.6075,3.942,9.27234927234928,0.5706511903802212,0.489738221228849,Requires Buffer Layer (High Dislocation Risk),1.124,0.724,7.492,2.5761,Tier 2: Competitive Alternative
Ba2MnTe3 / Ba3B6H2O13,Ba2MnTe3,Ba3B6H2O13,0.6194667968031873,80.17849832901543,0.020140841607163,0.6093963759996058,0.6295372176067688,73.96384906068876,89.68925892377717,1.0806169977268187,5.0891,4.0085,15.483711135885049,-1.4220896237823273,-0.0541599101908444,3.6507,3.942,7.979291642698663,0.6170858372681798,0.4970345656785928,Requires Buffer Layer (High Dislocation Risk),1.113,0.735,7.492,2.5755,Tier 2: Competitive Alternative
Ba2InSbSe5 / AcCl3,Ba2InSbSe5,AcCl3,0.5885886854135839,84.33808245915907,0.0159550532398893,0.5806111587936392,0.5965662120335286,79.67038527747903,91.74065186434152,1.0234169977268193,5.0865,4.0631,15.469499303872531,-1.510046638582176,0.0935000369176244,5.8583,6.0587,3.420787600498441,0.8130540822369354,0.4879867659147857,Semi-Coherent (Moderate Strain Risk),1.129,0.721,7.485,2.5752,Tier 1: Next-Gen Breakthrough
Ba3Zr6BeCl18 / Ba2P2O7,Ba3Zr6BeCl18,Ba2P2O7,0.651014442461113,73.23588073706387,0.0427797562064287,0.6296245643578986,0.6724043205643273,67.30404644342451,85.71378035643892,1.2822169977268187,5.1483,3.8661,15.807777426493834,-0.9361856890259732,-0.2426476293939629,5.4707,4.4602,18.471128009212705,0.3270954533024887,0.4468303790748267,Requires Buffer Layer (High Dislocation Risk),1.074,0.66,7.649,2.5729,Tier 2: Competitive Alternative
Ba3(TaS4)2 / Ba2P2O7,Ba3(TaS4)2,Ba2P2O7,0.6217341252938067,79.98024775070132,0.0253917368542618,0.6090382568666758,0.6344299937209377,74.70815411915206,89.41983612084343,1.000616997726819,5.1483,4.1477,15.807777426493834,-1.3803769035388032,-0.2043783301588832,5.6703,4.4602,21.34102252085427,0.2749593906697587,0.3860703424147496,Requires Buffer Layer (High Dislocation Risk),1.152,0.571,7.649,2.5728,Tier 2: Competitive Alternative
Ba2Mn(AsO4)2 / Ba2P2O7,Ba2Mn(AsO4)2,Ba2P2O7,0.6284844936923071,75.47409438978167,0.0286994151234208,0.6141347861305966,0.6428342012540175,68.20039743874877,87.20791913170194,1.498186441755564,5.1483,3.6501,15.45472652545052,-0.7655774218774312,-0.2121859675077395,4.5418,4.4602,1.79664450217975,0.8970021748163315,0.5754872662349043,Coherent Epitaxy (Low Strain Risk),1.014,0.85,7.478,2.5728,Tier 1: Next-Gen Breakthrough
Ba2Na2U(S2O)2 / Ba3Tm(BO2)9,Ba2Na2U(S2O)2,Ba3Tm(BO2)9,0.633434491673271,76.49683944762135,0.0311412047881191,0.6178638892792114,0.6490050940673305,70.29474239471524,87.61648228667327,1.5081917121269697,5.2676,3.7594,15.843063850342524,-0.7750060396539102,0.1202319519072192,4.7776,4.2233,11.60205961152042,0.4956304916030231,0.4580673829624843,Requires Buffer Layer (High Dislocation Risk),1.044,0.677,7.666,2.5711,Tier 2: Competitive Alternative
Ba2SiTe4 / Ba3B6O11F2,Ba2SiTe4,Ba3B6O11F2,0.5853652781145011,84.88041955215438,0.0133164413061909,0.5787070574614057,0.5920234987675966,79.97651846623246,92.07544045060756,1.3583169977268197,5.252710526336427,3.8944,16.384847293223228,-1.904467565735929,-0.0592645850451931,3.4357,3.991,16.162645166923767,0.3761226347201893,0.3003590262432604,Requires Buffer Layer (High Dislocation Risk),1.082,0.444,7.928,2.5701,Tier 2: Competitive Alternative
Ba(ErTe2)2 / Ba3B6H2O13,Ba(ErTe2)2,Ba3B6H2O13,0.6230013013809415,77.20658246580705,0.0294001136418489,0.608301244560017,0.6377013582018659,71.11782002139628,87.97262198452383,1.0403169977268183,5.0891,4.0488,15.483711135885049,-1.1146175664136926,-0.2524204702627939,3.6075,3.942,9.27234927234928,0.5706511903802212,0.4757577885172908,Requires Buffer Layer (High Dislocation Risk),1.125,0.703,7.492,2.569,Tier 2: Competitive Alternative
Ba2Mn(AsO4)2 / Ba3B6O11F2,Ba2Mn(AsO4)2,Ba3B6O11F2,0.6223526500725168,76.93867044920259,0.0296851244013514,0.6075100878718411,0.6371952122731925,70.76529340934528,87.81966160689988,1.498186441755564,5.252710526336427,3.7545,16.01890811377638,-0.7498192573969118,0.1851378345984818,4.5418,3.991,12.127350389713332,0.4801269655101779,0.4131490202110805,Requires Buffer Layer (High Dislocation Risk),1.043,0.611,7.751,2.5686,Tier 2: Competitive Alternative
Ba2InBiSe5 / Ba2YC2(O2F)3,Ba2InBiSe5,Ba2YC2(O2F)3,0.5938360422086423,83.05452673822062,0.0223254725643891,0.5826733059264477,0.6049987784908368,79.0396053895094,90.8625950003653,1.316416997726819,5.263999999999999,3.9476,16.447548766982095,-1.7249487198222562,0.1053804843449184,5.9323,4.3614,26.480454461170204,0.2014795291828698,0.2579804458404203,Requires Buffer Layer (High Dislocation Risk),1.097,0.381,7.958,2.5617,Tier 2: Competitive Alternative
Ba2MnMoO6 / Ba3Si2(B3O8)2,Ba2MnMoO6,Ba3Si2(B3O8)2,0.5999251942814374,78.32920500514894,0.0237477879479246,0.5880513003074751,0.6117990882553997,71.84440641670575,88.62479209194909,1.520474388087488,5.4031,3.8826,16.2527907938258,-0.5222450534476364,0.2574563436872199,4.6694,3.8989,16.501049385360016,0.368500397810139,0.3065383015631043,Requires Buffer Layer (High Dislocation Risk),1.078,0.453,7.864,2.556,Tier 2: Competitive Alternative
AgHgSI / BHS3O11,AgHgSI,BHS3O11,0.595649098188361,81.48218286487482,0.02359058419072,0.583853806093001,0.607444390283721,76.83150582054358,90.07016789455416,1.621961699807579,5.696299999999999,4.074400000000001,15.281553275692572,-1.3576760963281238,-0.0454054584724131,5.3095,5.0968,4.0060269328562,0.7847699751412504,0.4852572891768203,Semi-Coherent (Moderate Strain Risk),1.132,0.717,7.394,2.5523,Tier 1: Next-Gen Breakthrough
Ba2MnSe3 / Ba3Tb(BO2)9,Ba2MnSe3,Ba3Tb(BO2)9,0.6362747157586309,77.72679255996724,0.0191560439355729,0.6266966937908445,0.6458527377264174,70.0586464010972,88.43097282812444,1.322916997726819,5.1728,3.8499,15.94269133886722,-1.358493404361122,0.019558949583106,5.7412,4.2127,26.62335400264753,0.1997451615494223,0.3725266003811038,Requires Buffer Layer (High Dislocation Risk),1.069,0.551,7.714,2.549,Tier 2: Competitive Alternative
Ag2PHO4 / Al2H16S3O20,Ag2PHO4,Al2H16S3O20,0.5931573722040571,80.89157860596404,0.0217957902841822,0.582259477061966,0.6040552673461482,75.48116626453773,89.90675131448023,1.5818709676048333,5.6055,4.0236,15.770277059565966,-0.1596566223324993,0.1105477681678098,3.9451,4.348,10.212668880383257,0.5390933848853677,0.3746962598468161,Requires Buffer Layer (High Dislocation Risk),1.118,0.554,7.631,2.5486,Tier 2: Competitive Alternative
Ba2Mn(AsO4)2 / Ba3Tb(BO2)9,Ba2Mn(AsO4)2,Ba3Tb(BO2)9,0.6298010753204337,74.83653604071203,0.0277439517476959,0.6159290994465857,0.6436730511942816,66.99608429165266,86.94800517991354,1.498186441755564,5.1728,3.6746,15.58662727050496,-0.673590221372963,-0.2471561530506721,4.5418,4.2127,7.246025804747025,0.6450776633197413,0.4827172429173528,Requires Buffer Layer (High Dislocation Risk),1.021,0.713,7.542,2.5434,Tier 2: Competitive Alternative
Ba3Zr6BeCl18 / AcCl3,Ba3Zr6BeCl18,AcCl3,0.6377835286042138,75.1868723308821,0.0388490029839949,0.6183590271122164,0.6572080300962113,69.77862783997247,86.67311088642471,1.2822169977268187,5.0865,3.8043,15.469499303872531,-0.6537241006249999,0.0479194595589202,5.4707,6.0587,10.748167510556238,0.5219079047280969,0.4790985243164841,Requires Buffer Layer (High Dislocation Risk),1.057,0.708,7.485,2.5418,Tier 2: Competitive Alternative
Ba2SnSe5 / Ba3Tm(BO2)9,Ba2SnSe5,Ba3Tm(BO2)9,0.5872325962264894,82.1465175553792,0.0210527491044616,0.5767062216742586,0.5977589707787202,77.40277150763627,90.42346730192531,1.3426169977268192,5.2676,3.925,16.467591779378182,-1.6266304785250765,0.215031847133758,6.2206,4.2233,32.10783525704916,0.1433416936244087,0.2030989296061965,Requires Buffer Layer (High Dislocation Risk),1.09,0.3,7.968,2.5332,Tier 2: Competitive Alternative
Ba2YCoO5 / Ba4Bi3F17,Ba2YCoO5,Ba4Bi3F17,0.6031027542451776,79.21923727857724,0.0279463731008351,0.58912956769476,0.6170759407955951,74.1034270413672,88.89012616677279,1.0272169977268188,4.9991,3.9719,14.995201535508638,-0.6944965196527728,-0.2423777033661471,4.7072,4.7946,1.8567301155676343,0.8937473303567192,0.5307090152135027,Coherent Epitaxy (Low Strain Risk),1.103,0.784,7.256,2.5298,Tier 1: Next-Gen Breakthrough
Ba4LaGe3SbSe13 / Ba3Tm(BO2)9,Ba4LaGe3SbSe13,Ba3Tm(BO2)9,0.5987095903738029,82.42776142653588,0.0215018702993241,0.5879586552241408,0.609460525523465,77.88201088450974,90.59610659896602,1.4883785721190117,5.2676,3.7792,16.357610223080975,-1.6806349554515685,-0.0047099915325995,5.952,4.2233,29.044018817204297,0.1725336242286944,0.2472937535054343,Requires Buffer Layer (High Dislocation Risk),1.05,0.365,7.915,2.5266,Tier 2: Competitive Alternative
Ba2InSbSe5 / Ba3Tb(BO2)9,Ba2InSbSe5,Ba3Tb(BO2)9,0.5925812058136368,83.30897405805054,0.0238150310469961,0.5806736902901387,0.6044887213371348,79.81599076616,90.86677266012516,1.0234169977268193,5.1728,4.1494,15.94269133886722,-1.7005210264786812,-0.2106810623222635,5.8583,4.2127,28.090060256388373,0.1827842752059447,0.2644272513323522,Requires Buffer Layer (High Dislocation Risk),1.153,0.391,7.714,2.5264,Tier 2: Competitive Alternative
Ba2Na2U(S2O)2 / Ba2YC2(O2F)3,Ba2Na2U(S2O)2,Ba2YC2(O2F)3,0.6032612762836232,75.92748557387782,0.0292453776030938,0.5886385874820763,0.6178839650851702,69.11746031896577,87.31235999217326,1.5081917121269697,5.263999999999999,3.7558,15.823780962510554,-0.8316504021193478,0.2515043399542042,4.7776,4.3614,8.711486939048893,0.5903468934781799,0.3763044121570996,Requires Buffer Layer (High Dislocation Risk),1.043,0.556,7.657,2.5261,Tier 2: Competitive Alternative
Ba3ThSe7 / Ba3Tb(BO2)9,Ba3ThSe7,Ba3Tb(BO2)9,0.6186637654265897,78.12113815580067,0.0302330999709774,0.603547215441101,0.6337803154120785,72.76985507207661,88.34337358825962,1.178416997726819,5.1728,3.9944,15.94269133886722,-1.192872515211841,0.1722411375926297,6.3102,4.2127,33.239833919685594,0.1338534208314043,0.2958810183873299,Requires Buffer Layer (High Dislocation Risk),1.11,0.437,7.714,2.5254,Tier 2: Competitive Alternative
Ba(ErSe2)2 / Al(PO3)3,Ba(ErSe2)2,Al(PO3)3,0.6083687092041055,77.15307032675882,0.0254873584652164,0.5956250299714972,0.6211123884367137,70.29307813832547,88.04877816689101,1.6213687348322552,5.8176,4.1962,15.866986571828296,-0.604249828028848,-0.23621371717268,5.698,3.7814,33.63636363636364,0.130680482504025,0.2658730120032703,Requires Buffer Layer (High Dislocation Risk),1.166,0.393,7.678,2.5232,Tier 2: Competitive Alternative
Ba2InCuO4 / Ba3B6H2O13,Ba2InCuO4,Ba3B6H2O13,0.6408002878459611,75.30327345713685,0.0314539532153813,0.6250733112382704,0.6565272644536517,68.52976067302885,86.96779921507112,1.3662169977268188,5.0891,3.7229,15.483711135885049,-0.6571995676041675,0.0126514276504875,4.5464,3.942,13.294034840753124,0.447405870848406,0.4563722745873485,Requires Buffer Layer (High Dislocation Risk),1.034,0.674,7.492,2.5227,Tier 2: Competitive Alternative
Ba3UFe2O9 / Ba2Nd2Si4O13,Ba3UFe2O9,Ba2Nd2Si4O13,0.617805260675298,78.58677557960492,0.037335385042318,0.5991375681541389,0.6364729531964569,75.1406692173908,88.12860308895554,1.0506169977268185,5.046200000000001,3.9956,15.250101667344447,-0.6245637559047634,-0.1550705776353989,4.736,4.2638,9.970439189189188,0.547051915834486,0.4523565005189301,Requires Buffer Layer (High Dislocation Risk),1.11,0.669,7.379,2.5227,Tier 2: Competitive Alternative
Ba(GdSe2)2 / Ba2YC2(O2F)3,Ba(GdSe2)2,Ba2YC2(O2F)3,0.5943866415188727,77.17625564507166,0.0193334897583405,0.5847198966397024,0.604053386398043,69.31160023331651,88.08391565118862,1.481060739031996,5.263999999999999,3.783,16.447548766982095,-0.940875274017861,0.291726143272535,5.772,4.3614,24.438669438669447,0.2279703958914118,0.2164990615140531,Requires Buffer Layer (High Dislocation Risk),1.051,0.32,7.958,2.5219,Tier 2: Competitive Alternative
Ba2V3HO9 / Ba4Bi3F17,Ba2V3HO9,Ba4Bi3F17,0.6060781215036946,79.78118059278958,0.0319770447229316,0.5900895991422287,0.6220666438651603,75.9753716299838,88.85786947834208,0.9943169977268193,4.9991,4.0048,14.995201535508638,-0.7859303441249947,-0.0769576508190171,4.6127,4.7946,3.94346044615951,0.7877461726094169,0.50829181243865,Semi-Coherent (Moderate Strain Risk),1.112,0.751,7.256,2.5218,Tier 1: Next-Gen Breakthrough
Ba2PuZnO6 / Ba2Nd2Si4O13,Ba2PuZnO6,Ba2Nd2Si4O13,0.5959625478711178,82.26480408933814,0.0263205215702668,0.5828022870859844,0.6091228086562512,78.67924557070378,90.2979300025306,0.9139169977268192,5.046200000000001,4.1323,15.250101667344447,-0.6488961380297633,-0.0330324516613023,4.6953,4.2638,9.190041104934718,0.5734999171660525,0.4165307880976252,Requires Buffer Layer (High Dislocation Risk),1.148,0.616,7.379,2.5194,Tier 2: Competitive Alternative
Ba(LuTe2)2 / Al2Pb3F12,Ba(LuTe2)2,Al2Pb3F12,0.588841829802733,77.78092180466112,0.0075345394367276,0.5850745600843692,0.5926090995210969,68.22803387426947,88.51479475881297,1.3820169977268193,5.2252,3.8432,16.232185176768496,-1.5078743368907568,-0.3302976686094921,3.6075,4.2594,18.070686070686083,0.3351166806752416,0.2452661660692718,Requires Buffer Layer (High Dislocation Risk),1.068,0.362,7.854,2.5175,Tier 2: Competitive Alternative
Ba3In2O6 / Ba4Bi3F17,Ba3In2O6,Ba4Bi3F17,0.6040932704211046,77.01757303955294,0.0362526836032923,0.5859669286194584,0.6222196122227508,72.36776760427863,87.46162279549742,1.107916997726819,4.9991,3.8912,14.995201535508638,-1.001261040359844,-0.2688630756578947,4.7259,4.7946,1.4536913603757964,0.9158081977804678,0.5211584624731207,Coherent Epitaxy (Low Strain Risk),1.081,0.77,7.256,2.5159,Tier 1: Next-Gen Breakthrough
Ba4P2O / Ba2P2O7,Ba4P2O,Ba2P2O7,0.5859684162789004,83.14954340238005,0.0199235170861922,0.5760066577358043,0.5959301748219965,78.65798340778444,91.02171986429698,1.2965169977268192,5.1483,3.8518,15.807777426493834,-1.7153054348423,0.0993821070668259,3.996,4.4602,11.616616616616628,0.4951941825763222,0.3324072676317304,Requires Buffer Layer (High Dislocation Risk),1.07,0.491,7.649,2.5121,Tier 2: Competitive Alternative
Ba2MnSe3 / Ba2P2O7,Ba2MnSe3,Ba2P2O7,0.6168257448242631,80.04773292910085,0.0221129934619455,0.6057692480932904,0.6278822415552359,74.20791482537022,89.50779546407985,1.322916997726819,5.1483,3.8254,15.807777426493834,-1.4504806048655905,0.0546348094316933,5.7412,4.4602,22.312408555702635,0.2592659999136645,0.3357745407664903,Requires Buffer Layer (High Dislocation Risk),1.063,0.496,7.649,2.511,Tier 2: Competitive Alternative
Ba(GdSe2)2 / Ba3Tb(BO2)9,Ba(GdSe2)2,Ba3Tb(BO2)9,0.6322957734533985,76.06408027942422,0.0302916834798044,0.6171499317134962,0.6474416151933007,69.44298524246659,87.43734461255755,1.481060739031996,5.1728,3.6918,15.94269133886722,-0.8769243528965083,0.1171244379435506,5.772,4.2127,27.01489951489952,0.1950691006950162,0.3315182209348358,Requires Buffer Layer (High Dislocation Risk),1.026,0.49,7.714,2.5102,Tier 2: Competitive Alternative
AlCuGeSe4 / Ba(ClO4)2,AlCuGeSe4,Ba(ClO4)2,0.5889030336213998,82.74136452038894,0.0259062452571862,0.5759499109928068,0.601856156249993,79.40764339226608,90.47613651603407,1.1459169977268189,5.4454,4.2995,14.536388917989578,-0.3676104448295463,-0.1940923363181765,5.3016,5.402,1.8937679191187655,0.8917468749892806,0.527398327999535,Coherent Epitaxy (Low Strain Risk),1.194,0.779,7.034,2.5089,Tier 1: Next-Gen Breakthrough
Ba2InBiSe5 / Ba3Tb(BO2)9,Ba2InBiSe5,Ba3Tb(BO2)9,0.6081089728456297,82.15473097981435,0.0162123733844696,0.6000027861533949,0.6162151595378645,76.32827905647913,90.68892822929794,1.316416997726819,5.1728,3.8564,15.94269133886722,-1.6609977987009037,-0.0661757079141168,5.9323,4.2127,28.98707078199012,0.173129089214072,0.2873084051519023,Requires Buffer Layer (High Dislocation Risk),1.071,0.425,7.714,2.5056,Tier 2: Competitive Alternative
Ba(GdTe2)2 / Ba3ZnB5PO14,Ba(GdTe2)2,Ba3ZnB5PO14,0.5932394158700727,79.01750960453573,0.0030484892000868,0.5917151712700293,0.5947636604701161,70.76570745065754,87.75255296330242,1.013858253812388,4.8405000000000005,3.8267,15.63042719367385,-1.2078139171329336,-0.2582643008336164,3.6815,4.0268,9.379329077821524,0.5669697037576169,0.3566632975198207,Requires Buffer Layer (High Dislocation Risk),1.063,0.527,7.563,2.5004,Tier 2: Competitive Alternative
Ba3Ta2Se9 / Ba3Tm(BO2)9,Ba3Ta2Se9,Ba3Tm(BO2)9,0.6110721805302274,80.6685067591615,0.0175889598594423,0.6022777006005062,0.6198666604599485,74.33394344219498,89.89162704329127,1.5010593186159011,5.2676,3.7665,16.025447918496397,-1.5620181812302476,0.0330545599362803,6.2292,4.2233,32.20156681435818,0.142531137799657,0.2693692324955869,Requires Buffer Layer (High Dislocation Risk),1.046,0.398,7.754,2.4964,Tier 2: Competitive Alternative
Ba3UAgS6 / Ba3B6H2O13,Ba3UAgS6,Ba3B6H2O13,0.6084574675203973,81.10323249942043,0.0228575012422368,0.5970287168992789,0.6198862181415158,76.00037086050301,90.00045829701826,0.8985169977268191,5.0891,4.1906,15.483711135885049,-0.9789087173768952,-0.1456116069297952,5.6475,3.942,30.199203187250998,0.1608871980430767,0.3041428152881767,Requires Buffer Layer (High Dislocation Risk),1.164,0.449,7.492,2.496,Tier 2: Competitive Alternative
Ba2MnMoO6 / Ba3B6O11F2,Ba2MnMoO6,Ba3B6O11F2,0.6273874500413279,76.86504239592371,0.0298006126839065,0.6124871436993746,0.6422877563832812,70.63229380266228,87.81975925121348,1.520474388087488,5.252710526336427,3.7323,15.458153100013108,-0.5776955422523495,-0.1668408220132358,4.6694,3.991,14.52863322910867,0.4152052468197995,0.4051819336297185,Requires Buffer Layer (High Dislocation Risk),1.037,0.599,7.48,2.4942,Tier 2: Competitive Alternative
Ba2Tl2O5 / Ba3B6H2O13,Ba2Tl2O5,Ba3B6H2O13,0.596071681553435,80.5412105199191,0.0156591785765488,0.5882420922651607,0.6039012708417095,73.76778096066352,89.87718583741928,1.0156169977268188,5.0891,4.0735,15.483711135885049,-0.9177000946412036,0.2110470111697557,4.7113,3.942,16.328826438562594,0.3723600563011383,0.3242219673998148,Requires Buffer Layer (High Dislocation Risk),1.132,0.479,7.492,2.4933,Tier 2: Competitive Alternative
Ba2FeMoO6 / Ba3B6H2O13,Ba2FeMoO6,Ba3B6H2O13,0.6131046631541617,77.79007250382851,0.0240927310168884,0.6010582976457174,0.6251510286626059,71.05889413881998,88.36213893717138,1.1591169977268192,5.0891,3.93,15.483711135885049,-0.3813382804374998,-0.2735368956743003,4.736,3.942,16.765202702702695,0.3626580993919541,0.3540740525257315,Requires Buffer Layer (High Dislocation Risk),1.092,0.523,7.492,2.4928,Tier 2: Competitive Alternative
Ba(DySe2)2 / Al(PO3)3,Ba(DySe2)2,Al(PO3)3,0.6050490585158199,77.37547690615632,0.027331548366337,0.5913832843326514,0.6187148326989884,71.03026919738144,88.06911718900524,1.6309643547940598,5.8176,4.1867,15.646173559446137,-0.6012010550526559,-0.2291781116392386,5.7535,3.7814,34.276527331189705,0.1257159975809173,0.2522537348222243,Requires Buffer Layer (High Dislocation Risk),1.163,0.373,7.571,2.4883,Tier 2: Competitive Alternative
Ba(TmSe2)2 / Al(PO3)3,Ba(TmSe2)2,Al(PO3)3,0.6091470259217482,77.09393148302084,0.0258736699955242,0.5962101909239861,0.6220838609195103,70.32435507055398,87.95887598155528,1.634587481610209,5.8176,4.183,15.56399628665943,-0.6115927173145583,-0.2360028687544824,5.7165,3.7814,33.85113268608414,0.1289934659429821,0.2666772777977706,Requires Buffer Layer (High Dislocation Risk),1.162,0.394,7.531,2.4855,Tier 2: Competitive Alternative
Ba2Tl2O5 / Ba3ZnB5PO14,Ba2Tl2O5,Ba3ZnB5PO14,0.5999680480116817,79.40820615558714,0.0231502415109678,0.5883929272561977,0.6115431687671656,73.40559648191274,89.17458632616587,1.0156169977268188,4.8405000000000005,3.8249,15.63042719367385,-1.0525403064318772,0.1008915265758581,4.7113,4.0268,14.52889860548044,0.4151985806407659,0.327022691355623,Requires Buffer Layer (High Dislocation Risk),1.062,0.483,7.563,2.4849,Tier 2: Competitive Alternative
Ba3Cr2O8 / Ba4Bi3F17,Ba3Cr2O8,Ba4Bi3F17,0.6033208676209473,78.8609734701534,0.0317213305624124,0.587460202339741,0.6191815329021535,74.36039272902033,88.52861011549923,1.4032169977268192,4.9991,3.5959000000000003,14.995201535508638,-0.8735605898237129,-0.0057565560777552,4.8242,4.7946,0.6135732349405143,0.9635593634623956,0.5247594627880604,Coherent Epitaxy (Low Strain Risk),0.999,0.776,7.256,2.4849,Tier 1: Next-Gen Breakthrough
Ba(GdTe2)2 / AcCl3,Ba(GdTe2)2,AcCl3,0.6328152609280832,77.95908834473853,0.0287416651573839,0.6184444283493912,0.6471860935067751,72.15552924696367,88.37660838945854,1.013858253812388,5.0865,4.0727,15.469499303872531,-1.1311736475297598,-0.171606059862008,3.6815,6.0587,64.57150617954636,0.0201092348559037,0.3113229692861559,Requires Buffer Layer (High Dislocation Risk),1.131,0.46,7.485,2.4849,Tier 2: Competitive Alternative
Ba3ThSe7 / Ba2P2O7,Ba3ThSe7,Ba2P2O7,0.6010242209343639,80.0086290456032,0.0248982376566367,0.5885751021060456,0.6134733397626824,74.71602226263066,89.38711473371026,1.178416997726819,5.1483,3.9699,15.807777426493834,-1.284859715716309,0.2069825436408977,6.3102,4.4602,29.31761275395391,0.169701278715996,0.2540115562949439,Requires Buffer Layer (High Dislocation Risk),1.103,0.375,7.649,2.4847,Tier 2: Competitive Alternative
Ba2MnMoO6 / Al2Pb3F12,Ba2MnMoO6,Al2Pb3F12,0.6149803163541894,77.4059445780021,0.0330618255539195,0.5984494035772296,0.6315112291311492,72.25392184075328,87.8513395371933,1.520474388087488,5.2252,3.7047,15.314125247540824,-0.6160068713833664,-0.2178044106135448,4.6694,4.2594,8.78057137962051,0.587884623739422,0.4253420047903407,Requires Buffer Layer (High Dislocation Risk),1.029,0.629,7.41,2.4842,Tier 2: Competitive Alternative
Ba3(TaS4)2 / Ba3B6H2O13,Ba3(TaS4)2,Ba3B6H2O13,0.6127934048340609,79.65154785460189,0.0254361783059255,0.6000753156810981,0.6255114939870237,74.22304283762446,89.23787389565712,1.000616997726819,5.0891,4.0885,15.483711135885049,-1.03971537295033,0.1118013941543353,5.6703,3.942,30.47986879001111,0.1581783536861851,0.301160620828453,Requires Buffer Layer (High Dislocation Risk),1.136,0.445,7.492,2.4831,Tier 2: Competitive Alternative
Ba(GdSe2)2 / Ba2P2O7,Ba(GdSe2)2,Ba2P2O7,0.6230628049074602,75.86393679050542,0.0296783978885991,0.6082236059631606,0.6379020038517598,69.02448942687583,87.34415500075924,1.481060739031996,5.1483,3.6673,15.807777426493834,-0.9689115534009765,0.1543642461756605,5.772,4.4602,22.72695772695772,0.2528444143460767,0.3153081885722404,Requires Buffer Layer (High Dislocation Risk),1.019,0.466,7.649,2.4828,Tier 2: Competitive Alternative
Ba2B4Se13 / Al2H16S3O20,Ba2B4Se13,Al2H16S3O20,0.6092204161970439,74.53556653029847,0.0187251450482184,0.5998578436729347,0.6185829887211531,64.98901020575893,86.92676783374057,1.587415085264163,5.6055,4.0181,15.639075079343684,-0.8567450443163654,-0.3284388143649984,5.7486,4.348,24.36419302090944,0.2289999078648172,0.2738657768918245,Requires Buffer Layer (High Dislocation Risk),1.116,0.405,7.567,2.4799,Tier 2: Competitive Alternative
Ba3In2O6 / Ba3B6H2O13,Ba3In2O6,Ba3B6H2O13,0.5963332821643157,80.80012615796034,0.0210771191378315,0.5857947225954,0.6068718417332315,75.23536260599771,89.84429328435618,1.107916997726819,5.0891,3.9812,15.483711135885049,-0.3805514935890151,0.175324022907666,4.7259,3.942,16.58731670158065,0.3665821408308141,0.3172357387239668,Requires Buffer Layer (High Dislocation Risk),1.106,0.469,7.492,2.4795,Tier 2: Competitive Alternative
Ba2InBiSe5 / Ba2P2O7,Ba2InBiSe5,Ba2P2O7,0.5962622699693965,83.95284151616619,0.0151298793332074,0.5886973303027928,0.6038272096360002,78.87252927570096,91.61257277882598,1.316416997726819,5.1483,3.8319,15.807777426493834,-1.7529849992053717,-0.0317075080247396,5.9323,4.4602,24.81499587006725,0.2228386637863869,0.2718556336161405,Requires Buffer Layer (High Dislocation Risk),1.064,0.402,7.649,2.4786,Tier 2: Competitive Alternative
Ba(SmTe2)2 / AcCl3,Ba(SmTe2)2,AcCl3,0.632350698148725,77.90517867866392,0.0279237194442306,0.6183888384266096,0.6463125578708403,71.89950208159138,88.38664055347603,1.051116997726819,5.0865,4.0354,15.469499303872531,-1.1455004086011886,-0.1815433414283589,3.6075,6.0587,67.94733194733195,0.0163944308717489,0.3047512950577553,Requires Buffer Layer (High Dislocation Risk),1.121,0.45,7.485,2.4773,Tier 2: Competitive Alternative
Ba(LuSe2)2 / Al(PO3)3,Ba(LuSe2)2,Al(PO3)3,0.6057976073106586,77.09873311925739,0.0260292849648424,0.5927829648282373,0.6188122497930798,70.33416194470134,87.98421853447836,1.6355265760422464,5.8176,4.182,15.542801480106167,-0.6236984721955121,-0.2454806312769009,5.698,3.7814,33.63636363636364,0.130680482504025,0.2546743316335194,Requires Buffer Layer (High Dislocation Risk),1.162,0.376,7.521,2.4766,Tier 2: Competitive Alternative
Ba2Tl2O5 / AcCl3,Ba2Tl2O5,AcCl3,0.6086494806670326,79.9482728540372,0.0235565720149667,0.5968711946595492,0.6204277666745159,74.31761250082826,89.43641679100007,1.0156169977268188,5.0865,4.0709,15.469499303872531,-0.9759000368287034,0.1658846938023533,4.7113,6.0587,28.599325027062605,0.1772384701619459,0.2933822079757142,Requires Buffer Layer (High Dislocation Risk),1.131,0.434,7.485,2.4754,Tier 2: Competitive Alternative
Ba3PuO6 / Ba3Si2(B3O8)2,Ba3PuO6,Ba3Si2(B3O8)2,0.6069860448943902,79.85379855853402,0.0328974753956742,0.5905373071965532,0.6234347825922274,76.31356169555713,88.82673424401743,1.546818929946938,5.4031,3.8562,15.595128169790517,-0.1552237958657416,-0.0816866345106581,4.921,3.8989,20.770168664905515,0.2846214565465312,0.3095754931264199,Requires Buffer Layer (High Dislocation Risk),1.071,0.458,7.546,2.4751,Tier 2: Competitive Alternative
Ba3In2O6 / Ba3ZnB5PO14,Ba3In2O6,Ba3ZnB5PO14,0.604908511940814,78.20609780696343,0.0216578225298592,0.5940796006758843,0.6157374232057435,71.30715185810016,88.56758237689665,1.107916997726819,4.8405000000000005,3.7326,15.63042719367385,-0.5153917053796886,0.0600653699833895,4.7259,4.0268,14.792949491102233,0.4086184496818202,0.3273525564673656,Requires Buffer Layer (High Dislocation Risk),1.037,0.484,7.563,2.4748,Tier 2: Competitive Alternative
Ag3AsSe3 / Ba(ClO4)2,Ag3AsSe3,Ba(ClO4)2,0.6101061345813612,79.30883910468074,0.0417437760383723,0.589234246562175,0.6309780226005474,78.05884077840275,87.46857688198402,1.146016997726819,5.4454,4.2994,14.536388917989578,-0.8083313330215105,0.0335860817788528,4.9369,5.402,9.420891652656536,0.5655458290948907,0.4601881699690184,Requires Buffer Layer (High Dislocation Risk),1.194,0.68,7.034,2.4742,Tier 2: Competitive Alternative
Ba2Na2U(S2O)2 / Ba3Tb(BO2)9,Ba2Na2U(S2O)2,Ba3Tb(BO2)9,0.6228496487462485,76.54895008251698,0.0311783356070837,0.6072604809427067,0.6384388165497904,70.4595976544613,87.56525438161313,1.5081917121269697,5.1728,3.6646,15.338070084071123,-0.7676994809979951,0.0746056868416744,4.7776,4.2127,11.823928332217008,0.489022066822462,0.4083722264238333,Requires Buffer Layer (High Dislocation Risk),1.018,0.604,7.422,2.4738,Tier 2: Competitive Alternative
Ba2InCuO4 / AcCl3,Ba2InCuO4,AcCl3,0.6477708569631446,74.83384187428139,0.0303615924906425,0.6325900607178233,0.6629516532084658,67.46717132291641,86.88694933635459,1.3662169977268188,5.0865,3.7203,15.469499303872531,-0.7153995097916672,-0.0369056258903851,4.5464,6.0587,33.2636811543199,0.1336604420227527,0.3603860924565543,Requires Buffer Layer (High Dislocation Risk),1.033,0.533,7.485,2.4711,Tier 2: Competitive Alternative
Ba3Zr6BeCl18 / Ba3B6H2O13,Ba3Zr6BeCl18,Ba3B6H2O13,0.6332859284239594,74.99852509010063,0.0364477440744308,0.6150620563867439,0.6515098004611748,69.03858742011823,86.63231600806904,1.2822169977268187,5.0891,3.8069,15.483711135885049,-0.5955241584375002,0.0963250939084294,5.4707,3.942,27.94340760780156,0.1844132417945875,0.3333489517606134,Requires Buffer Layer (High Dislocation Risk),1.057,0.493,7.492,2.4684,Tier 2: Competitive Alternative
Ba2ThS6 / Ba(PO3)2,Ba2ThS6,Ba(PO3)2,0.6314180001117,76.22529860696555,0.0305506757908551,0.6161426622162725,0.6466933380071276,69.79158270910246,87.46325610188637,1.5637519865247549,5.4349,3.8712,15.351861952119572,-0.9974031263095244,-0.2064476131432114,5.9981,4.3882,26.840166052583317,0.1971421875886763,0.3447766529024902,Requires Buffer Layer (High Dislocation Risk),1.075,0.51,7.428,2.4655,Tier 2: Competitive Alternative
Ba(TbTe2)2 / AcCl3,Ba(TbTe2)2,AcCl3,0.6238112172863943,77.6048477689256,0.0275123038993309,0.6100550653367288,0.6375673692360597,71.37059397521355,88.23008391530071,1.0413169977268188,5.0865,4.0452,15.469499303872531,-1.1537006734821451,-0.2644615840996737,3.6075,6.0587,67.94733194733195,0.0163944308717489,0.2713978690656188,Requires Buffer Layer (High Dislocation Risk),1.124,0.401,7.485,2.4612,Tier 2: Competitive Alternative
Ba2SnSe5 / Ba3Tb(BO2)9,Ba2SnSe5,Ba3Tb(BO2)9,0.5886224468217529,81.92890815829303,0.0185452315373058,0.5793498310531,0.5978950625904058,76.53990346209967,90.41411375995268,1.3426169977268192,5.1728,3.8302,15.94269133886722,-1.6193239198691614,0.1737246096809565,6.2206,4.2127,32.27823682602965,0.1418715330105935,0.1985287118382842,Requires Buffer Layer (High Dislocation Risk),1.064,0.293,7.714,2.4568,Tier 2: Competitive Alternative
Ba2InCuO4 / Ba3ZnB5PO14,Ba2InCuO4,Ba3ZnB5PO14,0.6085304212644744,76.81334714994232,0.0245092076933765,0.5962758174177861,0.6207850251111626,69.56490718894088,87.92165804723365,1.3662169977268188,4.8405000000000005,3.4743,15.63042719367385,-0.792039779394841,-0.1228161068416659,4.5464,4.0268,11.4288228048566,0.5008524262387424,0.3452553050584627,Requires Buffer Layer (High Dislocation Risk),0.965,0.51,7.563,2.4554,Tier 2: Competitive Alternative
Ba(LuTe2)2 / Ba3B6H2O13,Ba(LuTe2)2,Ba3B6H2O13,0.5957173191334004,74.86604952801694,0.006009950242514,0.5927123440121433,0.5987222942546574,63.66656878336676,86.97085368637082,1.3820169977268193,5.0891,3.7071,15.483711135885049,-1.1446596416517862,-0.3372177713037145,3.6075,3.942,9.27234927234928,0.5706511903802212,0.3292583436029981,Requires Buffer Layer (High Dislocation Risk),1.03,0.487,7.492,2.4552,Tier 2: Competitive Alternative
Ba2Na2U(S2O)2 / Ba2P2O7,Ba2Na2U(S2O)2,Ba2P2O7,0.6010748073086056,78.69191498664097,0.0358740640058895,0.5831377753056608,0.6190118393115503,75.13955042357101,88.10035849040652,1.5081917121269697,5.1483,3.6401,15.208272736853196,-0.8596866815024633,0.1118375868794813,4.7776,4.4602,6.643503014065624,0.6690262831867496,0.4072732741438012,Requires Buffer Layer (High Dislocation Risk),1.011,0.602,7.359,2.4548,Tier 2: Competitive Alternative
Ba3Ta2Se9 / Ba2YC2(O2F)3,Ba3Ta2Se9,Ba2YC2(O2F)3,0.5854021573558309,82.47250452779225,0.0162410545422562,0.5772816300847028,0.593522684626959,76.97011489652574,90.69800117720963,1.5010593186159011,5.263999999999999,3.7629,16.005943047621138,-1.6186625436956852,0.1639958542613409,6.2292,4.3614,29.984588711230977,0.1629898064855305,0.1926217613187149,Requires Buffer Layer (High Dislocation Risk),1.045,0.285,7.745,2.4539,Tier 2: Competitive Alternative
Ba2SiTe4 / Ba3B6H2O13,Ba2SiTe4,Ba3B6H2O13,0.5977497922671349,81.22658671163155,0.0220691706530103,0.5867152069406297,0.6087843775936401,76.05317665997656,90.06611168656298,1.3583169977268197,5.0891,3.7308,15.483711135885049,-1.5795641996279752,-0.1060362388763804,3.4357,3.942,14.736443810577176,0.4100177405687877,0.3214347718558934,Requires Buffer Layer (High Dislocation Risk),1.036,0.475,7.492,2.4538,Tier 2: Competitive Alternative
Ba3(TaS4)2 / Ba3ZnB5PO14,Ba3(TaS4)2,Ba3ZnB5PO14,0.6037825113198949,80.63570608933487,0.0181062641421291,0.5947293792488304,0.6128356433909595,74.32474249252603,89.92053812103089,1.000616997726819,4.8405000000000005,3.8399,15.63042719367385,-1.1745555847410036,-0.0043490715904059,5.6703,4.0268,28.9843570886902,0.173157515612099,0.2593368310098438,Requires Buffer Layer (High Dislocation Risk),1.067,0.383,7.563,2.4516,Tier 2: Competitive Alternative
Ba3In2O6 / AcCl3,Ba3In2O6,AcCl3,0.6010111190263123,81.046575059257,0.0230365834171518,0.5894928273177363,0.6125294107348882,75.9881573887989,89.92711371262236,1.107916997726819,5.0865,3.9786,15.469499303872531,-0.4387514357765147,0.1290906348966974,4.7259,6.0587,28.20203559110433,0.1815501866080753,0.2662432518456018,Requires Buffer Layer (High Dislocation Risk),1.105,0.393,7.485,2.4511,Tier 2: Competitive Alternative
Ba(DyTe2)2 / AcCl3,Ba(DyTe2)2,AcCl3,0.6198778974725512,76.72743128666839,0.0298541343785649,0.6049508302832687,0.6348049646618337,70.45266858301622,87.72443448079986,1.041616997726819,5.0865,4.0449,15.469499303872531,-1.16180271669643,-0.2748399218769314,3.663,6.0587,65.40267540267541,0.0191230309417931,0.2516303851509622,Requires Buffer Layer (High Dislocation Risk),1.124,0.372,7.485,2.4509,Tier 2: Competitive Alternative
Ba2Ni(PO4)2 / Ba4Bi3F17,Ba2Ni(PO4)2,Ba4Bi3F17,0.6066863993775117,78.47688429405872,0.0361037479789414,0.588634525388041,0.6247382733669824,74.71343109496162,88.11920598503858,1.1930169977268188,4.9991,3.8061,14.995201535508638,-0.5852039981478887,-0.1597698431465279,4.4076,4.7946,8.780288592431244,0.5878946817230026,0.4097662307808558,Requires Buffer Layer (High Dislocation Risk),1.057,0.606,7.256,2.4488,Tier 2: Competitive Alternative
Ba(HoTe2)2 / AcCl3,Ba(HoTe2)2,AcCl3,0.6181084119810794,76.8838843706006,0.030296246964958,0.6029602884986003,0.6332565354635583,70.80109289104941,87.77080936252939,1.0404169977268192,5.0865,4.0461,15.469499303872531,-1.1697901736011895,-0.278119670794098,3.6538,6.0587,65.81914718922765,0.018647216283927,0.2459635273117001,Requires Buffer Layer (High Dislocation Risk),1.124,0.363,7.485,2.4481,Tier 2: Competitive Alternative
Ba(YTe2)2 / AcCl3,Ba(YTe2)2,AcCl3,0.6194112869732484,76.75307718227671,0.0292334060947826,0.6047945839258572,0.6340279900206398,70.37145113381456,87.75734658987523,1.061316997726819,5.0865,4.0252,15.469499303872531,-1.1528859286011903,-0.2898241081188512,3.6538,6.0587,65.81914718922765,0.018647216283927,0.2482596942847609,Requires Buffer Layer (High Dislocation Risk),1.118,0.367,7.485,2.447,Tier 2: Competitive Alternative
Ba4LaGe3SbSe13 / Ba3Tb(BO2)9,Ba4LaGe3SbSe13,Ba3Tb(BO2)9,0.5963705623540696,82.6582097656864,0.0155186138003684,0.5886112554538854,0.6041298692542538,76.95162670919066,90.9707147883358,1.4883785721190117,5.1728,3.6844,15.836215417645372,-1.6733283967956532,-0.0533058299858864,5.952,4.2127,29.222110215053764,0.1706846344774914,0.2316187512052293,Requires Buffer Layer (High Dislocation Risk),1.023,0.342,7.663,2.4449,Tier 2: Competitive Alternative
Ba2InSbSe5 / Ba3B6H2O13,Ba2InSbSe5,Ba3B6H2O13,0.5891025384210118,83.73352788133684,0.014773903034195,0.5817155869039142,0.5964894899381092,78.52822970050384,91.450068964565,1.0234169977268193,5.0891,4.0657,15.483711135885049,-1.4518466963946763,0.138795287404383,5.8583,3.942,32.710854684806165,0.138206448454338,0.2305240926985398,Requires Buffer Layer (High Dislocation Risk),1.129,0.341,7.492,2.444,Tier 2: Competitive Alternative
Ba2MnTe3 / AcCl3,Ba2MnTe3,AcCl3,0.6107869184824593,80.5510179266829,0.0276835673829344,0.5969451347909921,0.6246287021739265,76.14861674928632,89.54027880886761,1.0806169977268187,5.0865,4.0059000000000005,15.469499303872531,-1.480289565969827,-0.1002271649317256,3.6507,6.0587,65.95995288574792,0.0184890400979914,0.2401164889683224,Requires Buffer Layer (High Dislocation Risk),1.113,0.355,7.485,2.4406,Tier 2: Competitive Alternative
Ba(ErTe2)2 / AcCl3,Ba(ErTe2)2,AcCl3,0.6139484899838197,76.66325879780335,0.0285746522114019,0.5996611638781186,0.6282358160895206,70.12968059537133,87.70696423240364,1.0403169977268183,5.0865,4.0462,15.469499303872531,-1.1728175086011925,-0.2981562947951164,3.6075,6.0587,67.94733194733195,0.0163944308717489,0.2279733717223343,Requires Buffer Layer (High Dislocation Risk),1.124,0.337,7.485,2.4388,Tier 2: Competitive Alternative
Ba(TmTe2)2 / AcCl3,Ba(TmTe2)2,AcCl3,0.6135848557123048,76.58819667695231,0.0279403352601115,0.599614688082249,0.6275550233423606,69.88811768417192,87.69109160736144,1.039516997726819,5.0865,4.047,15.469499303872531,-1.1851495828869023,-0.3059550284161106,3.626,6.0587,67.09045780474352,0.0172667481862082,0.2264896371284351,Requires Buffer Layer (High Dislocation Risk),1.124,0.335,7.485,2.4381,Tier 2: Competitive Alternative
Ba2FeMoO6 / AcCl3,Ba2FeMoO6,AcCl3,0.600639740149256,76.49434795344023,0.0182657854673887,0.5915068474155616,0.6097726328829504,68.16630416982271,87.66884310546713,1.1591169977268192,5.0865,3.9274,15.469499303872531,-0.4395382226249995,-0.3206701634669246,4.736,6.0587,27.92863175675676,0.1845781696881239,0.2307380928941278,Requires Buffer Layer (High Dislocation Risk),1.091,0.341,7.485,2.427,Tier 2: Competitive Alternative
Al(TeCl2)2 / B5H12NO12,Al(TeCl2)2,B5H12NO12,0.5923627302164245,82.01792605193347,0.0260667724887438,0.5793293439720526,0.6053961164607965,78.51108273181194,89.91509626100932,1.5829600079347874,5.5022,3.9192,15.237615777801494,-0.4727999402777791,0.0555215350071443,4.625,3.6013,22.13405405405405,0.2620787441280094,0.2659854047328821,Requires Buffer Layer (High Dislocation Risk),1.089,0.393,7.373,2.4163,Tier 2: Competitive Alternative
Ba3Zr2S7 / Ba4Bi3F17,Ba3Zr2S7,Ba4Bi3F17,0.593956247075532,81.74118090702665,0.0284315026728537,0.5797404957391051,0.6081719984119589,78.31108455728601,89.95534468965317,1.082816997726819,4.9991,3.9163,14.995201535508638,-1.3537558933333291,-0.0627377882184715,5.6641,4.7946,15.351070779117606,0.3950512474421813,0.3201907940404422,Requires Buffer Layer (High Dislocation Risk),1.088,0.473,7.256,2.4147,Tier 2: Competitive Alternative
Ba3Zr6BeCl18 / Ba3ZnB5PO14,Ba3Zr6BeCl18,Ba3ZnB5PO14,0.6099935365142217,76.84657539205033,0.0325069008014078,0.5937400861135178,0.6262469869149256,71.24615450407062,87.61094836458034,1.2822169977268187,4.8405000000000005,3.5583,15.63042719367385,-0.7303643702281737,-0.0300986426102352,5.4707,4.0268,26.393331749136312,0.2025443162250883,0.2449209792782595,Requires Buffer Layer (High Dislocation Risk),0.988,0.362,7.563,2.4128,Tier 2: Competitive Alternative
Ba2ThS6 / Ba2CaP4(H3O8)2,Ba2ThS6,Ba2CaP4(H3O8)2,0.6045713129906031,73.64221214239215,0.0155202509523597,0.5968111875144232,0.612331438466783,63.1591596877156,86.4471927306692,1.5637519865247549,5.4657,3.902,15.505889799219378,-0.578295468197866,-0.3364941055868785,5.9981,3.8994,34.989413314216165,0.1204091797178487,0.1996840821570317,Requires Buffer Layer (High Dislocation Risk),1.084,0.295,7.503,2.4126,Tier 2: Competitive Alternative
Ba2SmMoO6 / AcCl3,Ba2SmMoO6,AcCl3,0.5820895751033128,82.28511663698423,0.0188955927122823,0.5726417787471716,0.591537371459454,77.0890488367049,90.65072692164289,1.1639169977268191,5.0865,3.9226,15.469499303872531,0.0773283938750002,-0.1727935552949573,4.736,6.0587,27.92863175675676,0.1845781696881239,0.200123799574698,Requires Buffer Layer (High Dislocation Risk),1.09,0.296,7.485,2.4107,Tier 2: Competitive Alternative
Ag15P4S16Cl3 / Ba(ClO4)2,Ag15P4S16Cl3,Ba(ClO4)2,0.6125480666043379,80.38259652502302,0.0257077557608511,0.5996941887239123,0.6254019444847635,75.44522454097851,89.56193219318179,1.481216997726819,5.4454,3.9642,14.536388917989578,-0.6287455891763508,0.0149841077644922,4.7847,5.402,12.901540326457251,0.4581570774735136,0.4086255319650911,Requires Buffer Layer (High Dislocation Risk),1.101,0.604,7.034,2.4103,Tier 2: Competitive Alternative
Ba3Zr2S7 / Ba2ErCl7,Ba3Zr2S7,Ba2ErCl7,0.5950049202298808,79.24165868291227,0.0279962633471342,0.5810067885563137,0.609003051903448,74.18313341158591,88.86492020142619,1.082816997726819,4.9184,3.8356,14.561551678946907,-0.7159841736250012,-0.1838043591615393,5.6641,6.0014,5.955050228632968,0.6974806282209023,0.4149669875522098,Requires Buffer Layer (High Dislocation Risk),1.065,0.613,7.046,2.4023,Tier 2: Competitive Alternative
Ba2Zr6BCl17 / Ba4Bi3F17,Ba2Zr6BCl17,Ba4Bi3F17,0.6004984896351429,79.89502943536728,0.0255041953811548,0.5877463919445653,0.6132505873257202,74.76541297099688,89.20662068309699,1.3409169977268192,4.9991,3.6582,14.995201535508638,-1.178324717932688,-0.1080312722103766,5.4162,4.7946,11.476681067907387,0.4994043430650016,0.3505829817980445,Requires Buffer Layer (High Dislocation Risk),1.016,0.518,7.256,2.4017,Tier 2: Competitive Alternative
Ba3Ta2Se9 / Ba3Tb(BO2)9,Ba3Ta2Se9,Ba3Tb(BO2)9,0.5972708209698788,82.04764668560628,0.0174032473326981,0.5885691973035297,0.6059724446362279,76.38281464960393,90.61884999641562,1.5010593186159011,5.1728,3.6717,15.514640704879527,-1.5547116225743325,-0.0147343192526622,6.2292,4.2127,32.37173312784948,0.1410712983664085,0.2185868325496486,Requires Buffer Layer (High Dislocation Risk),1.02,0.323,7.507,2.3978,Tier 2: Competitive Alternative
Ba3ThSe7 / Ba2ErCl7,Ba3ThSe7,Ba2ErCl7,0.5927655741366131,80.43211141824385,0.0272551062729985,0.5791380210001138,0.6063931272731123,75.9585190783348,89.41291990208286,1.178416997726819,4.9184,3.74,14.561551678946907,-0.9271360121903368,-0.0205882352941176,6.3102,6.0014,4.893664226173493,0.7437378297009335,0.4243649070778948,Semi-Coherent (Moderate Strain Risk),1.039,0.627,7.046,2.3965,Tier 1: Next-Gen Breakthrough
Ba3NbAs3O / Ba3Al2B10H4O23,Ba3NbAs3O,Ba3Al2B10H4O23,0.5881846254294325,82.5972685534424,0.0190729327267513,0.5786481590660568,0.5977210917928082,77.61352021367513,90.79302357360926,1.323916997726819,4.9577,3.6338,14.772212483504363,-1.3329336609623024,-0.0053387638284991,4.0931,3.8242,6.569592729227234,0.6720245810945422,0.3860834894548121,Requires Buffer Layer (High Dislocation Risk),1.009,0.571,7.148,2.3904,Tier 2: Competitive Alternative
Ba2Tl2O5 / Ba2Li(BO2)5,Ba2Tl2O5,Ba2Li(BO2)5,0.5907752712923633,81.6543094030459,0.0277722083157897,0.5768891671344684,0.6046613754502581,78.11639174884523,89.8572253426688,1.0156169977268188,4.951700000000001,3.9361,14.739986635745453,-1.0676141158796302,0.0441807880897335,4.7113,4.0823,13.350879799630668,0.4458698311907719,0.3284968097958676,Requires Buffer Layer (High Dislocation Risk),1.093,0.485,7.132,2.3903,Tier 2: Competitive Alternative
Ba3In2O6 / Ba2Li(BO2)5,Ba3In2O6,Ba2Li(BO2)5,0.5971001172580819,80.92050050616096,0.0249099429603493,0.5846451457779072,0.6095550887382565,76.18514186369916,89.79029788559662,1.107916997726819,4.951700000000001,3.8438,14.739986635745453,-0.5304655148274415,0.003173942452781,4.7259,4.0823,13.6185700078292,0.4387070128230868,0.3370068469108969,Requires Buffer Layer (High Dislocation Risk),1.068,0.498,7.132,2.3845,Tier 2: Competitive Alternative
Ba(FeBr4)2 / Ba2B2AsH3F18,Ba(FeBr4)2,Ba2B2AsH3F18,0.5815246248524818,84.4978594657875,0.019175229968005,0.5719370098684793,0.5911122398364843,80.74517260754361,91.5544308436032,1.181116997726819,5.05,3.8689,15.270750404674889,-1.6334808768283804,-0.1486469022202693,6.1913,4.3518,29.71104614539757,0.1657096212774993,0.2015656473642313,Requires Buffer Layer (High Dislocation Risk),1.075,0.298,7.389,2.3814,Tier 2: Competitive Alternative
Ba(ErSe2)2 / AlPO4,Ba(ErSe2)2,AlPO4,0.5986096810268415,81.14463759256124,0.0251653913996688,0.586026985327007,0.6111923767266759,76.69647913922618,89.78229967448218,1.6213687348322552,5.6178,3.9964,14.92758383152508,-0.8902690412996024,0.0717645881293163,5.698,4.0145,29.545454545454557,0.1673780922768024,0.2539746440155602,Requires Buffer Layer (High Dislocation Risk),1.11,0.375,7.223,2.3812,Tier 2: Competitive Alternative
Ba2SiTe4 / AcCl3,Ba2SiTe4,AcCl3,0.5890459580185252,82.64784321140615,0.019817259126016,0.5791373284555171,0.5989545875815332,77.85914039081526,90.77848148306688,1.3583169977268197,5.0865,3.7282,15.469499303872531,-1.637764141815475,-0.1555710530550936,3.4357,6.0587,76.34543178973716,0.0098636536794713,0.1467096357857212,Requires Buffer Layer (High Dislocation Risk),1.036,0.217,7.485,2.3614,Tier 2: Competitive Alternative
Ba2MnSe3 / Ba2ErCl7,Ba2MnSe3,Ba2ErCl7,0.585228997247335,79.63540171248893,0.0237703620890897,0.5733438162027901,0.5971141782918798,74.01369945399497,89.13521268701582,1.322916997726819,4.9184,3.5955,14.561551678946907,-1.092756901339618,-0.1918231122236127,5.7412,6.0014,4.532153556747722,0.7601836043685091,0.3849999091490236,Semi-Coherent (Moderate Strain Risk),0.999,0.569,7.046,2.3601,Tier 1: Next-Gen Breakthrough
Ba2InCuO4 / Ba2Li(BO2)5,Ba2InCuO4,Ba2Li(BO2)5,0.5981363430594309,78.6354553527299,0.0293480623188125,0.5834623119000246,0.6128103742188372,73.4915542377299,88.53450742260931,1.3662169977268188,4.951700000000001,3.5855,14.739986635745453,-0.807113588842594,-0.1781341514433133,4.5464,4.0823,10.208076720042234,0.5392431796901892,0.3422417601766499,Requires Buffer Layer (High Dislocation Risk),0.996,0.506,7.132,2.3585,Tier 2: Competitive Alternative
Ba3(TaS4)2 / Ba2Li(BO2)5,Ba3(TaS4)2,Ba2Li(BO2)5,0.5948368656842162,80.80637824735112,0.0295375974638568,0.5800680669522877,0.6096056644161446,77.19224998480053,89.33945291513048,1.000616997726819,4.951700000000001,3.9511,14.739986635745453,-1.1896293941887566,-0.0578826149679836,5.6703,4.0823,28.00557289737756,0.1837209662288647,0.23996358258437,Requires Buffer Layer (High Dislocation Risk),1.098,0.355,7.132,2.3462,Tier 2: Competitive Alternative
Ba(TmSe2)2 / AlPO4,Ba(TmSe2)2,AlPO4,0.5989627372440784,81.15901563522212,0.0230857067259774,0.5874198838810898,0.6105055906070672,76.16213250854223,89.99167687677541,1.634587481610209,5.6178,3.9832,14.642532044185302,-0.8976119305853127,0.073006627836915,5.7165,4.0145,29.773462783171524,0.1650850475163426,0.2534523871856317,Requires Buffer Layer (High Dislocation Risk),1.106,0.375,7.085,2.3449,Tier 2: Competitive Alternative
Ba(ErSe2)2 / Ba2HoCl7,Ba(ErSe2)2,Ba2HoCl7,0.5822357306673954,82.32332717591974,0.019525179853203,0.5724731407407939,0.5919983205939969,77.34370162544994,90.58172692067892,1.6213687348322552,5.4559,3.8345,14.17882388680524,-0.6301757208035723,-0.1761637762420133,5.698,6.0199,5.649350649350639,0.7105004384917953,0.3928299278359249,Requires Buffer Layer (High Dislocation Risk),1.065,0.581,6.861,2.3444,Tier 2: Competitive Alternative
Ba(DySe2)2 / AlPO4,Ba(DySe2)2,AlPO4,0.5929666888330853,81.33802607077291,0.0248683557913854,0.5805325109373926,0.605400866728778,76.89706661687595,89.92764172654827,1.6309643547940598,5.6178,3.9869,14.71984402292912,-0.8872202683234103,0.079886628709022,5.7535,4.0145,30.22508038585209,0.1606355148548165,0.2307492698551229,Requires Buffer Layer (High Dislocation Risk),1.107,0.341,7.123,2.343,Tier 2: Competitive Alternative
Ba(LuSe2)2 / AlPO4,Ba(LuSe2)2,AlPO4,0.59763542380986,80.72678820892068,0.0228538483916002,0.5862084996140599,0.6090623480056601,75.43147577449275,89.79823541260647,1.6355265760422464,5.6178,3.9822,14.622592073215737,-0.9097176854662664,0.0631309326502938,5.698,4.0145,29.545454545454557,0.1673780922768024,0.2462986612458181,Requires Buffer Layer (High Dislocation Risk),1.106,0.364,7.075,2.3387,Tier 2: Competitive Alternative
Ba(ErSe2)2 / Ba2Ca(BO2)6,Ba(ErSe2)2,Ba2Ca(BO2)6,0.5834857953062776,79.91755359896008,0.0168842457638651,0.5750436724243451,0.5919279181882102,73.12876394433121,89.45138646950231,1.6213687348322552,5.0129,3.3915,15.54435039988252,-0.877062689017857,-0.0604157452454666,5.698,4.1748,26.73218673218673,0.1984342838696944,0.1510211757618734,Requires Buffer Layer (High Dislocation Risk),0.942,0.223,7.521,2.3353,Tier 2: Competitive Alternative
Ba3Zr2S7 / Ba3Al2B10H4O23,Ba3Zr2S7,Ba3Al2B10H4O23,0.5945181362829319,78.68960882453909,0.0306574926970869,0.5791893899343885,0.6098468826314755,73.90044077554019,88.45622517421603,1.082816997726819,4.9577,3.8749,14.772212483504363,-0.6972779322123022,-0.2502000051614235,5.6641,3.8242,32.483536660722805,0.1401202960289112,0.2015802847490184,Requires Buffer Layer (High Dislocation Risk),1.076,0.298,7.148,2.3218,Tier 2: Competitive Alternative
Ba3Zr6BeCl18 / Ba2Li(BO2)5,Ba3Zr6BeCl18,Ba2Li(BO2)5,0.6062458897813723,77.91266922740613,0.031862134716902,0.5903148224229213,0.6221769571398234,72.85147215822401,88.10219368072819,1.2822169977268187,4.951700000000001,3.6695,14.739986635745453,-0.7454381796759266,-0.0869600763046736,5.4707,4.0823,25.378836346354213,0.2153653051512668,0.2520559215304044,Requires Buffer Layer (High Dislocation Risk),1.019,0.372,7.132,2.3212,Tier 2: Competitive Alternative
Ba3ThSe7 / Ba3Al2B10H4O23,Ba3ThSe7,Ba3Al2B10H4O23,0.6030951349966186,79.11888035000025,0.0297719131879599,0.5882091784026386,0.6179810915905986,74.37091647093375,88.72244564759202,1.178416997726819,4.9577,3.7793,14.772212483504363,-0.908429770777638,-0.0903606487973963,6.3102,3.8242,39.39653259801592,0.0922281184861077,0.2108061591160352,Requires Buffer Layer (High Dislocation Risk),1.05,0.312,7.148,2.3159,Tier 2: Competitive Alternative
Ba2Mn(AsO4)2 / AcCl3,Ba2Mn(AsO4)2,AcCl3,0.5874706300031983,80.29911274747428,0.028622916371088,0.5731591718176543,0.6017820881887423,76.095498945523,89.23496663945751,1.498186441755564,5.0865,3.5883000000000003,15.12400350641984,-0.4831158334764578,0.0963966223559903,4.5418,6.0587,33.39865251662336,0.1325734460581878,0.1597699922719825,Requires Buffer Layer (High Dislocation Risk),0.997,0.236,7.318,2.3109,Tier 2: Competitive Alternative
Ba3Sb2Se7 / Ba3Al2B10H4O23,Ba3Sb2Se7,Ba3Al2B10H4O23,0.5836655134516978,82.35133065282093,0.0219888896090167,0.5726710686471894,0.5946599582562062,77.91056527399604,90.4951507303938,1.1737615750124288,4.9577,3.7839,14.772212483504363,-1.4013377412617811,-0.0943206744364279,6.0464,3.8242,36.752447737496695,0.1082271426094932,0.1662514228335151,Requires Buffer Layer (High Dislocation Risk),1.051,0.246,7.148,2.2934,Tier 2: Competitive Alternative
Ba2MnSe3 / Ba3Al2B10H4O23,Ba2MnSe3,Ba3Al2B10H4O23,0.5834362971429756,79.04699374251383,0.0178174532176061,0.5745275705341726,0.5923450237517788,72.44218060267109,88.51973834298698,1.322916997726819,4.9577,3.6348,14.772212483504363,-1.074050659926919,-0.2625178826895565,5.7412,3.8242,33.39023200724587,0.1326410015892165,0.1398859605613452,Requires Buffer Layer (High Dislocation Risk),1.01,0.207,7.148,2.2632,Tier 2: Competitive Alternative
Ba2SnSe5 / Ba3Al2B10H4O23,Ba2SnSe5,Ba3Al2B10H4O23,0.5846522553584288,80.7482886226892,0.0250965012867764,0.5721040047150406,0.5972005060018171,76.0052417736311,89.64866905809528,1.3426169977268192,4.9577,3.6151,14.772212483504363,-1.3348811754349583,-0.1007164393792703,6.2206,3.8242,38.52361508536155,0.0972297336384101,0.1410511442390202,Requires Buffer Layer (High Dislocation Risk),1.004,0.208,7.148,2.2616,Tier 2: Competitive Alternative
