Core_Formula,Shell_Formula,Consensus_Quality,XGB_Quality,ET_Quality,KNN_Quality,MLP_Quality,Verification_Agreement_%,Core_Eg_nano_3nm_eV,Shell_Eg_bulk_eV,Total_Confinement_eV,Dielectric_Contrast_Ratio,Defect_Gradient_eV,Confinement_Asymmetry
Ba3Zr6BeCl18,Ba2YC2(O2F)3,0.7156851344600506,0.7542212,0.5254719907469436,0.8194342491465375,0.7822643926744421,84.05424843726821,1.2822169977268187,5.263999999999999,3.9818,16.447548766982095,-0.9081494096428576,-0.1006077653322617
Ba2InCuO4,Ba(PO3)2,0.7147278774978563,0.7579012,0.5296369028000143,0.8008624126717422,0.7844038204271708,84.69214593178185,1.3662169977268188,5.4349,4.0687,17.40684437120676,-0.7557097571428559,-0.0567011576179123
Ba2InCuO4,Ba2YC2(O2F)3,0.7080690512886978,0.76111335,0.5195489415707645,0.7959773746029245,0.7629833649379913,84.39596109393499,1.3662169977268188,5.263999999999999,3.8978,16.447548766982095,-0.9698248188095252,-0.1847708964030992
Ba2MnSe3,Ba2HoCl7,0.7072869586325925,0.74684435,0.5321814679722798,0.802984479599833,0.761245908540864,85.20368156716917,1.322916997726819,5.4559,4.133,17.526026148831015,-1.0944490683396175,-0.1297846600532301
Ba2MnSe3,Ba2DyCl7,0.7071704377160934,0.7468735,0.5292244445287652,0.7949203330428002,0.7723727678485128,85.05601176546631,1.322916997726819,5.4194,4.096500000000001,17.31921624773407,-1.097789788006283,-0.1398510923959477
Ba3Zr6BeCl18,Ba3Tm(BO2)9,0.7038401394951302,0.7371623,0.5144694184686757,0.8199874981584648,0.7660923705215026,83.58992251385489,1.2822169977268187,5.2676,3.9854,16.467591779378182,-0.8515050471774201,-0.2241180308124654
Ba(GdSe2)2,Ba2DyCl7,0.702973363101231,0.7453305,0.5271514075889493,0.7878420470775072,0.7637570673225886,85.21793224902262,1.481060739031996,5.4194,3.9384,17.31921624773407,-0.6162207365416692,-0.0547938249035141
Ba2Zr6BCl17,Ba3Tm(BO2)9,0.7009376816027277,0.74076664,0.5266601342438827,0.7824401594056798,0.7675815125715231,85.28064306358216,1.3409169977268192,5.2676,3.9267,16.467591779378182,-0.8135960599017791,0.0226908090763235
Ba2Zr6BCl17,Ba2DyCl7,0.6986335016185412,0.7470967,0.5229459744979035,0.7810494057947611,0.7510163937008645,85.24476845960083,1.3409169977268192,5.4194,4.0785,17.31921624773407,-0.5455858848910249,-0.1808753218094888
Ba3Zr6BeCl18,Ba(PO3)2,0.6983627636966486,0.7435467,0.5315549097012091,0.770680952326465,0.7554824316688923,86.01948523137354,1.2822169977268187,5.4349,4.152699999999999,17.40684437120676,-0.6940343479761886,0.0214077588075228
Ba(GdSe2)2,Ba2HoCl7,0.695237944256404,0.737251,0.5246392476568968,0.7805939195099614,0.7496075654030703,85.48176356332326,1.481060739031996,5.4559,3.9749,17.526026148831015,-0.6128800168750037,-0.0451080530327807
Ba2InCuO4,Al2Pb3F12,0.6949376273625514,0.73567015,0.524997792000104,0.7834467884720734,0.7475713321183242,85.47478297169123,1.3662169977268188,5.2252,3.859,16.232185176768496,-1.020414262843138,0.0072039388442601
Ba2Zr6BCl17,Ba2HoCl7,0.6941124222483045,0.7377169,0.5243512023409931,0.7711146546700958,0.7530038853067909,85.62658856572473,1.3409169977268192,5.4559,4.115,17.526026148831015,-0.5422451652243594,-0.1704009720534629
Ba2InCuO4,Ba3B6O11F2,0.6925781945341842,0.7295283,0.5256632311234519,0.7741124482476671,0.7550249168658327,85.68348848235121,1.3662169977268188,5.252710526336427,3.8865,16.384847293223228,-0.9821029337121212,0.0545220635533256
Ba2Na2U(S2O)2,Ba2DyCl7,0.6894025481889958,0.73329294,0.5243532094320887,0.764374814537498,0.7439337445772396,85.95204455523016,1.5081917121269697,5.4194,3.9112,16.662390744610835,-0.506995864643156,-0.0958273675598281
Ba3Zr6BeCl18,Al2Pb3F12,0.686806567920497,0.7190202,0.5194369281740161,0.7803145981527722,0.7461367375851895,85.3111652695898,1.2822169977268187,5.2252,3.943,16.232185176768496,-0.9587388536764708,0.0881055034237889
Ba2Zr6BCl17,Ba3Tb(BO2)9,0.6859850263343982,0.72374266,0.5194156699247712,0.7767142129392063,0.7373916546700975,85.4926790305397,1.3409169977268192,5.1728,3.8319,15.94269133886722,-0.806289501245864,-0.0233565594091704
Ba3In2O6,Ba3Tm(BO2)9,0.6822061487832823,0.723004,0.5239560381726575,0.7499760501520826,0.7408526451253505,86.38813315882831,1.107916997726819,5.2676,4.1597,16.467591779378182,-0.636532382328935,-0.1350818568646777
Ba3ThSe7,Ba2DyCl7,0.681660774288042,0.71524596,0.5310318563773236,0.7466486814122623,0.7461849656084623,86.90480814848218,1.178416997726819,5.4194,4.241,17.31921624773407,-0.9321688988570018,0.0093845791087007
Ba2Zr6BCl17,Ba2P2O7,0.6816170069385237,0.71349967,0.519799698287374,0.7767274050514583,0.7329836074775522,85.63465575706228,1.3409169977268192,5.1483,3.8074,15.807777426493834,-0.8982767017503321,0.011608972001891
Ba2Na2U(S2O)2,Ba2HoCl7,0.6815775723329408,0.71348375,0.5224279730240957,0.7697772991048738,0.736479062146753,85.95606579508033,1.5081917121269697,5.4559,3.9477,16.861357449145313,-0.5036551449764906,-0.0856954682473338
Ba4P2O,Ba2DyCl7,0.6807900931934228,0.7293712,0.5279410455177221,0.7480777838288878,0.719546882023605,86.92148852277437,1.2965169977268192,5.4194,4.1229000000000005,17.31921624773407,-1.3626146179829928,-0.0968007955565257
Ba2SnSe5,Ba2DyCl7,0.6800247459327478,0.7345314,0.5318142684187479,0.7327732645775743,0.7171527346385655,87.44078093365688,1.3426169977268192,5.4194,4.0768,17.31921624773407,-1.3586203035143225,0.0042189952904239
Ba2FeMoO6,Ba3B6O11F2,0.6797786624929324,0.7165931,0.5143549993394587,0.7534102275382714,0.7485014190917582,85.58129223532028,1.1591169977268192,5.252710526336427,4.0936,16.384847293223228,-0.7062416465454535,-0.2223470783662302
Ba4P2O,Ba2HoCl7,0.6793524627129195,0.72668296,0.5305455765966302,0.7470646199198785,0.7148205262703607,87.21231412813084,1.2965169977268192,5.4559,4.1594,17.526026148831015,-1.3592738983163273,-0.0871760350050488
Ba2InCuO4,Ba3Tm(BO2)9,0.6790613630785369,0.74372894,0.4972510014719883,0.7328040241985903,0.7394133571431869,84.57897797529455,1.3662169977268188,5.2676,3.9014,16.467591779378182,-0.9131804563440876,-0.3108627672117701
Ba3Zr6BeCl18,Ba3Tb(BO2)9,0.6789902970562183,0.7257039,0.5008757338039289,0.7602279028297225,0.7386470540819554,84.59970573930012,1.2822169977268187,5.1728,3.8906,15.94269133886722,-0.844198488521505,-0.2754845011052279
Ba3Ta2Se9,Ba2HoCl7,0.6779515405826347,0.7143591,0.5264667073867919,0.7465042530953414,0.7350416175748515,86.81629284740049,1.5010593186159011,5.4559,3.9548,17.055464030752333,-1.290667286552828,-0.1683523819156467
Ba3Ta2Se9,Ba2DyCl7,0.6770154607219017,0.7174416,0.5208372580021104,0.7444586171283358,0.7340492966052585,86.46412978718769,1.5010593186159011,5.4194,3.9183,16.854206837626574,-1.2940080062194934,-0.1792358931169128
Ba2Zr6BCl17,Ba2YC2(O2F)3,0.6766497141365981,0.7147368,0.5148730096412911,0.759707333716402,0.7291605113949244,85.80201923778785,1.3409169977268192,5.263999999999999,3.9231,16.447548766982095,-0.8702404223672167,0.148275598378833
Ba3ThSe7,Ba2HoCl7,0.6765644471106996,0.708877,0.5253383810877581,0.7559860472256051,0.7296284295585275,86.64371493717105,1.178416997726819,5.4559,4.2775,17.526026148831015,-0.9288281791903364,0.0178375219170075
Ba3Zr6BeCl18,Ba3B6O11F2,0.6761408006954758,0.7128007,0.5167150328664242,0.7415372933354041,0.7458717560769571,86.05989095819244,1.2822169977268187,5.252710526336427,3.9705,16.384847293223228,-0.9204275245454538,0.1338622339755698
Ba3In2O6,Ba2YC2(O2F)3,0.6758263329827917,0.71192753,0.5245220680679781,0.7362150697366832,0.7413908121791329,86.79461873855492,1.107916997726819,5.263999999999999,4.1561,16.447548766982095,-0.6931767447943726,-0.0166742859892687
Ba2FeMoO6,Al2Pb3F12,0.6746266920506714,0.7136787,0.5055525322392423,0.7536963371468788,0.7385586870831284,85.17283895408353,1.1591169977268192,5.2252,4.0661000000000005,16.232185176768496,-0.7445529756764704,-0.2691276653304149
AcFeO3,Al11TlO17,0.6743027065157435,0.7013375,0.5282758034914211,0.745949346158689,0.7378788083193706,86.9882288217072,1.263816997726819,5.323600000000001,4.0598,16.780212773097965,-0.4435167744568944,-0.0685748066407211
Ba2SnSe5,Ba2HoCl7,0.6740652036354862,0.71943194,0.5263867198029342,0.7355002193976513,0.717836584235386,87.26148314150394,1.3426169977268192,5.4559,4.1133,17.526026148831015,-1.3552795838476568,0.0130552111443366
Ba2InBiSe5,Ba2CaP4(H3O8)2,0.6736207099185618,0.71752334,0.5262388615429008,0.7330507179484027,0.7215883861950441,87.27460563159953,1.316416997726819,5.4657,4.1493,17.581490207109955,-1.0917260000439286,0.0944014653074012
Ba2InCuO4,Ba2CaP4(H3O8)2,0.6727468874667291,0.71569145,0.5228049411242287,0.741143833766714,0.7166243944601529,86.95602468331865,1.3662169977268188,5.4657,4.0995,17.581490207109955,-0.3366020990311975,-0.1816075131113551
Ba3Zr6BeCl18,Ba2P2O7,0.6724043205643273,0.70936215,0.5100181423333834,0.7434631395843602,0.7396520092518595,85.71378035643892,1.2822169977268187,5.1483,3.8661,15.807777426493834,-0.9361856890259732,-0.2426476293939629
Ba2Mn(AsO4)2,Ba2YC2(O2F)3,0.6721828528281034,0.7144754,0.5178142104597131,0.7300570737047846,0.7332575785013037,86.58609424752365,1.498186441755564,5.263999999999999,3.7658,16.080209212820318,-0.7375411424943157,-0.0629348345637049
Ba2InBiSe5,Ba2DyCl7,0.6721823495240139,0.7218678,0.5223873833974468,0.7325208154511608,0.7121381129486504,87.08613907359718,1.316416997726819,5.4194,4.103,17.31921624773407,-1.4002941823460644,-0.2201803558371923
Ba3TaAs3O,Ba2DyCl7,0.6721337555293471,0.71312827,0.5281088092098493,0.7326720615248298,0.7198862194506734,87.49643559750417,1.3373169977268191,5.4194,4.0821,17.31921624773407,-1.3320896224999998,0.057396928051738
Ba2Mn(AsO4)2,Ba(PO3)2,0.6717763268976069,0.7129281,0.5192536774179277,0.7420300069730635,0.7201603718833083,86.67597843382649,1.498186441755564,5.4349,3.9367,17.018079909020226,-0.5234260808276465,0.0641400157492315
Ba2Mn(AsO4)2,AlPO4,0.6698235598852245,0.7061538,0.5219547651080424,0.7322047844229063,0.7287003910757058,87.00654628928879,1.498186441755564,5.6178,4.1196,18.03944940586021,-0.6696392058474885,-0.1353529468880474
Ba3TaAs3O,Ba2HoCl7,0.6692554024158414,0.7122069,0.5323853423703518,0.727147997974951,0.7072853056351815,88.10794970980584,1.3373169977268191,5.4559,4.1186,17.526026148831015,-1.3287489028333344,0.0657504977419511
Ba3In2O6,Ba2P2O7,0.6691034270491595,0.7057236,0.5204575051432273,0.7379387723585343,0.7219901950850902,86.90137563864464,1.107916997726819,5.1483,4.0404,15.807777426493834,-0.7212130241774881,-0.1501831501831501
Ba2InBiSe5,Ba2HoCl7,0.6687650639287559,0.714389,0.5191883182814527,0.7299495132908804,0.7147096574158013,86.99979584453253,1.316416997726819,5.4559,4.1395,17.526026148831015,-1.396953462679399,-0.2094214277086604
Ba3In2O6,Ba3Tb(BO2)9,0.6674435783173277,0.70911527,0.5179729473171908,0.728851170061095,0.7199488204791834,86.92635104386626,1.107916997726819,5.1728,4.0649,15.94269133886722,-0.6292258236730199,-0.1821693030578858
Ba3Cr2O8,Ba2DyCl7,0.6663577948669546,0.71872693,0.5186672900549657,0.7177213169556337,0.7079613971549448,87.22780093662004,1.4032169977268192,5.4194,4.0162,17.31921624773407,-0.2408217567820498,-0.0904337433394751
Ba3Zr6BeCl18,Ba2CaP4(H3O8)2,0.6657196465357189,0.7071503,0.5240501917201409,0.7242804570945229,0.711742060002728,87.60387143532145,1.2822169977268187,5.4657,4.1835,17.581490207109955,-0.2749266898645301,-0.1015656746743157
Ba3NbAs3O,Ba2DyCl7,0.6650954157684993,0.708607,0.522745538183627,0.7229280539883649,0.7090548355363865,87.56259489421882,1.323916997726819,5.4194,4.0955,17.31921624773407,-1.3566727890416663,0.0883652789647173
Ba3Zr2S7,Ba2DyCl7,0.664730711884886,0.7087645,0.5251591822200448,0.7056985491378419,0.7211681689470403,87.81438606693597,1.082816997726819,5.4194,4.336600000000001,17.31921624773407,-0.7210170602916661,-0.1356362127011944
Ba3Cr2O8,Ba2HoCl7,0.6640325072382902,0.71902156,0.5203261536211684,0.7083532302530703,0.703113886079126,87.56588370765327,1.4032169977268192,5.4559,4.0527,17.526026148831015,-0.2374810371153843,-0.0806129247168555
Ba2Mn(AsO4)2,Ba3Tm(BO2)9,0.6630333131962252,0.70815593,0.5077637608070671,0.7190234553788187,0.722165532019506,86.37429532320058,1.498186441755564,5.2676,3.7694,16.09980458457755,-0.6808967800288781,-0.193558656550114
Ba2InCuO4,AcCl3,0.6629516532084658,0.7123161,0.5130009484463985,0.7237842508238478,0.703169691762038,86.88694933635459,1.3662169977268188,5.0865,3.7203,15.469499303872531,-0.7153995097916672,-0.0369056258903851
Ba4LaGe3SbSe13,Ba2CaP4(H3O8)2,0.6624699467344219,0.7006213,0.5242105044491061,0.7012326253207217,0.729766690721638,87.71940907510405,1.4883785721190117,5.4657,3.977300000000001,17.4640692945134,-1.1040565981386783,0.1132677947351218
Ba2SiTe4,Ba2CaP4(H3O8)2,0.6622618402812837,0.7085845,0.5026846608418474,0.7252752953470355,0.7176552269902203,85.97492823038519,1.3583169977268197,5.4657,4.1074,17.581490207109955,-1.2589667310550052,-0.2890392949311
Ba3NbAs3O,Ba2HoCl7,0.6621119771708268,0.70430684,0.5253215768222119,0.7197019208043545,0.7016690373541141,87.98301201267267,1.323916997726819,5.4559,4.132,17.526026148831015,-1.3533320693750008,0.0964181994191675
Ba3Zr2S7,Ba3Tm(BO2)9,0.661880221023726,0.69885087,0.5254633748674123,0.7050020150513819,0.7245808338500402,87.90532499524531,1.082816997726819,5.2676,4.1848,16.467591779378182,-0.9890272353024204,0.0570158669470464
Ba4LaGe3SbSe13,Ba2HoCl7,0.6608813412355663,0.7092597,0.5179173173243629,0.707674980721305,0.7081306382073533,87.51955505517331,1.4883785721190117,5.4559,3.9675,17.408975662191686,-1.4092840607741486,-0.2036798991808443
Ba3Cr2O8,Ba3Tm(BO2)9,0.6606744863225815,0.69841456,0.5150173392809448,0.7286950988746056,0.7086801565037513,87.02913304116544,1.4032169977268192,5.2676,3.8644,16.467591779378182,-0.5088319317928041,0.1199668771348722
Ba3Zr2S7,Ba3Tb(BO2)9,0.6605363518157026,0.7017149,0.5217676948572054,0.7089704059511908,0.7135006913553226,87.7885599258558,1.082816997726819,5.1728,4.09,15.94269133886722,-0.9817206766465052,0.0146699266503667
Ba2Ge2Se5,Ba2B11H7O22,0.6600644015940874,0.7046905,0.5175608910923032,0.7050424822965311,0.7151200088172323,87.48238707648571,1.5466208727092796,5.6652,4.118499999999999,16.956706822295736,-1.1839908185689467,-0.0230909311642588
Ba2Ge2Se5,Al2H16S3O20,0.6589066741465393,0.6953971,0.5164058059310767,0.7237725985055873,0.7083086116779628,87.28126596940096,1.5466208727092796,5.6055,4.0588,16.644613819892903,-0.3465273859336886,-0.1192470680989454
Ba3Zr2S7,Ba2HoCl7,0.6588365836692197,0.702857,0.5249654797276867,0.6933275866190775,0.7146487461159889,88.20492327703737,1.082816997726819,5.4559,4.3731,17.526026148831015,-0.7176763406250006,-0.1261576456060918
Ba2Tl2O5,Ba3Tm(BO2)9,0.6578742021874424,0.70118624,0.5268758669413076,0.6943692159857697,0.7093310566670348,88.47078136423038,1.0156169977268188,5.2676,4.252,16.467591779378182,-1.1736809833811237,-0.0941204139228598
Ba4LaGe3SbSe13,Ba2DyCl7,0.6577769646989058,0.7009153,0.5157881315601963,0.7049362680597968,0.7126116413259018,87.46694482037574,1.4883785721190117,5.4194,3.931,17.203546975487537,-1.412624780440814,-0.2148562706690409
Ag2PHO4,B5H4NO8,0.6576834155960001,0.6958467,0.5117046273620622,0.7193265638670123,0.7117280454640755,86.98763611064237,1.5818709676048333,5.7298,4.1479,16.387360888277687,-0.5980527347263573,-0.0721087779358229
Ba3Ta2Se9,Ba2CaP4(H3O8)2,0.6573786053010412,0.6973423,0.5143948312476976,0.7000077754516624,0.7235427130896934,87.2490519866524,1.5010593186159011,5.4657,3.9646,17.10943891604252,-0.9854398239173576,0.1495232810371791
Ba3Zr6BeCl18,AcCl3,0.6572080300962113,0.69091684,0.5095222537832723,0.7287867249344464,0.7112461746617811,86.67311088642471,1.2822169977268187,5.0865,3.8043,15.469499303872531,-0.6537241006249999,0.0479194595589202
Au2Se3O10,B5H12NO12,0.6568414599807508,0.6785567,0.5206983392662022,0.7308446508933993,0.715015518837629,87.39573747810425,1.214816997726819,5.5022,4.2874,17.789162841996657,-0.9261251017256932,0.0643280309744834
Ba2MnSe3,Ba2CaP4(H3O8)2,0.6567089998112017,0.6997548,0.5158167961783134,0.7103325445835891,0.7038705888500523,87.54947388960909,1.322916997726819,5.4657,4.1428,17.581490207109955,-0.7892216057041472,0.1743265424350681
Ba2Tl2O5,Ba3Tb(BO2)9,0.656606757949314,0.70034313,0.5224622086431909,0.6979650922982313,0.7063904705121857,88.18266255299191,1.0156169977268188,5.1728,4.1572,15.94269133886722,-1.1663744247252086,-0.139228326758395
Ba2InCuO4,Ba3B6H2O13,0.6565272644536517,0.7013574,0.5106470672010914,0.7266345373459195,0.6903174584673994,86.96779921507112,1.3662169977268188,5.0891,3.7229,15.483711135885049,-0.6571995676041675,0.0126514276504875
Ba2Ni(PO4)2,Ba3Tm(BO2)9,0.6561782437007642,0.69659036,0.5208402343698585,0.7116543205976302,0.6991534530788619,87.99918453586429,1.1930169977268188,5.2676,4.0746,16.467591779378182,-0.2204753401169799,-0.0303833505129338
AgRh(SO4)2,Ba2DyCl7,0.6548808522872289,0.6908773,0.5194935761990387,0.7104974329823279,0.7055045659372186,87.89475415209718,1.4293169977268192,5.4194,3.9901,17.31921624773407,-1.4077187857777784,0.1067391794691862
Ba2InCuO4,AlPO4,0.6548503046550818,0.7017722,0.5072105930700022,0.7052895684566393,0.7068473854659394,86.9509751913861,1.3662169977268188,5.6178,4.2516,18.451546239574878,-0.901922882162698,-0.2448019569103396
Ba3Cr2O8,Ba3Tb(BO2)9,0.6542243934151462,0.6952651,0.509905390970063,0.7144003814263624,0.7026259117999942,87.13078746968465,1.4032169977268192,5.1728,3.7696,15.94269133886722,-0.5015253731368889,0.0756048387096774
Ba3Zr6BeCl18,AlPO4,0.6539585635231612,0.6992453,0.5154220451294934,0.6929905607901127,0.7088455155001909,87.72720327379795,1.2822169977268187,5.6178,4.3356,18.451546239574878,-0.8402474729960305,-0.1663437586493219
Ba(SmTe2)2,Ba(PO3)2,0.6535492235793998,0.6954721,0.5196706505940023,0.6975340127045292,0.7035476095845494,88.12881962980676,1.051116997726819,5.4349,4.3838,17.40684437120676,-1.1858106559523771,-0.1884210046078745
Ba3Zr2S7,Ba2P2O7,0.6530068527904185,0.6899717,0.5203163330401126,0.7088597567896429,0.6983286860990874,88.12837596551799,1.082816997726819,5.1483,4.0655,15.807777426493834,-1.0737078771509734,0.0476448161357766
Ba2MnSe3,Ba3Tm(BO2)9,0.6529876780578067,0.6940542,0.522342577980436,0.6871578188317833,0.7102575079782867,88.34504666349943,1.322916997726819,5.2676,3.9447,16.467591779378182,-1.3657999630170372,0.0643648439678556
Ba2GdMoO6,Al2Pb3F12,0.6529408098346506,0.69166887,0.5206132701416262,0.7106080869514291,0.6929088703324118,88.17255682475869,1.1637169977268191,5.2252,4.0615,16.232185176768496,-0.2050825616764715,-0.1063892650498584
AgHg2PO4,AlH10SO9F,0.652743020801866,0.69855255,0.5195178061296672,0.7068909947476683,0.6849598761490616,88.17374469712044,1.4446169977268193,5.459199999999999,4.0146,17.544680452886684,-0.218473610830626,0.0296916255666816
Ba2Zr6BCl17,AlPO4,0.6522435877526593,0.68862414,0.5206067613611891,0.7067643203688109,0.6986029451945097,88.20767704472695,1.3409169977268192,5.6178,4.2769,18.451546239574878,-0.8023384857203895,0.0610488905515678
Ba3Sb2Se7,Ba2DyCl7,0.6521756369825931,0.6948038,0.5272077794017919,0.6907866271520774,0.695175243285336,88.94689120631217,1.1737615750124288,5.4194,4.2456,17.31921624773407,-1.4250768693411453,0.0057471264367816
Ba3Sb2Se7,Ba2HoCl7,0.6517703913835683,0.68681145,0.5224402449543106,0.7089406406825453,0.6949410222446702,88.37321929126537,1.1737615750124288,5.4559,4.2821,17.526026148831015,-1.4217361496744798,0.0142219938815067
Ba2As2Se5,Ba2DyCl7,0.6516558267845418,0.6841874,0.5242595634330862,0.7168554591447319,0.6887712490281843,88.42139372556522,1.2791169977268189,5.4194,4.1403,17.31921624773407,-1.5755506853090244,-0.0332584595319179
Ba3Zr6BeCl18,Ba3B6H2O13,0.6515098004611748,0.6889472,0.5042342801994953,0.7256442949112025,0.6959542855911184,86.63231600806904,1.2822169977268187,5.0891,3.8069,15.483711135885049,-0.5955241584375002,0.0963250939084294
Ba2SmMoO6,Al2Pb3F12,0.6514265139087266,0.6909609,0.51821381752336,0.7051227884550777,0.6950609620194383,88.10300534631293,1.1639169977268191,5.2252,4.0613,16.232185176768496,-0.2276863591764706,-0.1262403663851476
Ba2Tl2O5,Ba2YC2(O2F)3,0.6504712372381348,0.6886986,0.5268893870864424,0.6884240150289094,0.7000979051505818,88.96731557019189,1.0156169977268188,5.263999999999999,4.2484,16.447548766982095,-1.2303253458465613,0.0217493644666227
Ba(GdTe2)2,Ba(PO3)2,0.6497840803607977,0.6889757,0.5203754819821919,0.6965102347965647,0.6962333985913067,88.4398039067568,1.013858253812388,5.4349,4.4211,17.40684437120676,-1.1714838948809485,-0.1792087941914908
Ba2Na2U(S2O)2,Ba3Tm(BO2)9,0.6490050940673305,0.6891612,0.5109178914185487,0.7027057147739428,0.6976403535545384,87.61648228667327,1.5081917121269697,5.2676,3.7594,15.843063850342524,-0.7750060396539102,0.1202319519072192
Ba(SmTe2)2,Ba3B6O11F2,0.6489786696121812,0.68764204,0.5274885289506023,0.6869407576168002,0.6952184076894616,89.15551427910187,1.051116997726819,5.252710526336427,4.2016,16.384847293223228,-1.4122038325216426,-0.0912509520182787
Ba2As2Se5,Ba2HoCl7,0.6486640955340274,0.6817574,0.5237592041791304,0.7089797975535477,0.6865662713215472,88.6573226285659,1.2791169977268189,5.4559,4.1768,17.526026148831015,-1.572209965642359,-0.0242290748898678
AgRh(SO4)2,Ba2HoCl7,0.6484626411216898,0.68543744,0.5218261745242995,0.7040624073910903,0.6864525436344862,88.5976827365996,1.4293169977268192,5.4559,4.0266,17.526026148831015,-1.404378066111113,0.1148363383499726
Ba3Cr2O8,Ba2P2O7,0.6484279202705798,0.6906487,0.5044837380272436,0.7099716258805558,0.6929281068485442,87.05757335058118,1.4032169977268192,5.1483,3.7451,15.807777426493834,-0.5935125736413571,0.1117994179060639
Ba(GdSe2)2,Ba3Tm(BO2)9,0.6484256857374884,0.6889056,0.5064593170887357,0.7002356730524373,0.7032338298923331,87.24390216350845,1.481060739031996,5.2676,3.7866,16.467591779378182,-0.8842309115524234,0.161358474621032
Ba3(TaS4)2,Ba2CaP4(H3O8)2,0.6481814095086318,0.68104553,0.5209875585906757,0.7054488174509733,0.692394115358518,88.46615281528825,1.000616997726819,5.4657,4.4651,17.581490207109955,-0.7191179043773601,-0.0749143356251819
Ba2Tl2O5,Ba2P2O7,0.648053324251298,0.6824887,0.5224315969485224,0.6986610354923408,0.6942108997782341,88.67183718039726,1.0156169977268188,5.1483,4.1327,15.807777426493834,-1.2583616252296768,-0.1077019865947201
Ba2Mn(AsO4)2,Ba2CaP4(H3O8)2,0.6480158479441104,0.6790275,0.5179870327961292,0.715499623354656,0.6887977340783529,88.0730063624061,1.498186441755564,5.4657,3.9675,17.18882520482436,-0.1043184227159881,-0.06586011342155
Ba(GdTe2)2,Ba3B6O11F2,0.6478825391623383,0.6859432,0.5263059953323017,0.6921303343158075,0.6889992764339006,89.12722997968656,1.013858253812388,5.252710526336427,4.2389,16.384847293223228,-1.3978770714502138,-0.0824978178300973
Ba2Na2U(S2O)2,AlPO4,0.6474624557367891,0.67886263,0.5131530927082442,0.7088426255302515,0.6990186824567202,87.73376821550939,1.5081917121269697,5.6178,4.1096,17.75177749895441,-0.7637484654725206,0.151839595094413
Ba(GdSe2)2,Ba3Tb(BO2)9,0.6474416151933007,0.6903463,0.5073553634796403,0.6922191866955277,0.70268870357148,87.43734461255755,1.481060739031996,5.1728,3.6918,15.94269133886722,-0.8769243528965083,0.1171244379435506
Ba(GdTe2)2,AcCl3,0.6471860935067751,0.68545943,0.5179218587896615,0.6996242686805616,0.6893498939428596,88.37660838945854,1.013858253812388,5.0865,4.0727,15.469499303872531,-1.1311736475297598,-0.171606059862008
Ba2FeMoO6,Ba3Si2(B3O8)2,0.6470698307863041,0.6722697,0.5171264229298784,0.7113157038479501,0.7011534876987264,87.96169881910507,1.1591169977268192,5.4031,4.244,17.227122381477397,-0.6507911577407404,0.167813383600377
Ba2Ni(PO4)2,Ba2P2O7,0.6470041739262242,0.68431455,0.5116800454919962,0.7070566761447238,0.6908136908263426,87.75468680326958,1.1930169977268188,5.1483,3.9553,15.807777426493834,-0.3051559819655329,-0.0426516319874598
AgHg2PO4,AlH11SO10,0.6467295247992845,0.6710778,0.5183203708628483,0.7126922313128646,0.69866878542061,88.06611837270036,1.4446169977268193,5.3941,3.949500000000001,17.176424784435866,-0.1233489268064162,-0.0947714900620331
Ba2ThS6,Ba(PO3)2,0.6466933380071276,0.68841034,0.5077411280300379,0.6858891980027544,0.7081830286544244,87.46325610188637,1.5637519865247549,5.4349,3.8712,15.351861952119572,-0.9974031263095244,-0.2064476131432114
Ba2MnTe3,Ba2CaP4(H3O8)2,0.6466531262665847,0.69190705,0.5144618751721326,0.6750979164027299,0.7042530812740565,88.10523466116125,1.0806169977268187,5.4657,4.3851,17.581490207109955,-1.1014921552093573,-0.2300289617112494
Ba3(AlAs2)2,Ba2CaP4(H3O8)2,0.6466258420175829,0.67742765,0.524998172978811,0.7121992855400886,0.6791838217028368,88.80263441353665,1.311930106189244,5.4657,4.1538,17.581490207109955,-1.6114379490311976,-0.1690981751649092
Ba(SmTe2)2,Ba3B6H2O13,0.6465543518812176,0.68619066,0.5162528906742306,0.6964369437449993,0.6901850836774003,88.30021415157027,1.051116997726819,5.0891,4.038,15.483711135885049,-1.087300466413689,-0.1357602773650321
Ba(SmTe2)2,AcCl3,0.6463125578708403,0.6859971,0.5169763586330905,0.6960620430878692,0.6887853082221996,88.38664055347603,1.051116997726819,5.0865,4.0354,15.469499303872531,-1.1455004086011886,-0.1815433414283589
Ba2InSbSe5,Ba2CaP4(H3O8)2,0.6463118075754741,0.68898356,0.5229625779315171,0.6847654503169195,0.6873691656335728,88.99983577365127,1.0234169977268193,5.4657,4.4423,17.581490207109955,-1.1312492278217063,-0.0511671881682912
Ba3(TaS4)2,Ba3Tm(BO2)9,0.6462013003936015,0.68222725,0.5234473280138721,0.6893947799085876,0.6934049123962744,88.9488863514915,1.000616997726819,5.2676,4.267,16.467591779378182,-1.29569626169025,-0.1881415514412936
Al4InAgSe8,Ba2CaP4(H3O8)2,0.646122866256747,0.6790004,0.5301642662449363,0.6959139440685742,0.6837444233150112,89.51570856071079,1.4118169977268191,5.4657,4.0539000000000005,17.581490207109955,-1.568305538644292,-0.0469424504797849
Ba2InCuO4,Ba2P2O7,0.646116899185805,0.7118388,0.4805514084503359,0.7212904835102925,0.6628868985480885,84.9388064782711,1.3662169977268188,5.1483,3.7821,15.807777426493834,-0.9978610981926406,-0.3325401232119721
Ba2YCoO5,Ba2P2O7,0.645961293612618,0.6804178,0.5187482320421944,0.7093356164589414,0.6813044831650987,88.3834813964085,1.0272169977268188,5.1483,4.1211,15.807777426493834,-0.414448503470417,-0.1269806605032637
Ba2Mn(AsO4)2,Al2Pb3F12,0.6458664023987183,0.6899919,0.5038887933467197,0.6983241124361179,0.6936611128530168,87.2583943242443,1.498186441755564,5.2252,3.727,15.86965555303055,-0.7881305865279287,0.1371075932385296
Ba2MnSe3,Ba3Tb(BO2)9,0.6458527377264174,0.6995713,0.5173847523651803,0.6618023754196809,0.6964806223801829,88.43097282812444,1.322916997726819,5.1728,3.8499,15.94269133886722,-1.358493404361122,0.019558949583106
Ba3NbAs3O,Ba2B11H7O22,0.6455389169967889,0.68982846,0.513130544051867,0.6881223824527322,0.6909592552344375,88.15881106985795,1.323916997726819,5.6652,4.3413,18.725422882466763,-1.0568146834126977,-0.0050445719024255
Ba(DyTe2)2,Ba3B6H2O13,0.6454440192283507,0.68404406,0.512993179346967,0.6943289341392209,0.6945725774090872,88.06028699157932,1.041616997726819,5.0891,4.0475,15.483711135885049,-1.1036027745089303,-0.2291043854231006
Ba(TbTe2)2,Ba3B6O11F2,0.6454325817152592,0.6861821,0.5219747567011228,0.6856256588874092,0.6882501608385831,88.94998493210747,1.0413169977268188,5.252710526336427,4.2114,16.384847293223228,-1.420404097402599,-0.1711069952984756
Ba2SmMoO6,Ba3B6O11F2,0.6453802244141659,0.6842118,0.5132818414565768,0.7040220423555287,0.68390618911513,88.04663693621426,1.1639169977268191,5.252710526336427,4.0888,16.384847293223228,-0.1893750300454537,-0.0803658775190764
Ba2GdMoO6,Ba3B6O11F2,0.6452312247232552,0.6766358,0.5185342339718485,0.7073595436373735,0.6865161343778383,88.39052885080699,1.1637169977268191,5.252710526336427,4.089,16.384847293223228,-0.1667712325454546,-0.0606505258009292
Ba3(TaS4)2,Ba2YC2(O2F)3,0.6452242831066984,0.6787344,0.5238141608836004,0.6937808015981968,0.689787719506706,89.00844021092614,1.000616997726819,5.263999999999999,4.2634,16.447548766982095,-1.3523406241556877,-0.072758830979969
Ba3TaAs3O,Ba2B11H7O22,0.6451105104532344,0.68425834,0.5204483896060308,0.6892933989002442,0.6882465682272094,88.80686102943174,1.3373169977268191,5.6652,4.3279,18.725422882466763,-1.0322315168710312,-0.0345433119988909
AgHg2AsO4,Ba(AlCl4)2,0.6450502169190365,0.67495716,0.5239202922516197,0.6957427907948744,0.6934328902672855,88.94568602232515,0.9995169977268192,5.3891,4.3896,17.148148571559226,-1.2411205412973452,-0.0676599234554401
Ba(DyTe2)2,Ba3B6O11F2,0.6450433570244418,0.68533367,0.5235855309250737,0.6856360836728671,0.6857648965204552,89.12614556497547,1.041616997726819,5.252710526336427,4.2111,16.384847293223228,-1.428506140616884,-0.1810690793379402
Ba(GdTe2)2,Ba3B6H2O13,0.6447676844155432,0.68497294,0.5175602643642803,0.6964437905748844,0.6817416974689137,88.54840404603067,1.013858253812388,5.0891,4.0753,15.483711135885049,-1.07297370534226,-0.1262483743528084
Ba(YTe2)2,Ba3B6O11F2,0.6442913619694469,0.6847597,0.5188376997708516,0.6837340871457568,0.6908461939914456,88.7319326047292,1.061316997726819,5.252710526336427,4.1914,16.384847293223228,-1.4195893525216443,-0.1950183709500405
AcFeO3,Al2SiO5,0.6439383112045781,0.68204594,0.5109324789765036,0.7019580910819793,0.6854874622962933,87.93534583249726,1.263816997726819,5.4454,4.1816,17.46643533343425,-0.6053303979374993,0.2132198201645303
Ba2Mn(AsO4)2,Ba3Tb(BO2)9,0.6436730511942816,0.6946435,0.49785748751474146,0.6890280373428013,0.691389283371342,86.94800517991354,1.498186441755564,5.1728,3.6746,15.58662727050496,-0.673590221372963,-0.2471561530506721
Ba(YTe2)2,Ba3B6H2O13,0.6436266509669355,0.68325466,0.5098432537605557,0.690395895466316,0.6947376684122122,87.9164453134256,1.061316997726819,5.0891,4.0278,15.483711135885049,-1.0946859864136906,-0.243855206316103
Ba2SnSe5,Ba2B11H7O22,0.643437210480234,0.68434185,0.5127001349589644,0.6882725821455722,0.6904400975402067,88.22836262604015,1.3426169977268192,5.6652,4.3226,18.725422882466763,-1.0587621978853536,-0.0848100680146207
Ba2YCoO5,Ba3Tm(BO2)9,0.6432356846426283,0.6806462,0.5170466148960269,0.6899947341166218,0.6887446184411543,88.59715024999728,1.0272169977268188,5.2676,4.2404,16.467591779378182,-0.329767861621864,-0.1128195453259126
Ba(HoTe2)2,Ba3B6O11F2,0.6431819820314659,0.6796528,0.5234022004435314,0.6858533305655707,0.686411396466887,89.19286558032798,1.0404169977268192,5.252710526336427,4.2123,16.384847293223228,-1.4364935975216435,-0.1842461363150773
AsS(IF3)2,Ba(AlCl4)2,0.6429529780185068,0.6834925,0.5150468200742242,0.6809696957642533,0.6938748560479012,88.46168673714375,1.426816997726819,5.3891,3.9623,17.148148571559226,-0.5051545370681731,0.1587209449057365
Ba2Mn(AsO4)2,Ba2P2O7,0.6428342012540175,0.6898442,0.5005706042091286,0.6950826139558259,0.6861478026727008,87.20791913170194,1.498186441755564,5.1483,3.6501,15.45472652545052,-0.7655774218774312,-0.2121859675077395
Ba2Ni(PO4)2,Ba2YC2(O2F)3,0.6428235750946986,0.6798545,0.5180894204088315,0.6897707291476955,0.686990004241424,88.72139472463549,1.1930169977268188,5.263999999999999,4.071,16.447548766982095,-0.2771197025824174,0.0905919921395234
Ba(HoTe2)2,Ba3B6H2O13,0.6427167084876502,0.6799644,0.5147103383375994,0.6954771964636584,0.684780682488247,88.39540293064333,1.0404169977268192,5.0891,4.0487,15.483711135885049,-1.1115902314136898,-0.2323955837676291
Ba3In2O6,Al2Pb3F12,0.6425266932640571,0.6825887,0.5156802423365423,0.6775699322651353,0.6959330271959884,88.52448394822308,1.107916997726819,5.2252,4.1173,16.232185176768496,-0.7437661888279856,0.1648410366016564
Ba2MnMoO6,Ba(PO3)2,0.6424411160573191,0.68990415,0.5047576617132812,0.6630343750557588,0.710891889534281,87.3681226474021,1.520474388087488,5.4349,3.9144,16.422348067260046,-0.3513023656830842,-0.2721745350500715
Ba2Ni(PO4)2,Ba3Tb(BO2)9,0.6423731812418871,0.686757,0.5111682557978975,0.6885010375089994,0.6825797795753558,88.21154385351507,1.1930169977268188,5.1728,3.9798,15.94269133886722,-0.2131687814610647,-0.0759837177747625
Ba2MnMoO6,Ba3B6O11F2,0.6422877563832812,0.6823838,0.5076421211760411,0.6912890218563076,0.6914255010956925,87.81975925121348,1.520474388087488,5.252710526336427,3.7323,15.458153100013108,-0.5776955422523495,-0.1668408220132358
Ba3In2O6,Ba(PO3)2,0.6421507765945997,0.67835903,0.5179654202582872,0.6766025674967866,0.6995662645204944,88.67667588678644,1.107916997726819,5.4349,4.327,17.40684437120676,-0.4790616831277035,0.0971111624682228
Ba2SiTe4,Ba(PO3)2,0.6416660030575867,0.6701134,0.5251391397013253,0.7079019169048693,0.6713057355888354,89.11331834870914,1.3583169977268197,5.4349,4.0766,17.40684437120676,-1.6780743891666636,-0.1651866751704852
Ba2Tl2O5,Ba2CaP4(H3O8)2,0.6416621272922007,0.6824145,0.5210845098814127,0.6771815735392851,0.6855480993894949,89.14841696958355,1.0156169977268188,5.4657,4.4501,17.581490207109955,-0.5971026260682337,0.015303026898272
Ba2YCoO5,Ba3Tb(BO2)9,0.6416312538473213,0.6780318,0.5130924546975134,0.7034131774701206,0.6768218993864156,88.23060024755195,1.0272169977268188,5.1728,4.1456,15.94269133886722,-0.3224613029659489,-0.1584812813585488
Ba(TbTe2)2,Ba3B6H2O13,0.6415155611190877,0.6793245,0.5096644055366587,0.6938655321653789,0.6878139227144131,88.02449201121006,1.0413169977268188,5.0891,4.0478000000000005,15.483711135885049,-1.0955007312946456,-0.2187361035624289
AgAs3H2O9,AlH10SO9F,0.6412306735663198,0.67983013,0.5216629157635669,0.6833904199524077,0.6809815539224132,89.21526754723016,1.091616997726819,5.459199999999999,4.3676,17.544680452886684,-0.3104726809457054,-0.1102665079219708
Ba(LuTe2)2,Ba3Si2(B3O8)2,0.6410317198886445,0.66334295,0.5179554713179535,0.7063200746682146,0.6905440332542522,88.41295154506744,1.3820169977268193,5.4031,4.021100000000001,17.227122381477397,-1.4141125189550268,0.1335704160553082
Ba2Ge2Se5,B5H4NO8,0.6406094314257136,0.69747436,0.4924814402963454,0.6622622291360604,0.7046030117077313,86.51225888184733,1.5466208727092796,5.7298,4.1831,17.295910051697355,-0.7849234983275466,-0.2935382850039444
Ag2PHO4,BHS3O11,0.640543902527026,0.68558687,0.5104817822562479,0.6869529022714304,0.6778874052427459,88.28724343992336,1.5818709676048333,5.696299999999999,4.1144,16.220475914395905,-0.2106667826748516,-0.1171981333851836
Ba(SmTe2)2,Al2Pb3F12,0.6405148312946933,0.67359036,0.5227857713053182,0.6868728592580059,0.6834359792601514,89.27621350777166,1.051116997726819,5.2252,4.1741,16.232185176768496,-1.4505151616526597,-0.1359574519058
Ba3SrEr2(MoO6)2,Al2Pb3F12,0.6404791314213722,0.67179966,0.5112543664025978,0.695448678320899,0.6922296311581191,88.1091522623571,1.2443169977268191,5.2252,3.9809,16.232185176768496,-0.1584960501764705,-0.1844055364364842
Ba(GdTe2)2,Al2Pb3F12,0.6404190964281301,0.6756617,0.5222441627280371,0.6875676040063932,0.6793147144285341,89.26807864774146,1.013858253812388,5.2252,4.211399999999999,16.232185176768496,-1.4361884005812309,-0.1267511991261813
Ba3Ta2Se9,Ba2B11H7O22,0.6401891495201665,0.68527925,0.4997993752263995,0.6838867550938798,0.6930711006214367,87.30475979282544,1.5010593186159011,5.6652,4.1641,18.222657761687785,-0.9941499005905248,-0.2608246679954852
Ba2YCoO5,Ba2YC2(O2F)3,0.6398391877236314,0.67606354,0.5179959768601452,0.6793315175437943,0.6892583039067662,88.91960036277611,1.0272169977268188,5.263999999999999,4.236800000000001,16.447548766982095,-0.3864122240873016,0.003351586102719
Ba3SrEr2(MoO6)2,Ba3B6O11F2,0.6392752750040531,0.6659541,0.5142227070868937,0.6985493134888626,0.6896290097135729,88.35390672887284,1.2443169977268191,5.252710526336427,4.0084,16.384847293223228,-0.1201847210454536,-0.1372118551042809
Ba(TbTe2)2,Ba(PO3)2,0.6392031814520556,0.68267226,0.5064938404357302,0.678823451775496,0.6893986961045173,87.98834499576935,1.0413169977268188,5.4349,4.3936,17.40684437120676,-1.194010920833334,-0.2647487254187909
Ba(TmTe2)2,Ba3B6H2O13,0.6388681312413993,0.6779238,0.5091084782113293,0.6907269511394082,0.6808615045249918,88.1936043624305,1.039516997726819,5.0891,4.0496,15.483711135885049,-1.1269496406994026,-0.2602232319241406
Ba(TmTe2)2,Ba3B6O11F2,0.6388424277752233,0.67757565,0.5207804063491999,0.6805863533345192,0.676892908802073,89.31942244070873,1.039516997726819,5.252710526336427,4.2132,16.384847293223228,-1.4518530068073563,-0.2110035127693914
Ba(ErTe2)2,Ba3B6O11F2,0.6387179796294206,0.6742894,0.5236265435802774,0.6818304989430617,0.6772198050768232,89.54941718041408,1.0403169977268183,5.252710526336427,4.212400000000001,16.384847293223228,-1.4395209325216465,-0.2034944449719875
AgRh(SO4)2,Al2H16S3O20,0.6385458531047029,0.67625827,0.5168239404602188,0.6700420796153568,0.6932053246839665,88.87573914503336,1.4293169977268192,5.6055,4.1762,18.38077615890793,-0.2703972475135516,-0.0830419999042191
Ba4P2O,Ba2B11H7O22,0.63847592444894,0.6779147,0.5082309456901539,0.6879108789822452,0.6828294026138051,88.15591108082991,1.2965169977268192,5.6652,4.3687000000000005,18.725422882466763,-1.062756512354024,-0.1792066289742944
Ba2Na2U(S2O)2,Ba3Tb(BO2)9,0.6384388165497904,0.6769565,0.5027164156794062,0.6991687642029197,0.6799559680799611,87.56525438161313,1.5081917121269697,5.1728,3.6646,15.338070084071123,-0.7676994809979951,0.0746056868416744
Ba(DyTe2)2,Ba(PO3)2,0.6381195363953598,0.6806659,0.5038560551008372,0.6820846241681485,0.6875276907091086,87.81610287674096,1.041616997726819,5.4349,4.3933,17.40684437120676,-1.2021129640476187,-0.2743040539002572
Ba(HoTe2)2,Ba(PO3)2,0.6380687762017825,0.6776196,0.5091723126129317,0.6859594161924972,0.6820848152554663,88.28163455391227,1.0404169977268192,5.4349,4.3945,17.40684437120676,-1.2101004209523782,-0.2773239276368187
Ba2V3HO9,Ba2P2O7,0.6379686503015991,0.6662028,0.5219990864348134,0.6889371931237688,0.6825523439688308,89.28209684538334,0.9943169977268193,5.1483,4.154,15.807777426493834,-0.505882327942639,0.0315840154068367
Ba(ErTe2)2,Ba(PO3)2,0.6379612378292967,0.6808931,0.5025345813579993,0.6888829993469056,0.6811920273921253,87.70422186681765,1.0403169977268183,5.4349,4.3946000000000005,17.40684437120676,-1.213127755952381,-0.2957720839211759
Ba(GdSe2)2,Ba2P2O7,0.6379020038517598,0.68131953,0.49857963823420315,0.6883091469835212,0.6856671386199824,87.34415500075924,1.481060739031996,5.1483,3.6673,15.807777426493834,-0.9689115534009765,0.1543642461756605
Ba(ErTe2)2,Ba3B6H2O13,0.6377013582018659,0.67660475,0.5058459748405562,0.689663473672702,0.6824775848880367,87.97262198452383,1.0403169977268183,5.0891,4.0488,15.483711135885049,-1.1146175664136926,-0.2524204702627939
Ba3In2O6,Ba3B6O11F2,0.6376508190788752,0.679412,0.5108713341106634,0.6756359638242728,0.685057936199879,88.50215591111254,1.107916997726819,5.252710526336427,4.1448,16.384847293223228,-0.7054548596969688,0.2081644470179502
Ba(TbTe2)2,AcCl3,0.6375673692360597,0.6779727,0.5081786368859427,0.6878180069845639,0.6783434076446189,88.23008391530071,1.0413169977268188,5.0865,4.0452,15.469499303872531,-1.1537006734821451,-0.2644615840996737
AgRh(SO4)2,Ba2B11H7O22,0.6373274015215729,0.6781908,0.5128407225845429,0.6757907685306568,0.6829614326530549,88.70694227169437,1.4293169977268192,5.6652,4.2359,18.725422882466763,-1.1078606801488098,0.0099388559692154
Ba2MnSe3,Ba2B11H7O22,0.6372527616569202,0.6825604,0.5037302134459546,0.6788968540030019,0.6832235298966407,87.91085178152387,1.322916997726819,5.6652,4.3423,18.725422882466763,-0.7979316823773144,-0.2203210280266218
Ba2Mn(AsO4)2,Ba3B6O11F2,0.6371952122731925,0.6765337,0.5039746264226524,0.6932513418660782,0.6788224482580303,87.81966160689988,1.498186441755564,5.252710526336427,3.7545,16.01890811377638,-0.7498192573969118,0.1851378345984818
Ba4P2O,Ba2CaP4(H3O8)2,0.6371003349739768,0.6839919,0.5071908235785818,0.6696088020114888,0.6849185025877436,88.23725926196057,1.2965169977268192,5.4657,4.1692,17.581490207109955,-1.054046435680857,0.2149093351242444
Ba3(TaS4)2,Ba3Tb(BO2)9,0.6368394993397609,0.6750989,0.5158494132474865,0.6771281841559974,0.6808344779368793,88.99797109340388,1.000616997726819,5.1728,4.1722,15.94269133886722,-1.288389703034335,-0.235223623028618
Ba3UFe2O9,Ba2Nd2Si4O13,0.6364729531964569,0.65726906,0.5119402549619537,0.7039269653212602,0.6882916258880636,88.12860308895554,1.0506169977268185,5.046200000000001,3.9956,15.250101667344447,-0.6245637559047634,-0.1550705776353989
Ba(YTe2)2,Ba(PO3)2,0.636311911474133,0.678065,0.505361525722151,0.677152880232702,0.6860910314484395,88.08022711645135,1.061316997726819,5.4349,4.3736,17.40684437120676,-1.193196175952379,-0.2880921895006402
AlHg2SbCl4,B5H12NO12,0.6360380033670695,0.668792,0.5208280991581866,0.6774577746671856,0.6813111167527239,89.43945188951652,1.092616997726819,5.5022,4.409599999999999,17.789162841996657,-0.568949293142359,0.0689404934687953
Ba3(TaS4)2,Ba(PO3)2,0.6359850808676917,0.6696961,0.5218636048131104,0.6652509892484778,0.6903767768161303,89.47377082729469,1.000616997726819,5.4349,4.4343,17.40684437120676,-1.1382255624890183,0.0404347924136842
Ba(TmTe2)2,Ba(PO3)2,0.6357485580114202,0.67839533,0.5039505824654007,0.6800270688149503,0.6815856640750493,88.01220394526442,1.039516997726819,5.4349,4.3954,17.40684437120676,-1.225459830238091,-0.3029530873185603
Ba3Bi6PbSe13,Ba2CaP4(H3O8)2,0.6356025018979881,0.67283994,0.524801688116619,0.6754788311315317,0.6690617037249871,89.93326954660344,1.063916997726819,5.4657,4.4018,17.581490207109955,-1.434319715931106,-0.0961424871643418
Ba(TbTe2)2,Al2Pb3F12,0.6348703685988732,0.67174965,0.5204546216789757,0.6773009155808789,0.6709208050121855,89.57029579033271,1.0413169977268188,5.2252,4.1839,16.232185176768496,-1.4587154265336162,-0.2162336575921986
Ba(DyTe2)2,AcCl3,0.6348049646618337,0.6743976,0.5007806791427344,0.6862107322381105,0.6816425082378015,87.72443448079986,1.041616997726819,5.0865,4.0449,15.469499303872531,-1.16180271669643,-0.2748399218769314
Ba(YTe2)2,Al2Pb3F12,0.6346225748902229,0.67202157,0.5126992126286014,0.6769371394986446,0.6792640052814107,88.85573648886876,1.061316997726819,5.2252,4.1639,16.232185176768496,-1.4579006816526612,-0.2405197050841759
Ba3(TaS4)2,Ba2P2O7,0.6344299937209377,0.6691331,0.5188958924585138,0.678597945843641,0.6739492152027746,89.41983612084343,1.000616997726819,5.1483,4.1477,15.807777426493834,-1.3803769035388032,-0.2043783301588832
Ba2Ge2Se5,BPH4NO4F,0.6343408855945968,0.6638937,0.5066760968451199,0.6810470459287442,0.6954983015085074,88.07382047041808,1.5466208727092796,5.822624664282443,4.276,17.78693397585313,-0.5036397223487104,-0.0776426566884938
Ba(YTe2)2,AcCl3,0.6340279900206398,0.67440873,0.5003732994428624,0.6855214459135675,0.6789366254600515,87.75734658987523,1.061316997726819,5.0865,4.0252,15.469499303872531,-1.1528859286011903,-0.2898241081188512
Ba3ThSe7,Ba3Tb(BO2)9,0.6337803154120785,0.6675433,0.5075530707320403,0.6815928776187566,0.6846666148479579,88.34337358825962,1.178416997726819,5.1728,3.9944,15.94269133886722,-1.192872515211841,0.1722411375926297
Ba2Re6S11,AlHSO5,0.6333158099444509,0.6799841,0.49881727891062605,0.6522478301213716,0.7008374587158962,87.46408939957234,1.592859980406364,5.6943,4.1014,15.944792230857402,-1.091185100074017,-0.2449895157751012
Ba(HoTe2)2,AcCl3,0.6332565354635583,0.67138547,0.5003225057666498,0.6855079034620072,0.6804471190091514,87.77080936252939,1.0404169977268192,5.0865,4.0461,15.469499303872531,-1.1697901736011895,-0.278119670794098
Al(SeCl)4,B5H12NO12,0.6332353644329741,0.6661196,0.5115300788554048,0.6724206368248218,0.6886343147437768,88.72318630820152,1.3592169977268191,5.5022,4.143000000000001,17.789162841996657,-0.8002668490972153,0.2003861935795317
Ba2SnSe5,Al2H16S3O20,0.6330485377928697,0.6724243,0.5112555167191642,0.6788073043238061,0.6706234499318107,88.86505684341692,1.3426169977268192,5.6055,4.2629,18.38077615890793,-0.2212987652500955,-0.1772267705083393
Ba(GdSe2)2,AlPO4,0.6330092720892204,0.664553,0.5072958248720497,0.6927721738908562,0.6751867235804176,88.28446084904509,1.481060739031996,5.6178,4.1368,18.451546239574878,-0.8729733373710338,0.1892767356410752
Ba2Zr6BCl17,Ba2CaP4(H3O8)2,0.6328600500190787,0.6834485,0.5160481929173065,0.6528490084651448,0.6703561517935823,89.366231045098,1.3409169977268192,5.4657,4.1248000000000005,17.581490207109955,-0.2370177025888891,0.135133824670287
Ba3Zr2S7,Ba2YC2(O2F)3,0.6328327206288465,0.6686099,0.516613112171388,0.6591049643386441,0.689224908455779,89.21772952797926,1.082816997726819,5.263999999999999,4.1812000000000005,16.447548766982095,-1.045671597767858,0.1748780254472399
Ba(SbSe2)2,Ba2CaP4(H3O8)2,0.6326377045524261,0.6630853,0.5101457509174224,0.6863471380241272,0.6787599528556368,88.60154943417356,1.2519169977268187,5.4657,4.2138,17.581490207109955,-1.4961079906681014,-0.253168161754236
Ba2Tl2O5,Ba2HoCl7,0.6323284676220997,0.68695885,0.5014630019366763,0.6383589760734005,0.6942766082124439,87.71838685214308,1.0156169977268188,5.4559,4.4403,17.526026148831015,-0.902330088703704,-0.268112514920163
Ba2As2Se5,Al2H16S3O20,0.6319574469643778,0.66486245,0.5100134973987488,0.6665065607429639,0.6922545377421332,88.62252678170111,1.2791169977268189,5.6055,4.3264,18.38077615890793,-0.4382291470447976,-0.2104289940828402
Ba2MnMoO6,Al2Pb3F12,0.6315112291311492,0.6630748,0.5015113068947724,0.6914381880529713,0.6788479836827953,87.8513395371933,1.520474388087488,5.2252,3.7047,15.314125247540824,-0.6160068713833664,-0.2178044106135448
Ba(DyTe2)2,Al2Pb3F12,0.6311811684334514,0.6668949,0.5139142570483252,0.6756130104171765,0.6708339131801526,89.21527129883897,1.041616997726819,5.2252,4.1836,16.232185176768496,-1.4668174697479008,-0.226264461229563
Ba3(TaS4)2,AcCl3,0.6311331808086162,0.6668887,0.5145580467492228,0.6764060133316316,0.669007112863071,89.27794881567831,1.000616997726819,5.0865,4.0859000000000005,15.469499303872531,-1.0979153151378298,0.0667417215301402
Ag3AsSe3,Ba(ClO4)2,0.6309780226005474,0.63983786,0.5133287950114708,0.7356020858345531,0.6579107914480881,87.46857688198402,1.146016997726819,5.4454,4.2994,14.536388917989578,-0.8083313330215105,0.0335860817788528
Ba2V3HO9,Ba3Tb(BO2)9,0.6309005710575479,0.6585716,0.5196549555055282,0.6803501974643441,0.6720836767431444,89.61410439475627,0.9943169977268193,5.1728,4.1785,15.94269133886722,-0.4138951274381708,-0.0005983008256551
Ba(HoTe2)2,Al2Pb3F12,0.6308852072074539,0.66288495,0.5161747885691014,0.6771046181416979,0.672054313271498,89.38427698162921,1.0404169977268192,5.2252,4.1848,16.232185176768496,-1.4748049266526604,-0.2294494360542916
Ba2Tl2O5,Ba2DyCl7,0.6303847127074298,0.6820571,0.5065178513514484,0.6268194187354805,0.698356980673011,88.0310031323681,1.0156169977268188,5.4194,4.4038,17.31921624773407,-0.9056708083703696,-0.2786230074026976
Ba3UFe2O9,Ba3Si2(B3O8)2,0.630344426150657,0.66842204,0.5176438948094083,0.6672648809577497,0.6676638352699426,89.68443315364408,1.0506169977268185,5.4031,4.3525,17.227122381477397,-0.2638575747407423,-0.1827685238368753
Ba3TaAs3O,Al2H16S3O20,0.6297651445103746,0.66524917,0.5143925421881265,0.6745600442895274,0.6670889997032128,89.36686513288335,1.3373169977268191,5.6055,4.2682,18.38077615890793,-0.194768084235773,-0.1261421676584977
Ba3NbAs3O,Al2H16S3O20,0.629686117010628,0.6674747,0.5110072268245618,0.6697622567983197,0.6718285773989079,89.09106644289281,1.323916997726819,5.6055,4.2816,18.38077615890793,-0.2193512507774395,-0.0959454409566517
Ba2Cu2O5,Ba(AlCl4)2,0.6295964236237808,0.6604457,0.5068224523258417,0.6832475435777483,0.6754265513625519,88.52877954376963,1.025516997726819,5.3891,4.3636,17.148148571559226,-0.3693470454292924,-0.2612521771014758
Ba2MnTe3,Ba3B6H2O13,0.6295372176067688,0.67125124,0.5166140392068928,0.6640940954147364,0.6631347632725855,89.68925892377717,1.0806169977268187,5.0891,4.0085,15.483711135885049,-1.4220896237823273,-0.0541599101908444
Ba2V3HO9,Ba3Tm(BO2)9,0.629436820816201,0.6568441,0.5174991128815861,0.669963664584887,0.6808694092788015,89.5060127349525,0.9943169977268193,5.2676,4.2733,16.467591779378182,-0.4212016860940859,0.0412093698078768
Ba4GeP4,Ba2CaP4(H3O8)2,0.6294081800308994,0.642945,0.5240744930252589,0.7017424138054639,0.6650516198862612,89.49407808778774,1.2698169977268188,5.4657,4.1959,17.581490207109955,-1.6445980086343723,0.0075073285826641
Ba2Na2U(S2O)2,Ba2B11H7O22,0.629179732697301,0.6747219,0.5047524807867089,0.6532416368937288,0.6809531064746774,88.52129214194723,1.5081917121269697,5.6652,4.157,18.01526746145684,-0.2071377590141874,-0.1824873707000241
Ba2Zr6BCl17,Ba(PO3)2,0.6285072320679497,0.6776087,0.49373893123054285,0.6806738329702552,0.658873403517052,87.6052203477326,1.3409169977268192,5.4349,4.093999999999999,17.40684437120676,-0.6561253607005475,0.2616511968734733
Ba(ErTe2)2,Al2Pb3F12,0.6283568599953819,0.6591234,0.5127661284051265,0.6783802564988008,0.6689804265221919,89.21600530711942,1.0403169977268183,5.2252,4.184900000000001,16.232185176768496,-1.4778322616526631,-0.2488231498960548
Ba(ErTe2)2,AcCl3,0.6282358160895206,0.66923136,0.49530586200871973,0.6824315475850824,0.6684603784721198,87.70696423240364,1.0403169977268183,5.0865,4.0462,15.469499303872531,-1.1728175086011925,-0.2981562947951164
Ba3ThSe7,Ba3Tm(BO2)9,0.6280197696792014,0.66859627,0.507200055439469,0.6566486843631079,0.679406670961704,88.82328990679686,1.178416997726819,5.2676,4.0892,16.467591779378182,-1.200179073867756,0.2119240927320747
Ba(GdSe2)2,Ba2B11H7O22,0.6280150209594382,0.6665697,0.5085442164829886,0.6658387390524235,0.6720591477333094,88.9923836416399,1.481060739031996,5.6652,4.184200000000001,18.725422882466763,-0.3163626309127005,-0.1433009894364514
Ba3In2O6,AlPO4,0.6279961101741359,0.65812147,0.5111542854268657,0.6781867179529459,0.671138439322323,89.07468307962654,1.107916997726819,5.6178,4.5099,18.451546239574878,-0.6252748081475454,-0.0864542451052129
AgAs3H2O9,AlH11SO10,0.6279633475280246,0.6674963,0.5074801527074102,0.6663157994234317,0.6710321810577855,88.91056914760433,1.091616997726819,5.3941,4.3025,17.176424784435866,-0.2153479969214957,-0.2266356769320162
Ba2MnTe3,Ba(PO3)2,0.627949098833879,0.6574561,0.5262170543347332,0.6686280180389997,0.662797998135837,90.56205513346093,1.0806169977268187,5.4349,4.3543,17.40684437120676,-1.5205998133210157,-0.1136577635900144
Ba2MnSe3,Ba2P2O7,0.6278822415552359,0.66669405,0.5143819781271699,0.6542133116189534,0.6755058446313046,89.50779546407985,1.322916997726819,5.1483,3.8254,15.807777426493834,-1.4504806048655905,0.0546348094316933
Ba2Tl2O5,Ba(PO3)2,0.6278567289818857,0.6685616,0.5159775180028892,0.6568178056910025,0.6675111656690152,89.73428333302212,1.0156169977268188,5.4349,4.4193,17.40684437120676,-1.016210284179892,0.1316724368112596
Ba(TmTe2)2,AcCl3,0.6275550233423606,0.6697256,0.4944482652438459,0.6815141713618732,0.6661808490141243,87.69109160736144,1.039516997726819,5.0865,4.047,15.469499303872531,-1.1851495828869023,-0.3059550284161106
Ba2B4Se13,BPH4NO4F,0.627317671844786,0.66847515,0.4912543615011946,0.6731354998104873,0.6795533782772682,87.40522578618724,1.587415085264163,5.822624664282443,4.2352,16.712385092842364,-1.013857380731387,-0.2757366830374008
Ba2As2Se5,Ba2B11H7O22,0.6272772873176428,0.66865176,0.5085977080098144,0.6558557396945875,0.6746429825385165,89.0484348227981,1.2791169977268189,5.6652,4.3861,18.725422882466763,-1.2756925796800558,-0.1188983379311917
Ba(TmTe2)2,Al2Pb3F12,0.626969982573417,0.6565358,0.5132086130911611,0.6784932677498152,0.6659082361790077,89.33414185654055,1.039516997726819,5.2252,4.1857,16.232185176768496,-1.4901643359383732,-0.2563728886446711
Ba3Sb2Se7,Ba2B11H7O22,0.6268755126322262,0.6592386,0.5145554274046156,0.6735888293821347,0.6639269548685712,89.55095107874531,1.1737615750124288,5.6652,4.4914,18.725422882466763,-1.1252187637121769,-0.0800195929999554
Ba4GeAs4,Al2H16S3O20,0.6266727003324459,0.6546207,0.5077805174784049,0.6799298281741051,0.6731218042299162,88.78645057632058,1.078816997726819,5.6055,4.5267,18.38077615890793,-0.7630398030691051,-0.1779000154638036
AgHg2AsO4,B5H12NO12,0.6262896276385003,0.65162647,0.5096908898276613,0.671025904542837,0.6829623177828965,88.91807056816063,0.9995169977268192,5.5022,4.5027,17.789162841996657,-0.777731739340277,-0.2038554644990783
Ba3Zr6BeCl18,Ba3ZnB5PO14,0.6262469869149256,0.6601206,0.49416924604551327,0.6840942145767178,0.6742181310040982,87.61094836458034,1.2822169977268187,4.8405000000000005,3.5583,15.63042719367385,-0.7303643702281737,-0.0300986426102352
Ag2P2PdO7,AlH10SO9F,0.6259905537534788,0.6602805,0.5103130565816439,0.6886681197538927,0.6479024530423054,89.01494467377316,1.4222169977268189,5.459199999999999,4.037,17.544680452886684,0.0589767759947694,-0.1248451820658905
Ba3(TaS4)2,Ba3B6H2O13,0.6255114939870237,0.66039294,0.5095988046303345,0.6684654913071232,0.6664058277623717,89.23787389565712,1.000616997726819,5.0891,4.0885,15.483711135885049,-1.03971537295033,0.1118013941543353
Ag15P4S16Cl3,Ba(ClO4)2,0.6254019444847635,0.65718395,0.5134595093378188,0.6651596309481381,0.6699537858390197,89.56193219318179,1.481216997726819,5.4454,3.9642,14.536388917989578,-0.6287455891763508,0.0149841077644922
Ba2FeMoO6,Ba3B6H2O13,0.6251510286626059,0.66868234,0.49962220910109456,0.6545522603895212,0.676481047035612,88.36213893717138,1.1591169977268192,5.0891,3.93,15.483711135885049,-0.3813382804374998,-0.2735368956743003
Ba2InBiSe5,Ba3Tm(BO2)9,0.6249148732547138,0.6553207,0.5236218463702993,0.658101582017549,0.6651342294211976,90.57561821043511,1.316416997726819,5.2676,3.9512,16.467591779378182,-1.6683043573568186,-0.0193865154889653
Ba4LaGe3SbSe13,Ba2B11H7O22,0.6249091882109263,0.66960394,0.49441267456295107,0.6510617997760303,0.6836613963815685,87.81846377327618,1.4883785721190117,5.6652,4.1768,18.600362024842397,-1.1127666748118454,-0.2941007469833365
Ba2Ni(PO4)2,Ba4Bi3F17,0.6247382733669824,0.6467043,0.5015298094589481,0.6820652581703041,0.6829813084984473,88.11920598503858,1.1930169977268188,4.9991,3.8061,14.995201535508638,-0.5852039981478887,-0.1597698431465279
Ba2MnTe3,AcCl3,0.6246287021739265,0.65257025,0.5135074207987769,0.6700589393723684,0.6692023472098758,89.54027880886761,1.0806169977268187,5.0865,4.0059000000000005,15.469499303872531,-1.480289565969827,-0.1002271649317256
Ba(LuTe2)2,Ba3B6O11F2,0.6246259434031072,0.67644954,0.49739375560118176,0.6338215187953119,0.6837793134836085,87.97353431869219,1.3820169977268193,5.252710526336427,3.8707,16.384847293223228,-1.46956300775974,-0.2803885602087478
Ba2FeMoO6,Ba(PO3)2,0.6241854526513855,0.685212,0.49513347877233266,0.617233081861825,0.6856563047447957,87.4812471011055,1.1591169977268192,5.4349,4.2758,17.40684437120676,-0.4798484699761882,-0.3163852378502267
Ba3UAgS6,AcCl3,0.6241066889574572,0.6547965,0.51265184676645,0.6736423434576448,0.6601824359885298,89.53986691146265,0.8985169977268191,5.0865,4.188,15.469499303872531,-1.037108659564395,-0.1897325692454632
Ba2MnSe3,AlPO4,0.624013676979007,0.65518504,0.5120185156843415,0.6877359195148435,0.6457355239064404,89.25737976094152,1.322916997726819,5.6178,4.2949,18.451546239574878,-1.3545423888356476,0.099164124892314
Ba3PuO6,Ba3Si2(B3O8)2,0.6234347825922274,0.6451936,0.508552858068783,0.6903730709263182,0.6620209951253764,88.82673424401743,1.546818929946938,5.4031,3.8562,15.595128169790517,-0.1552237958657416,-0.0816866345106581
Ba3UAgS6,Ba3B6O11F2,0.6232248193646823,0.65473485,0.5205705892045163,0.6524460130279383,0.6671788748138221,90.40873190957815,0.8985169977268191,5.252710526336427,4.3542,16.384847293223228,-1.303812083484849,-0.1022920398695512
Ba2MnSe3,Ba2YC2(O2F)3,0.622882572379435,0.66587895,0.5073872240151555,0.638733618868194,0.6761570477983594,89.13388405515232,1.322916997726819,5.263999999999999,3.9411,16.447548766982095,-1.4224443254824748,0.1894141229605947
Ba3In2O6,Ba4Bi3F17,0.6222196122227508,0.6489917,0.4914297506668024,0.6826232556046714,0.6784521799016007,87.46162279549742,1.107916997726819,4.9991,3.8912,14.995201535508638,-1.001261040359844,-0.2688630756578947
Ba3Zr6BeCl18,Ba2Li(BO2)5,0.6221769571398234,0.65272516,0.4966992562697818,0.6795193233747555,0.6682223915761005,88.10219368072819,1.2822169977268187,4.951700000000001,3.6695,14.739986635745453,-0.7454381796759266,-0.0869600763046736
AgHg2AsO4,AlH3NCl3,0.6221249866115147,0.6535851,0.5150343581453738,0.66716399726321,0.6558941194326462,89.9667651777741,0.9995169977268192,5.1434,4.1439,15.781001777992866,-0.2337924897916639,-0.0423031443808972
Ba(TmSe2)2,Al(PO3)3,0.6220838609195103,0.6649422,0.493112154980444,0.6765593725128889,0.6538209243961712,87.95887598155528,1.634587481610209,5.8176,4.183,15.56399628665943,-0.6115927173145583,-0.2360028687544824
Ba2V3HO9,Ba4Bi3F17,0.6220666438651603,0.6454659,0.5070250725988428,0.6867184039856424,0.6602681611331629,88.85786947834208,0.9943169977268193,4.9991,4.0048,14.995201535508638,-0.7859303441249947,-0.0769576508190171
Ag2PHO4,Ba2B11H7O22,0.6219591333968333,0.6579733,0.5003304802793206,0.6625725457751732,0.6703567642527868,88.6239503040531,1.5818709676048333,5.6652,4.0833,16.065975906622555,-0.9971200549677576,0.2041730952905738
AgRh(SO4)2,B5H4NO8,0.6218434350722597,0.65899765,0.4931763083834809,0.6695242142145209,0.6699767093687509,87.9542058061552,1.4293169977268192,5.7298,4.3005,19.100007640003057,-0.7087933599074097,-0.2536216718986164
Ba3UAgS6,Ba(PO3)2,0.6217061791670658,0.65080416,0.5103429056790779,0.6672699825871131,0.664424982703667,89.49622514367232,0.8985169977268191,5.4349,4.5364,17.40684437120676,-1.0774189069155835,-0.1957499338682655
Ag5Hg4P8Cl5,AlCl3,0.6217022978836975,0.63620186,0.5103481947794023,0.674789515737901,0.6824335075977666,88.9764739373438,1.1877514264394422,5.274,4.0863,17.651964964854024,-1.5765462262283547,-0.2044147517313951
Ba3Ta2Se9,AlPO4,0.6216141803368945,0.6483144,0.5178789394067196,0.6733831218663252,0.6527889066471273,90.13375316833769,1.5010593186159011,5.6178,4.1167,17.956134524073118,-1.550760607048858,0.0720237083100541
Ba3Cr2O8,AlPO4,0.6215922540829251,0.65170795,0.5097530532107972,0.6620322527446711,0.668248793461641,89.46721745493636,1.4032169977268192,5.6178,4.2146,18.451546239574878,-0.4975743576114144,0.1508090922032933
Ba(ErSe2)2,Al(PO3)3,0.6211123884367137,0.66435987,0.4925227586684052,0.6611036307615578,0.666175139537615,88.04877816689101,1.6213687348322552,5.8176,4.1962,15.866986571828296,-0.604249828028848,-0.23621371717268
Ba2InCuO4,Ba3ZnB5PO14,0.6207850251111626,0.6667226,0.4906056351057827,0.6639943738405071,0.65990921007612,87.92165804723365,1.3662169977268188,4.8405000000000005,3.4743,15.63042719367385,-0.792039779394841,-0.1228161068416659
Ba2V3HO9,Ba2YC2(O2F)3,0.6207585154038686,0.6439839,0.5109850913674305,0.6682705402707028,0.6698188316808928,89.47007753409392,0.9943169977268193,5.263999999999999,4.2697,16.447548766982095,-0.4778460485595235,0.1566152188678361
Ba3In2O6,Ba2DyCl7,0.6204363130033956,0.6690709,0.49169910997374006,0.6445644453562479,0.6721191431909461,87.97524110686972,1.107916997726819,5.4194,4.3115,17.31921624773407,-0.3685222073181808,-0.3220920793227415
Ba2Tl2O5,AcCl3,0.6204277666745159,0.65665215,0.5071996833356177,0.6619304799411296,0.6570674823199032,89.43641679100007,1.0156169977268188,5.0865,4.0709,15.469499303872531,-0.9759000368287034,0.1658846938023533
Ba3Zr2S7,Ba2CaP4(H3O8)2,0.6203784297077242,0.65350676,0.5089136319148465,0.6633342750088507,0.6587790556391953,89.55403270053401,1.082816997726819,5.4657,4.3829,17.581490207109955,-0.4124488779895303,0.1612859065915261
Ba3UAgS6,Ba3B6H2O13,0.6198862181415158,0.6529993,0.5130727949175319,0.661675702803406,0.6536656509615885,90.00045829701826,0.8985169977268191,5.0891,4.1906,15.483711135885049,-0.9789087173768952,-0.1456116069297952
Ba3Ta2Se9,Ba3Tm(BO2)9,0.6198666604599485,0.6625628,0.5118500553008949,0.6370109227364197,0.6630249769582766,89.89162704329127,1.5010593186159011,5.2676,3.7665,16.025447918496397,-1.5620181812302476,0.0330545599362803
Ba(GdTe2)2,Ba2YC2(O2F)3,0.6195953817918874,0.67424285,0.5019043238033782,0.6255820667574157,0.6650894576418523,88.85103376921175,1.013858253812388,5.263999999999999,4.2502,16.447548766982095,-1.3855989565476177,-0.3015858077266952
Ba3ThSe7,Ba2B11H7O22,0.6192680345386964,0.66153115,0.5056678900120471,0.6381164622488832,0.668459364635053,89.3159621721418,1.178416997726819,5.6652,4.486800000000001,18.725422882466763,-0.6323107932280332,-0.0766693411785682
Ba3MnSb2O9,Al4(B2O5)3,0.6192674098001547,0.6539104,0.49199731476774194,0.663453155633015,0.6735440823646694,87.97453365447477,1.7628285557013643,5.8127,4.0499,17.147963614598964,-0.5218028582712639,-0.126398182671177
Ba3Cr2O8,Ba4Bi3F17,0.6191815329021535,0.64620304,0.49934591443204007,0.6674768487212909,0.6733931157664323,88.52861011549923,1.4032169977268192,4.9991,3.5959000000000003,14.995201535508638,-0.8735605898237129,-0.0057565560777552
Ba2InBiSe5,Ba(PO3)2,0.6191778048446174,0.6399569,0.5044619477206048,0.6858867825453069,0.6595002468377769,88.7470830377995,1.316416997726819,5.4349,4.1185,17.40684437120676,-1.510833658155587,0.2198616000971227
Ag15P4S16Cl3,Al2H16S3O20,0.6190134034718016,0.6647255,0.4939673241552708,0.6352266225250732,0.6791116602292927,88.11464312831143,1.481216997726819,5.6055,4.1243,18.38077615890793,-1.2511448376242442,-0.3031544746987367
Ba2Na2U(S2O)2,Ba2P2O7,0.6190118393115503,0.63971937,0.4982653132174219,0.6909998116783287,0.6617188510599008,88.10035849040652,1.5081917121269697,5.1483,3.6401,15.208272736853196,-0.8596866815024633,0.1118375868794813
Ba(LuSe2)2,Al(PO3)3,0.6188122497930798,0.66109794,0.49031046659406124,0.6680080385306482,0.6562437404734246,87.98421853447836,1.6355265760422464,5.8176,4.182,15.542801480106167,-0.6236984721955121,-0.2454806312769009
Ba(DySe2)2,Al(PO3)3,0.6187148326989884,0.65798277,0.4914840459880694,0.667807275905662,0.6599420332082124,88.06911718900524,1.6309643547940598,5.8176,4.1867,15.646173559446137,-0.6012010550526559,-0.2291781116392386
Ba2B4Se13,Al2H16S3O20,0.6185829887211531,0.68102264,0.4781106282167223,0.6441327334048731,0.6593543425582779,86.92676783374057,1.587415085264163,5.6055,4.0181,15.639075079343684,-0.8567450443163654,-0.3284388143649984
Ba3In2O6,Ba2HoCl7,0.6184074346705761,0.66953945,0.4946205430177735,0.6396392230261128,0.6624282461572506,88.44208160674958,1.107916997726819,5.4559,4.348,17.526026148831015,-0.3651814876515153,-0.3109935602575897
Ba2InBiSe5,Ba2B11H7O22,0.6183323554889372,0.66387296,0.4920977095105276,0.6416532931629402,0.6731086722417612,88.1164666406609,1.316416997726819,5.6652,4.3488,18.725422882466763,-1.1004360767170958,-0.2959896983075791
Ba3(TaS4)2,Al2Pb3F12,0.6182789969259928,0.65040183,0.5158724200640671,0.6447311189174343,0.6636201220531532,90.34410486588305,1.000616997726819,5.2252,4.2246,16.232185176768496,-1.4029300681893009,0.1036311130047815
AlHg2SbCl4,Ba(AlCl4)2,0.6180226101287097,0.6542128,0.5036377518646615,0.6497608916325142,0.6659326614028027,89.24413649587524,1.092616997726819,5.3891,4.2965,17.148148571559226,-1.0323380950994272,0.2152682415919935
Ba3ThSe7,Ba3Al2B10H4O23,0.6179810915905986,0.64700335,0.5000178425377017,0.6580864021573803,0.6745408854998812,88.72244564759202,1.178416997726819,4.9577,3.7793,14.772212483504363,-0.908429770777638,-0.0903606487973963
Ba2Na2U(S2O)2,Ba2YC2(O2F)3,0.6178839650851702,0.65917486,0.48283416451836986,0.6704007528565997,0.6619204074581693,87.31235999217326,1.5081917121269697,5.263999999999999,3.7558,15.823780962510554,-0.8316504021193478,0.2515043399542042
Au2Se3O10,Ba(AlCl4)2,0.6178481859719527,0.6481907,0.5109909537549535,0.6440707394264341,0.6720978131991635,89.79085057625991,1.214816997726819,5.3891,4.1743,17.148148571559226,-1.3895139036827615,0.2148144599094458
Ba4P2O,Ba3Tb(BO2)9,0.6172292195337475,0.648994,0.5121635191455927,0.6546803710753142,0.6555217925681252,90.1165424355911,1.2965169977268192,5.1728,3.8763,15.94269133886722,-1.6233182343378318,0.0642623119985553
Ba3UAgS6,Al2Pb3F12,0.6171996102881404,0.6473648,0.5162964319476405,0.6510180038922969,0.6567211607033778,90.49498091249542,0.8985169977268191,5.2252,4.3267,16.232185176768496,-1.342123412615866,-0.1454919453625164
Ba2YCoO5,Ba4Bi3F17,0.6170759407955951,0.6486148,0.4999016239049449,0.6613388805933533,0.6640878816239018,88.89012616677279,1.0272169977268188,4.9991,3.9719,14.995201535508638,-0.6944965196527728,-0.2423777033661471
Ba2Ge2Se5,Ba2DyCl7,0.6170592565144767,0.6485778,0.5129340758642528,0.6349173841496553,0.6742001372582602,89.94836068717227,1.5466208727092796,5.4194,3.8727,15.683323903982268,-1.4838489241979154,0.0745474733390141
AgHg2PO4,B5H4NO8,0.6167831252302003,0.64656514,0.5049938382524228,0.6595143091154624,0.661670040357248,89.38728953996424,1.4446169977268193,5.7298,4.2852,19.100007640003057,-0.6631778820701055,0.0792495099411928
Ba3Cr2O8,Ba2YC2(O2F)3,0.6167000765979218,0.6695444,0.49214931561553676,0.6401439489765821,0.6564671214228129,88.37467333117644,1.4032169977268192,5.263999999999999,3.8608,16.447548766982095,-0.5654762942582416,0.2476688769167012
Ba3(NaSb2)2,Ba2CaP4(H3O8)2,0.6165541657700515,0.6493152,0.5144582467090464,0.6424273594757587,0.6609691286004575,90.36090280889103,1.194216997726819,5.4657,4.2715,17.581490207109955,-1.6730711856691285,-0.1803815989699169
Ba2Ge2Se5,Ba2HoCl7,0.6164260916200153,0.6477402,0.5098843272929563,0.6396428880469992,0.6715868218293686,89.78160199690954,1.5466208727092796,5.4559,3.9092,15.870599506934466,-1.48050820453125,0.0831883761383403
Ba2YCoO5,Al2Pb3F12,0.6163094140171955,0.6438553,0.510464256685736,0.6597753225512595,0.6569447423647276,89.92527814337085,1.0272169977268188,5.2252,4.198,16.232185176768496,-0.4370016681209145,0.1815626488804193
AgBi(PSe3)2,BPH4NO4F,0.616294987041931,0.6641786,0.4861158882196641,0.6644465198363465,0.6470710027658504,87.81322153896231,1.5618706393749548,5.822624664282443,4.2608,17.373372967027212,-1.4243293358159728,-0.2885843034171986
Ba2InBiSe5,Ba3Tb(BO2)9,0.6162151595378645,0.6555014,0.5167548125829272,0.6355087394731858,0.652496092974996,90.68892822929794,1.316416997726819,5.1728,3.8564,15.94269133886722,-1.6609977987009037,-0.0661757079141168
Ba3In2O6,Ba3ZnB5PO14,0.6157374232057435,0.6603611,0.49465727533892645,0.6375833681534925,0.6671502389667265,88.56758237689665,1.107916997726819,4.8405000000000005,3.7326,15.63042719367385,-0.5153917053796886,0.0600653699833895
Ba4P2O,Ba3Tm(BO2)9,0.615436263829766,0.64600766,0.5146196898221632,0.6400725798532273,0.6633207271784972,90.39702664753912,1.2965169977268192,5.2676,3.9711,16.467591779378182,-1.630624792993747,0.1077031552970209
Ba2Mn3(SeO3)6,Ba2B11H7O22,0.614845131697432,0.6418101,0.49945751852697134,0.6869998870659292,0.6397361498452344,88.5830484468926,1.241516997726819,5.6652,4.4237,18.725422882466763,-0.7309006829909526,0.1862920179939869
Ba2Na2U(S2O)2,Al(PO3)3,0.6147247260176318,0.635738,0.5001675796993704,0.6628711150332832,0.673001558578131,88.77730975691526,1.5081917121269697,5.8176,4.3094,18.868908617826648,-0.4777292522017662,-0.1517612660695224
AsS(IF3)2,B5H12NO12,0.6142195656195291,0.62899894,0.5065900137324474,0.6768891093853591,0.6602230947094543,89.21375935135032,1.426816997726819,5.5022,4.0754,17.789162841996657,-0.0417657351111049,0.0019629974971781
Ba(SmTe2)2,Ba2CaP4(H3O8)2,0.6141077752878012,0.67997843,0.4916695493612305,0.5742457287543117,0.6917439580086462,86.55382750359936,1.051116997726819,5.4657,4.4146,17.581490207109955,-0.7667029978407189,-0.3034929551941286
Ba3(TaS4)2,Ba3B6O11F2,0.6138988065684271,0.64349276,0.5121654416462159,0.6444115933449772,0.6587632955585897,90.3186601507269,1.000616997726819,5.252710526336427,4.2521,16.384847293223228,-1.3646187390582838,0.1462571435290797
Ba(SmTe2)2,Ba2YC2(O2F)3,0.6135948106736786,0.67255527,0.4985704310022671,0.6049318298130669,0.6628574661335542,88.6523340715331,1.051116997726819,5.263999999999999,4.2129,16.447548766982095,-1.3999257176190465,-0.3122552161219112
Ba3ThSe7,Ba2P2O7,0.6134733397626824,0.6466332,0.5014878690623017,0.653207320986122,0.6556914278529054,89.38711473371026,1.178416997726819,5.1483,3.9699,15.807777426493834,-1.284859715716309,0.2069825436408977
Ba2Zr6BCl17,Ba4Bi3F17,0.6132505873257202,0.6456123,0.5009474859944928,0.6406878431410216,0.6695591970692929,89.20662068309699,1.3409169977268192,4.9991,3.6582,14.995201535508638,-1.178324717932688,-0.1080312722103766
AgAuCl4,B5H12NO12,0.6129669035667487,0.6472397,0.5036335489897831,0.6479214159515337,0.6547017167924414,89.65951547338251,1.096016997726819,5.5022,4.4062,17.789162841996657,-1.0576938270833345,0.1884617130407153
Ba3(TaS4)2,Ba3ZnB5PO14,0.6128356433909595,0.6542797,0.5054038401251355,0.6388293103254484,0.6486046010627355,89.92053812103089,1.000616997726819,4.8405000000000005,3.8399,15.63042719367385,-1.1745555847410036,-0.0043490715904059
Ba2InCuO4,Ba2Li(BO2)5,0.6128103742188372,0.64373136,0.4930586717435841,0.6593878576035324,0.6618108013937238,88.53450742260931,1.3662169977268188,4.951700000000001,3.5855,14.739986635745453,-0.807113588842594,-0.1781341514433133
Ba3In2O6,AcCl3,0.6125294107348882,0.6447844,0.5065554372013155,0.6435854127715341,0.6574946453789693,89.92711371262236,1.107916997726819,5.0865,3.9786,15.469499303872531,-0.4387514357765147,0.1290906348966974
Ba2GdMoO6,Ba2YC2(O2F)3,0.612524328337303,0.6640461,0.490913402791132,0.6103571110031404,0.6765420869297577,87.98210012887826,1.1637169977268191,5.263999999999999,4.1003,16.447548766982095,-0.1544931176428585,-0.2878082091554277
Ba2Na2U(S2O)2,Ba2Ca(BO2)6,0.6124861294925774,0.6552859,0.4928148094198744,0.6442834566700383,0.6553783778953404,88.7366386021474,1.5081917121269697,5.0129,3.5047,18.48523195574016,-0.7505421131907752,0.0377493080720176
Ba2ThS6,Ba2CaP4(H3O8)2,0.612331438466783,0.6816343,0.4695764488199325,0.6261904478964868,0.6556361761264402,86.4471927306692,1.5637519865247549,5.4657,3.902,15.505889799219378,-0.578295468197866,-0.3364941055868785
Ba(GdTe2)2,Ba2CaP4(H3O8)2,0.6122890118954644,0.67512286,0.4919827919130188,0.5750490893809351,0.6899524653897824,86.79972767810446,1.013858253812388,5.4657,4.4519,17.581490207109955,-0.7523762367692901,-0.293380354455401
Ba3Sb2Se7,Al2H16S3O20,0.6122215164629541,0.6528046,0.5057854292125299,0.6332366492517414,0.6532311183023942,89.95007083830603,1.1737615750124288,5.6055,4.431699999999999,18.38077615890793,-0.2877553310769185,-0.1688516821987048
AgHg2PO4,BHS3O11,0.6119571460125546,0.640588,0.5072828494636694,0.6531691546756606,0.6514840538063964,90.0018149550211,1.4446169977268193,5.696299999999999,4.2517,18.90549771873661,-0.2757919300185998,0.0368088058894089
Ba2MnMoO6,Ba3Si2(B3O8)2,0.6117990882553997,0.6524654,0.49143011634638556,0.6577816891188659,0.6451116662363354,88.62479209194909,1.520474388087488,5.4031,3.8826,16.2527907938258,-0.5222450534476364,0.2574563436872199
Ba2V3HO9,Ba2DyCl7,0.6116908509542527,0.64047617,0.5139889717289243,0.6552150395139913,0.6399196930914631,90.66823054204755,0.9943169977268193,5.4194,4.4251000000000005,17.31921624773407,-0.1531915110833317,-0.1470475243497322
Ba2Zr6BCl17,Ba2Ca(BO2)6,0.6116362615177887,0.6508429,0.5019004936319011,0.6313804300909694,0.660450161728964,89.53845694340518,1.3409169977268192,5.0129,3.672,19.213913209575576,-0.7891321334386441,-0.0627995642701525
Ba2Tl2O5,Ba3ZnB5PO14,0.6115431687671656,0.6493633,0.49693736932419497,0.6502840165698912,0.6498743916622143,89.17458632616587,1.0156169977268188,4.8405000000000005,3.8249,15.63042719367385,-1.0525403064318772,0.1008915265758581
Ba3AlAs3,Ba2CaP4(H3O8)2,0.6112655371335122,0.6401098,0.5131387659392241,0.641408855730176,0.6533032619748718,90.63661145400039,1.1875169977268192,5.4657,4.2782,17.581490207109955,-1.5194071762931,0.1306156794913748
Ba3Zr2S7,Ba2Ca(BO2)6,0.611203984389678,0.65110934,0.5071531839681477,0.6143388350770055,0.6682982508483111,89.73830883603524,1.082816997726819,5.0129,3.9301,19.213913209575576,-0.9645633088392852,-0.020635607236457
Ba(ErSe2)2,AlPO4,0.6111923767266759,0.63940895,0.5059539995580952,0.6376972014322311,0.666856512287106,89.78229967448218,1.6213687348322552,5.6178,3.9964,14.92758383152508,-0.8902690412996024,0.0717645881293163
Ba3Zr2S7,AlPO4,0.6111096032378412,0.6425426,0.5008527574499579,0.6581738809071079,0.6468586671664741,89.46494780958713,1.082816997726819,5.6178,4.535,18.451546239574878,-0.9777696611210308,0.0905402425578831
Ba2SmMoO6,Ba(PO3)2,0.6108836943585253,0.65135074,0.5058266427093192,0.6433357005603964,0.6389356638628465,90.12405755910112,1.1639169977268191,5.4349,4.271,17.40684437120676,0.0370181465238115,-0.1805666120346523
Ba2GdMoO6,Ba(PO3)2,0.6108722759704794,0.6442123,0.5066999958665896,0.6517528633428483,0.6418620316746335,90.1159872718096,1.1637169977268191,5.4349,4.2712,17.40684437120676,0.0596219440238106,-0.1616875819441843
Ba2Mn3(SeO3)6,Ba2DyCl7,0.6106420780928299,0.6684965,0.49006884784193927,0.6194681353388203,0.6512873386544329,88.48264551017931,1.241516997726819,5.4194,4.1779,17.31921624773407,-1.0307587886199212,0.2891165418032982
AgRh(SO4)2,AlH10SO9F,0.6105944651699591,0.68430173,0.48948781985266476,0.5662082917845936,0.6773762397019081,86.56407021225016,1.4293169977268192,5.459199999999999,4.0299,17.544680452886684,-0.2640890886679301,-0.3253430606218517
Ba3In2O6,Ba2CaP4(H3O8)2,0.6105116718444077,0.6421886,0.5095063584463688,0.6442854299250009,0.6475599012067279,90.41352884678108,1.107916997726819,5.4657,4.357799999999999,17.581490207109955,-0.059954025016045,-0.0214787277984303
Ba(TmSe2)2,AlPO4,0.6105055906070672,0.6421271,0.5053589902174416,0.6457588260312245,0.6513479700895863,89.99167687677541,1.634587481610209,5.6178,3.9832,14.642532044185302,-0.8976119305853127,0.073006627836915
Ba2Ge2Se5,Al(PO3)3,0.6104932814324748,0.64495,0.5039915192886391,0.6410818135426527,0.6527327424072149,89.88936014797922,1.5466208727092796,5.8176,4.2709,17.760188805062697,-1.4545823117565255,0.0022243555222552
Ag2P2PdO7,Ba2B11H7O22,0.6102075302904075,0.64969385,0.49699311273623253,0.6431945639753676,0.6496375095303552,89.30466909332331,1.4222169977268189,5.6652,4.243,18.725422882466763,-0.7847948154861102,0.2001414093801555
Ba2Tl2O5,AlPO4,0.6100658684213138,0.63746375,0.5047701035799536,0.6541583265615054,0.6496468113726271,89.8729366180348,1.0156169977268188,5.6178,4.6022,18.451546239574878,-1.162423409199734,-0.0495849810959976
Ba3In2O6,Ba2Ca(BO2)6,0.6099024192235802,0.6493729,0.4960411277605207,0.6283864674175371,0.6646717312448913,89.03791075951838,1.107916997726819,5.0129,3.905,19.213913209575576,-0.6120684558658,-0.2257618437900127
Ba4Sb2O,Ba2DyCl7,0.6098974026749648,0.6443168,0.5035858967947181,0.6473863773299747,0.6450638632961185,89.91956143223523,0.8908169977268193,5.4194,4.5286,17.31921624773407,-1.2740546943095228,-0.2457713200547631
Ba3Zr2S7,Ba3Al2B10H4O23,0.6098468826314755,0.63811773,0.4907968640085252,0.6533627291815123,0.6656696200880264,88.45622517421603,1.082816997726819,4.9577,3.8749,14.772212483504363,-0.6972779322123022,-0.2502000051614235
Ba2FeMoO6,AcCl3,0.6097726328829504,0.6645025,0.48201332160382243,0.6182099752532084,0.665257144652073,87.66884310546713,1.1591169977268192,5.0865,3.9274,15.469499303872531,-0.4395382226249995,-0.3206701634669246
Ba3(TaS4)2,Ba2Li(BO2)5,0.6096056644161446,0.63180816,0.5024578800739339,0.6739694002758314,0.6403222737741273,89.33945291513048,1.000616997726819,4.951700000000001,3.9511,14.739986635745453,-1.1896293941887566,-0.0578826149679836
Ba3In2O6,Ba2Li(BO2)5,0.6095550887382565,0.6390426,0.5030488810043687,0.6473197939768065,0.6533200004529574,89.79029788559662,1.107916997726819,4.951700000000001,3.8438,14.739986635745453,-0.5304655148274415,0.003173942452781
Ba4LaGe3SbSe13,Ba3Tm(BO2)9,0.609460525523465,0.63885087,0.5116203215368,0.6344279557494041,0.655360296090948,90.59610659896602,1.4883785721190117,5.2676,3.7792,16.357610223080975,-1.6806349554515685,-0.0047099915325995
Ba2Tl2O5,Al2Pb3F12,0.6092085817619188,0.6388825,0.5046608393347486,0.6447451865887981,0.6524272668767466,89.98491096534644,1.0156169977268188,5.2252,4.2096,16.232185176768496,-1.2809147898801745,0.1996389205625237
Ba2InSbSe5,Ba3Tm(BO2)9,0.6092017130918543,0.626481,0.5197573617181621,0.6607158163154516,0.6392542880296715,91.10603347394371,1.0234169977268193,5.2676,4.2442,16.467591779378182,-1.7078275851345963,-0.1638942556901182
Ba2Ni(PO4)2,AlPO4,0.6091723463645269,0.65058655,0.5062224972794229,0.6326263339142741,0.6419308515434949,90.2914555862236,1.1930169977268188,5.6178,4.424799999999999,18.451546239574878,-0.2092177659355902,0.0108931477128909
Ba2PuZnO6,Ba2Nd2Si4O13,0.6091228086562512,0.6314678,0.5098039441906765,0.6446019921030415,0.6586884224144403,90.29793000253059,0.9139169977268192,5.046200000000001,4.1323,15.250101667344447,-0.6488961380297633,-0.0330324516613023
Ba(LuSe2)2,AlPO4,0.6090623480056601,0.64243615,0.5018669544251263,0.6453239881382772,0.6483908020703615,89.79823541260647,1.6355265760422464,5.6178,3.9822,14.622592073215737,-0.9097176854662664,0.0631309326502938
Ba3Zr2S7,Ba2ErCl7,0.609003051903448,0.63949585,0.4932731224709159,0.6532055380200887,0.6561005815920997,88.86492020142619,1.082816997726819,4.9184,3.8356,14.561551678946907,-0.7159841736250012,-0.1838043591615393
Ba2SiTe4,Ba3B6H2O13,0.6087843775936401,0.6416007,0.5043869103979534,0.6441862359776315,0.6464507846354082,90.06611168656298,1.3583169977268197,5.0891,3.7308,15.483711135885049,-1.5795641996279752,-0.1060362388763804
Ag2P2PdO7,B5H4NO8,0.608669744062116,0.63870823,0.5069459316342575,0.6324839429803085,0.6594429833814747,90.15657487422006,1.4222169977268189,5.7298,4.3076,19.100007640003057,-0.38572749524471,-0.0658371250812517
Ba3Zr2S7,Ba4Bi3F17,0.6081719984119589,0.62896854,0.5058983744624325,0.6531676492896571,0.6546244650002864,89.95534468965317,1.082816997726819,4.9991,3.9163,14.995201535508638,-1.3537558933333291,-0.0627377882184715
Ba21(Cd2Sb9)2,Ba2CaP4(H3O8)2,0.6081452446423952,0.63560647,0.5144262057887447,0.6444100566441036,0.6409720759140489,91.03102500154154,0.986816997726819,5.4657,4.4789,17.581490207109955,-1.5060553746319727,-0.187970260555047
Ba2Zr6BCl17,Ba2B11H7O22,0.6078748226289812,0.6522804,0.4970152737279032,0.6295991122535268,0.6470152704754268,89.48797856025551,1.3409169977268192,5.6652,4.3243,18.725422882466763,-0.2457277792620562,-0.2593483338343778
Ba4P2O,Al2H16S3O20,0.6077119783556015,0.65731424,0.49437083821183114,0.6151798774573303,0.6551165598252366,89.04806219163292,1.2965169977268192,5.6055,4.309,18.38077615890793,-0.225293079718766,-0.2719424460431655
Ag2PHO4,BPH4NO4F,0.6076766067198055,0.6419256,0.4941459307375024,0.6433230704753412,0.6540078410445433,89.13430553652103,1.5818709676048333,5.822624664282443,4.2407,16.85259146740696,-0.3167689587475211,0.1407079019973117
AgHgSI,BHS3O11,0.607444390283721,0.63673663,0.5045295383400312,0.6372403141239557,0.6550306243322643,90.07016789455416,1.621961699807579,5.696299999999999,4.074400000000001,15.281553275692572,-1.3576760963281238,-0.0454054584724131
Ba(YTe2)2,Ba3Si2(B3O8)2,0.6072068768876944,0.6367975,0.5151141791611736,0.6287249036387835,0.649021198014145,91.14653496698641,1.061316997726819,5.4031,4.3418,17.227122381477397,-1.3641388637169312,0.1854069740660555
Ba(Ag3O2)2,AlHSO5,0.6071623161870531,0.636875,0.49766251511303905,0.6539749100758044,0.6452273675672222,89.44181889329118,1.5131445376540342,5.6943,4.1812000000000005,18.034071872126564,-1.4311986788778417,0.1487132880512771
Ba2SmMoO6,Ba2YC2(O2F)3,0.6070699616429537,0.66382605,0.48969056680820217,0.582296663087462,0.6792443668634066,87.50134052418849,1.1639169977268191,5.263999999999999,4.1001,16.447548766982095,-0.1770969151428576,-0.3074803053584059
Ba(TmTe2)2,Ba3Si2(B3O8)2,0.6069656397344816,0.64257765,0.5082534378009881,0.6348315845652575,0.6401689772744256,90.63947736782085,1.039516997726819,5.4031,4.3636,17.227122381477397,-1.3964025180026431,0.1680722339352828
Ba3In2O6,Ba3B6H2O13,0.6068718417332315,0.64242035,0.5008562047247748,0.6316013531457052,0.6524519844802443,89.84429328435618,1.107916997726819,5.0891,3.9812,15.483711135885049,-0.3805514935890151,0.175324022907666
Ba2V3HO9,Ba2HoCl7,0.6067854051737045,0.6372309,0.5112254586824246,0.6450874359073877,0.6346537386692612,90.86445276814948,0.9943169977268193,5.4559,4.4616,17.526026148831015,-0.1498507914166662,-0.1376636184328492
Ba3NaRuO6,Ba3Tm(BO2)9,0.6067794090438554,0.64871985,0.5136619695727473,0.6192525468942007,0.6373073186562763,91.13321181409675,0.7866169977268193,5.2676,4.481,16.467591779378182,-0.6930102729611183,0.0224949787993751
Ba2Ni(PO4)2,Ba2DyCl7,0.6067022827317733,0.64748704,0.5074608565148023,0.6229292928512965,0.6431537225788467,90.54638532939899,1.1930169977268188,5.4194,4.2264,17.31921624773407,0.0475348348937743,-0.2249195532841188
Ba4Li(BiO4)3,Ba3Tb(BO2)9,0.606558677194809,0.6441504,0.5107614418661833,0.6151326628909102,0.6519457621906064,90.68702926246898,0.8215169977268192,5.1728,4.3513,15.94269133886722,-0.934997682854838,0.0583503780479396
Ba2InBiSe5,AlPO4,0.606558180183652,0.6185539,0.5138908484587278,0.6769671573147898,0.6309908835944449,90.22195521504455,1.316416997726819,5.6178,4.3014,18.451546239574878,-1.657046783175429,0.0221788254986747
Ba4Sb2O,Ba2CaP4(H3O8)2,0.6064597826413666,0.63054883,0.510851112831598,0.6413155357730004,0.648959070196558,90.71877577635841,0.8908169977268193,5.4657,4.5749,17.581490207109955,-0.965486512007387,0.0398041487245622
Ba3ThSe7,Ba2ErCl7,0.6063931272731123,0.6335238,0.4975592601495154,0.6440143877276262,0.6573355150495519,89.41291990208286,1.178416997726819,4.9184,3.74,14.561551678946907,-0.9271360121903368,-0.0205882352941176
Ba2Mn3(SeO3)6,Ba2HoCl7,0.6062548443844146,0.64765245,0.487513199797257,0.6378624369777034,0.6506285025563869,88.69117358403791,1.241516997726819,5.4559,4.2144,17.526026148831015,-1.0274180689532555,0.2952733485193621
Ba3NbAs3O,B5H4NO8,0.6059913959210258,0.64511615,0.48900712265248975,0.637091423651397,0.6526534043757144,88.81941129512072,1.323916997726819,5.7298,4.4059,19.100007640003057,-0.6577473631712976,-0.2620803922013663
Ba3Ta2Se9,Ba3Tb(BO2)9,0.6059724446362279,0.6428877,0.5070913663667346,0.6326168276142707,0.6383277222420868,90.61884999641562,1.5010593186159011,5.1728,3.6717,15.514640704879527,-1.5547116225743325,-0.0147343192526622
Ba3NaRuO6,Ba3Tb(BO2)9,0.6058992803234259,0.64042133,0.5110696846814075,0.6194816753793657,0.6504402763594388,90.82041651955367,0.7866169977268193,5.1728,4.3862000000000005,15.94269133886722,-0.6857037143052032,-0.017737449272719
Ba4Sb2O,Ba3Tm(BO2)9,0.6054030135962811,0.62895703,0.5202413313737946,0.6460148987570051,0.6300237118829584,91.72887646127901,0.8908169977268193,5.2676,4.3768,16.467591779378182,-1.542064869320277,-0.0653902394443429
Ba(DySe2)2,AlPO4,0.605400866728778,0.6329691,0.5018776403395827,0.6366641327193373,0.6552973027503642,89.92764172654827,1.6309643547940598,5.6178,3.9869,14.71984402292912,-0.8872202683234103,0.079886628709022
Al(TeCl2)2,B5H12NO12,0.6053961164607965,0.6280784,0.506205713593576,0.6239274090379261,0.6711588144676746,89.91509626100932,1.5829600079347874,5.5022,3.9192,15.237615777801494,-0.4727999402777791,0.0555215350071443
Ba2Mn3(SeO3)6,AlH10SO9F,0.6052594143910092,0.6334717,0.5100737417123908,0.6417582730990762,0.6383710839146923,90.85446981847858,1.241516997726819,5.459199999999999,4.217700000000001,17.544680452886684,0.112870908489927,-0.1254475187898618
Ba4LaGe3SbSe13,AlPO4,0.605199659129681,0.62914884,0.5118869815503695,0.6613794522160661,0.6237496747142868,90.68310305953618,1.4883785721190117,5.6178,4.1294,18.32831451275617,-1.6693773812701789,0.0373419867293068
Ba(HoTe2)2,Ba3Si2(B3O8)2,0.605136360386596,0.6344425,0.5140437569104416,0.6314376617418924,0.641415099370342,91.27243148537208,1.0404169977268192,5.4031,4.3627,17.227122381477397,-1.3810431087169304,0.193985376028606
Ba2InBiSe5,Ba2YC2(O2F)3,0.6049987784908368,0.6305226,0.5108993367794297,0.6342122793193603,0.648742921539237,90.8625950003653,1.316416997726819,5.263999999999999,3.9476,16.447548766982095,-1.7249487198222562,0.1053804843449184
Ba2Tl2O5,Ba2Li(BO2)5,0.6046613754502581,0.6263054,0.5027647562436874,0.6621712643231938,0.6366452451066649,89.8572253426688,1.0156169977268188,4.951700000000001,3.9361,14.739986635745453,-1.0676141158796302,0.0441807880897335
Ba2InSbSe5,Ba3Tb(BO2)9,0.6044887213371348,0.62662745,0.5117430429927646,0.653048373668143,0.6331184448434011,90.86677266012516,1.0234169977268193,5.1728,4.1494,15.94269133886722,-1.7005210264786812,-0.2106810623222635
Ba2InSbSe5,Ba(PO3)2,0.6043724341190735,0.636783,0.518803306143272,0.6227152230161949,0.6362725880400361,91.8318727267038,1.0234169977268193,5.4349,4.4115,17.40684437120676,-1.5503568859333647,0.064943896633798
Ba2Tl2O5,Ba2Ca(BO2)6,0.6043196607984455,0.6481621,0.5041408275645956,0.6022130240397511,0.6549255538520631,90.00190239251639,1.0156169977268188,5.0129,3.9973,19.213913209575576,-1.1492170569179887,-0.1800965651814975
Ba2MnTe3,Ba2YC2(O2F)3,0.6042755704323675,0.63399774,0.5140743077756583,0.6297430520480668,0.639545858360659,91.3573777876868,1.0806169977268187,5.263999999999999,4.1834,16.447548766982095,-1.7347148749876848,-0.2353109910599034
Ba4Li(BiO4)3,Ba3Tm(BO2)9,0.6042748060629357,0.64316285,0.5061734469467719,0.6090090938269684,0.6541131314139021,90.31877598354583,0.8215169977268192,5.2676,4.4461,16.467591779378182,-0.9423042415107532,0.0972762645914396
Ba4LaGe3SbSe13,Ba3Tb(BO2)9,0.6041298692542538,0.6416548,0.5090458948583919,0.6312080493842219,0.6302380765827569,90.9707147883358,1.4883785721190117,5.1728,3.6844,15.836215417645372,-1.6733283967956532,-0.0533058299858864
Ba(ErTe2)2,Ba3Si2(B3O8)2,0.6041081986982366,0.63735014,0.5084761733789456,0.634705990214738,0.6348770678514006,90.87932712518719,1.0403169977268183,5.4031,4.3628,17.227122381477397,-1.384070443716933,0.1753919501237737
Ag2PHO4,Al2H16S3O20,0.6040552673461482,0.6379981,0.49865149180824275,0.6398425345907132,0.6406227403115101,89.90675131448023,1.5818709676048333,5.6055,4.0236,15.770277059565966,-0.1596566223324993,0.1105477681678098
Ba(GdSe2)2,Ba2YC2(O2F)3,0.604053386398043,0.6543592,0.48026084980695855,0.6209827881798762,0.6538294738017016,88.08391565118862,1.481060739031996,5.263999999999999,3.783,16.447548766982095,-0.940875274017861,0.291726143272535
Ba2Tl2O5,Ba3B6H2O13,0.6039012708417095,0.6483879,0.49802335235842016,0.621125104745137,0.6411732630816618,89.87718583741928,1.0156169977268188,5.0891,4.0735,15.483711135885049,-0.9177000946412036,0.2110470111697557
Ba2Tl2O5,Ba3B6O11F2,0.6038511509743517,0.6394809,0.5020339335529679,0.6412012362884683,0.6314205908693754,90.27107525834721,1.0156169977268188,5.252710526336427,4.2371,16.384847293223228,-1.2426034607491574,0.2417927355974604
Ba2InBiSe5,Ba2P2O7,0.6038272096360002,0.6374187,0.5156152351369411,0.6302249191025766,0.6289094121072751,91.61257277882598,1.316416997726819,5.1483,3.8319,15.807777426493834,-1.7529849992053717,-0.0317075080247396
Ba2InSbO6,Ba3B6O11F2,0.6027965561255323,0.6448023,0.5075810175405837,0.6062376568947768,0.6448648603463548,90.6604466839303,0.7794169977268187,5.252710526336427,4.4733,16.384847293223228,-0.671612860878787,-0.1984888113920372
Ba2PuZnO6,Ba3Si2(B3O8)2,0.6027291352491329,0.6323631,0.5127774152812086,0.6236793121404589,0.6423591883903448,91.30878918974749,0.9139169977268192,5.4031,4.4892,17.227122381477397,-0.2881899568657422,-0.0695892363895571
Ba3GaAs3,Al2H16S3O20,0.602722663388577,0.63228315,0.49565787892583996,0.6391533167303366,0.6483921668455093,89.61067958105757,0.994416997726819,5.6055,4.6111,18.38077615890793,-0.7327546926524386,-0.2003209646288304
Ag3AsSe3,Al2H16S3O20,0.6026763858486678,0.64339256,0.4960449430739953,0.6169088902875112,0.6504799048997869,89.65048860673296,1.146016997726819,5.6055,4.4595,18.38077615890793,-1.430730581469404,-0.2613073214485928
Ba(TbTe2)2,Ba3Si2(B3O8)2,0.6025978222097838,0.6364469,0.5022525399493285,0.6315800110101748,0.639811347074358,90.37962931547818,1.0413169977268188,5.4031,4.361800000000001,17.227122381477397,-1.3649536085978862,0.2067495070842313
Ba4Li(BiO4)3,Ba2P2O7,0.6025411646564581,0.63653183,0.5107680789643809,0.6189612359754267,0.6413537714907538,91.14923877887729,0.8215169977268192,5.1483,4.3268,15.807777426493834,-1.0269848833593065,0.089581214754553
Ba3Zr2S7,Ba(PO3)2,0.6021536554934848,0.64377797,0.48938246209033315,0.6455134422173138,0.6269153013622075,89.17878320079052,1.082816997726819,5.4349,4.3521,17.40684437120676,-0.8315565361011887,0.2804852829668435
Ba(DyTe2)2,Ba3Si2(B3O8)2,0.6020058237071497,0.63552296,0.5060272912789834,0.6314105707481399,0.6339192806622984,90.81505337928098,1.041616997726819,5.4031,4.3615,17.227122381477397,-1.3730556518121708,0.1971569414192365
Ba2YCoO5,Ba(PO3)2,0.6019560713038272,0.63805556,0.5081612801827332,0.6248086772738791,0.6331728736163732,91.04268527360327,1.0272169977268188,5.4349,4.4077,17.40684437120676,-0.1722971624206324,0.1142772874741929
AlCuGeSe4,Ba(ClO4)2,0.601856156249993,0.62243336,0.5062247159938654,0.6337313537488498,0.6535101895274446,90.47613651603409,1.1459169977268189,5.4454,4.2995,14.536388917989578,-0.3676104448295463,-0.1940923363181765
Ba2YCoO5,Ba3B6O11F2,0.6018217490376135,0.6269603,0.49823999421249243,0.6465850242150563,0.6425432573831541,89.85073921602851,1.0272169977268188,5.252710526336427,4.2255,16.384847293223228,-0.3986903389898977,0.2239498284226719
Ba2Mn(AsO4)2,AcCl3,0.6017820881887423,0.626684,0.49287188469855464,0.6569907405810393,0.6391328418401715,89.23496663945751,1.498186441755564,5.0865,3.5883000000000003,15.12400350641984,-0.4831158334764578,0.0963966223559903
Ba4LaGe3SbSe13,Ba(PO3)2,0.6013639179240257,0.6265011,0.49389936791854544,0.6406744898218709,0.6523940386990181,89.41559437319417,1.4883785721190117,5.4349,3.9465,17.290589859932926,-1.5231642562503367,0.2443430888128721
Ba2UMnO6,Ba3Si2(B3O8)2,0.6013192659959018,0.62340754,0.5010656138141487,0.650096811042252,0.6392043168360442,90.07947530260468,1.2645169977268187,5.4031,4.1386,17.227122381477397,0.1085972390523632,0.0357608853235393
Ba4Li(BiO4)3,Ba2DyCl7,0.6012712866895263,0.638465,0.510068911260037,0.6193229667437603,0.6321335998923521,91.27058436285624,0.8215169977268192,5.4194,4.5979,17.31921624773407,-0.674294066499999,-0.0857565410296005
Ba3AlAs3,Ba2HoCl7,0.6011303829247733,0.62928015,0.5171419028720196,0.6247697101470862,0.6332146082010564,91.92047452791027,1.1875169977268192,5.4559,4.2684,17.526026148831015,-1.8246346389285704,-0.1639490207103364
Ba3NbAs3O,AlH10SO9F,0.6010588106471956,0.6937504,0.4827037824484878,0.5559617972671952,0.6318893603361515,86.57544085607654,1.323916997726819,5.459199999999999,4.1353,17.544680452886684,-0.213043091931818,-0.3325272652528232
Ba2As2Se5,Ba2CaP4(H3O8)2,0.6010571504860431,0.65062296,0.4939933998062523,0.6100528395555446,0.6391509613813589,89.62369991445681,1.2791169977268189,5.4657,4.1866,17.581490207109955,-1.2669825030068886,0.2764534467109349
Ba4Sb2O,Ba3Tb(BO2)9,0.6010528623668181,0.6174216,0.5159554927414796,0.649227099282111,0.6306050290992662,91.43379095245791,0.8908169977268193,5.1728,4.282,15.94269133886722,-1.534758310664362,-0.1085474077533863
Ba2MnSe3,Ba(PO3)2,0.600672797601847,0.6542677,0.48838158434613826,0.5975987691699756,0.6503197436336754,88.80075004309123,1.322916997726819,5.4349,4.112,17.40684437120676,-1.2083292638158056,0.3005836575875486
Ba3NaRuO6,Ba2P2O7,0.6004756408056349,0.6417402,0.51242583480412,0.6186938293762161,0.6201067707687338,91.57853962980815,0.7866169977268193,5.1483,4.3617,15.807777426493834,-0.7776909148096713,0.0128161038127336
AgBi(PSe3)2,Al2H16S3O20,0.6004122506376128,0.67594033,0.48016536830806744,0.5919656139643592,0.6269933280428746,87.86553163556596,1.5618706393749548,5.6055,4.0437,16.25761270479248,-1.267216999400951,-0.3416425550856888
Ba2InSbSe5,Ba2HoCl7,0.6002784628762751,0.6559163,0.48954946118723996,0.6380185658494967,0.6035834879619826,89.15888342725073,1.0234169977268193,5.4559,4.4325,17.526026148831015,-1.4364766904571766,-0.3352284263959391
Ag2P2PdO7,Ba2DyCl7,0.6000978506837628,0.6655465,0.4797045009530039,0.5842274358243975,0.6519248420302975,87.64952514589164,1.4222169977268189,5.4194,3.9972,17.31921624773407,-1.0846529211150788,0.3084659261483037
Ba4Li(BiO4)3,Ba2HoCl7,0.5999218361199086,0.63399184,0.5019323640598522,0.6224889926247142,0.6402190321735042,90.53138409237887,0.8215169977268192,5.4559,4.6344,17.526026148831015,-0.6709533468333335,-0.0772052477127568
Ba2Ni(PO4)2,Ba2HoCl7,0.5997866103890439,0.6399093,0.5013237091163809,0.6080236091156437,0.64441346923012,90.34360553014074,1.1930169977268188,5.4559,4.2629,17.526026148831015,0.0508755545604397,-0.2144314903000304
Ba2InSbSe5,Ba2YC2(O2F)3,0.5996652492230996,0.6210881,0.5216358829183553,0.6222490779223474,0.6371282060208836,92.34272650118092,1.0234169977268193,5.263999999999999,4.240600000000001,16.447548766982095,-1.764471947600034,-0.047870584351271
Ba2CrO4,Ba3B6O11F2,0.5995170815883603,0.6352673,0.5088917220245264,0.6065054094709577,0.6432475257726443,91.06108467640026,0.7966169977268195,5.252710526336427,4.4561,16.384847293223228,-0.4754581531168811,-0.1504678979376584
AcFeO3,AlHO2,0.5994890594647464,0.62153935,0.5050383253587752,0.6425196742758484,0.6359338462818174,90.67487569623712,1.263816997726819,5.5638000000000005,4.3,16.915759558747073,0.1187138833125009,0.0231162790697674
Ba3AlAs3,Ba2DyCl7,0.5994874784350135,0.61617,0.5178339088551521,0.6383634329069636,0.6334840773571835,91.85611802375908,1.1875169977268192,5.4194,4.2319,17.31921624773407,-1.827975358595236,-0.1739880431957277
Ba2Na2U(S2O)2,Ba2CaP4(H3O8)2,0.5990732755815822,0.6353764,0.4913956495299908,0.6437577886084394,0.6254553233445483,89.57253117719466,1.5081917121269697,5.4657,3.9575,16.914718051502042,-0.1984276823410202,0.2325457991156032
Ba2SiTe4,AcCl3,0.5989545875815332,0.6293167,0.5038682450594243,0.6251107581173241,0.6385226552930341,90.77848148306687,1.3583169977268197,5.0865,3.7282,15.469499303872531,-1.637764141815475,-0.1555710530550936
Ag2PHO4,Al(PO3)3,0.5988292443120289,0.63629377,0.4806113534897052,0.6249594277647587,0.6549085212896006,88.43558080812116,1.5818709676048333,5.8176,4.2357000000000005,16.827251212719496,-1.2677115481553365,0.2215218263805274
Ba3TaAs3O,B5H4NO8,0.5988168805987665,0.6438226,0.481953975831993,0.6158216250518657,0.6491307697923336,88.6221163037127,1.3373169977268191,5.7298,4.3925,19.100007640003057,-0.6331641966296311,-0.2919294251565168
Ba2MnTe3,Ba3B6O11F2,0.5987350653779793,0.62576085,0.5209282607372727,0.6143648922920594,0.63306861541777,92.43199598300795,1.0806169977268187,5.252710526336427,4.1721,16.384847293223228,-1.746992989890281,-0.0125356535078258
Ba(LuTe2)2,Ba3B6H2O13,0.5987222942546574,0.67583334,0.46803079863757424,0.5961914801433296,0.6296731251276444,86.97085368637082,1.3820169977268193,5.0891,3.7071,15.483711135885049,-1.1446596416517862,-0.3372177713037145
Ba3Ta2Se9,Al(PO3)3,0.5983674932982685,0.63032204,0.4902906109454475,0.645797068820147,0.6301136102200078,89.45805787651268,1.5010593186159011,5.8176,4.3165,19.086125965926172,-1.2647413937781036,-0.2273832966523804
Ba(GdSe2)2,Al(PO3)3,0.5981978178963412,0.6307367,0.4981268054083054,0.6327960195031124,0.6317453528986925,90.32856079864632,1.481060739031996,5.8176,4.3366,19.612714268903385,-0.5869541241002794,-0.1141447216713554
AuCl2,B5H12NO12,0.5981195357465848,0.63798463,0.49470171136120766,0.6296305436503815,0.6261169171533106,90.07190571897078,1.164716997726819,5.5022,4.3375,17.789162841996657,-1.1722689490277762,0.2589279538904899
Ba3Ta2Se9,Ba(PO3)2,0.5979230157865678,0.650445,0.4900531526328429,0.5885202082251025,0.6502497369559435,88.98135465986564,1.5010593186159011,5.4349,3.9338,16.939482204402772,-1.404547482029016,0.281305607809243
Ba2SnSe5,Ba3Tb(BO2)9,0.5978950625904058,0.63247,0.49966950046142405,0.6159579743658011,0.6421079723173091,90.41411375995267,1.3426169977268192,5.1728,3.8302,15.94269133886722,-1.6193239198691614,0.1737246096809565
Ba2YCoO5,AlPO4,0.597881136094838,0.620399,0.5050418086052024,0.6508280446412765,0.6215771430216999,90.68174047432188,1.0272169977268188,5.6178,4.5906,18.451546239574878,-0.3185102874404744,-0.0667450877880887
Ba2UMnO6,Ba2Nd2Si4O13,0.5978695087215206,0.6213594,0.49408618164737184,0.634099736565836,0.6502611459567875,89.67022755688437,1.2645169977268187,5.046200000000001,3.7817,15.250101667344447,-0.2521089421116578,0.0856493111563582
Ba(SbSe2)2,Ba(PO3)2,0.5977984753029043,0.6205065,0.5176379568423461,0.6304740619438775,0.6255844347971224,92.17313316462091,1.2519169977268187,5.4349,4.183,17.40684437120676,-1.91521564877976,-0.1322017690652641
Ba2SnSe5,Ba3Tm(BO2)9,0.5977589707787202,0.62768215,0.5002423151691134,0.6201179728848988,0.6449302702828603,90.42346730192533,1.3426169977268192,5.2676,3.925,16.467591779378182,-1.6266304785250765,0.215031847133758
Ba3NbAs3O,Ba3Al2B10H4O23,0.5977210917928082,0.62932914,0.5026266206284753,0.6243404205655596,0.6346557887445173,90.79302357360926,1.323916997726819,4.9577,3.6338,14.772212483504363,-1.3329336609623024,-0.0053387638284991
AgHg2AsO4,AlH11SO10,0.5972916428066256,0.6317471,0.5006899787303353,0.6176902893603547,0.637347994647267,90.61958825735344,0.9995169977268192,5.3941,4.3946000000000005,17.176424784435866,-0.5772142155117728,0.2260046420607108
AgAs3H2O9,Al2H16S3O20,0.597225019254697,0.63381547,0.49755359394019133,0.6259838300511988,0.6290222506246683,90.40402296619683,1.091616997726819,5.6055,4.5139,18.38077615890793,-0.316780839791327,0.1069363521566716
Ba2SnSe5,Ba3Al2B10H4O23,0.5972005060018171,0.6257273,0.49166902327079404,0.6335049166134754,0.6428885516237449,89.64866905809528,1.3426169977268192,4.9577,3.6151,14.772212483504363,-1.3348811754349583,-0.1007164393792703
Ba2MnSe3,Ba2ErCl7,0.5971141782918798,0.6314307,0.48621349732555563,0.6241360669209561,0.6486642979246807,89.13521268701582,1.322916997726819,4.9184,3.5955,14.561551678946907,-1.092756901339618,-0.1918231122236127
Ba3TaAs3O,Ba3Al2B10H4O23,0.5970707007643877,0.6251924,0.4906439931281673,0.6288434719502454,0.6491183487243093,89.4886115338097,1.3373169977268191,4.9577,3.6204,14.772212483504363,-1.308350494420636,-0.0406032482598607
Ba3SrEr2(MoO6)2,Ba(PO3)2,0.5968931659731923,0.6256154,0.4943675913477346,0.636689994965674,0.6349893642903339,89.97650838772991,1.2443169977268191,5.4349,4.1906,17.40684437120676,0.1062084555238116,-0.2368634563069727
Ba4P3,Ba2CaP4(H3O8)2,0.5967474499895454,0.6295127,0.5155220966788218,0.6188520221033329,0.6188353640921576,92.19648524433943,1.001816997726819,5.4657,4.463900000000001,17.581490207109955,-1.557922520196163,0.1014583660028226
AgHg2NO5,AlH3NCl3,0.5967070255052938,0.6312908,0.5071016218719067,0.6152147597373416,0.6296844370650353,91.33895860894346,0.807116997726819,5.1434,4.3363,15.781001777992866,-0.6072635770717568,0.0765860295643751
Ba2InSbSe5,AcCl3,0.5965662120335286,0.6268848,0.5112006251649833,0.6181662139540738,0.6286156182212754,91.74065186434152,1.0234169977268193,5.0865,4.0631,15.469499303872531,-1.510046638582176,0.0935000369176244
Ba2InSbSe5,Ba3B6H2O13,0.5964894899381092,0.6306272,0.5083481299957247,0.6124960195865733,0.6309186862227505,91.45006896456499,1.0234169977268193,5.0891,4.0657,15.483711135885049,-1.4518466963946763,0.138795287404383
Ba2CrO4,Al2Pb3F12,0.5961105231370241,0.6424442,0.5078947076033168,0.5965419301222991,0.6248649626730935,91.27091004889681,0.7966169977268195,5.2252,4.428599999999999,16.232185176768496,-0.513769482247898,-0.1929729485616222
AcFeO3,Al2Si(O2F)2,0.5959571479003299,0.6463617,0.47860915036815255,0.6049204818960702,0.6454708295235472,88.44766062183052,1.263816997726819,5.706199999999999,4.4424,18.962858081970115,-0.7580762831111101,-0.3108229785701422
Ba4P2O,Ba2P2O7,0.5959301748219965,0.6241517,0.5037890544938535,0.6257301309891335,0.6319189531874696,91.02171986429698,1.2965169977268192,5.1483,3.8518,15.807777426493834,-1.7153054348423,0.0993821070668259
Ba2Mn3(SeO3)6,B5H4NO8,0.5957027114715296,0.6248266,0.4994728988639403,0.6326206327933046,0.6281052631321309,90.61705149438876,1.241516997726819,5.7298,4.4883,19.100007640003057,-0.3318333627495524,-0.0687788249448566
Ba3Cr2O8,Ba2Ca(BO2)6,0.5956717340826505,0.6277705,0.4951711846254651,0.6281398723220061,0.632656500997579,90.23256237465174,1.4032169977268192,5.0129,3.6097,19.213913209575576,-0.484368005329669,0.039864808709865
Ba(GdSe2)2,Ba2Ca(BO2)6,0.5955798752999754,0.6322399,0.4930343899894303,0.6263263541779799,0.628860248024234,90.09036959631916,1.481060739031996,5.0129,3.5319000000000003,19.213913209575576,-0.8597669850892884,0.0824768538180582
Ba2FeMoO6,Ba2CaSi4(BO7)2,0.5955456038570712,0.6211627,0.48892408978441554,0.6152936107063098,0.6642445791463398,89.04901981542143,1.1591169977268192,4.8764,3.7173,19.439284919839167,-0.8112970775797095,-0.2175503725822505
Ba3Cr2O8,Ba2B11H7O22,0.5955272351746701,0.6172111,0.4998448265024957,0.6483718310892639,0.6243389253406209,90.37260329692785,1.4032169977268192,5.6652,4.2620000000000005,18.725422882466763,0.0590363488469187,-0.175269826372595
Ba3Sb2Se7,Ba2CaP4(H3O8)2,0.5953852330233245,0.64395046,0.4823555387869509,0.6312048189603762,0.6158636433775897,89.071083844737,1.1737615750124288,5.4657,4.2919,17.581490207109955,-1.1165086870390095,0.3074395955171369
Ba(ErSe2)2,Ba2B11H7O22,0.5953403132674338,0.61976594,0.4871185957356798,0.6356172937074408,0.6475956227343744,89.2050318073323,1.6213687348322552,5.6652,4.0438,15.149154235066474,-0.3336583348412691,-0.2709827390078638
Ba2InSbO6,Al2Pb3F12,0.5951393212093401,0.6456344,0.5035181412265038,0.5917696068401741,0.6246691152349275,90.82708527912543,0.7794169977268187,5.2252,4.4458,16.232185176768496,-0.7099241900098039,-0.2411264564307886
Ba(DySe2)2,Ba2B11H7O22,0.5950479535004364,0.6198858,0.48685031203832985,0.6389816150727144,0.6428951233119977,89.23632137466997,1.6309643547940598,5.6652,4.0343,14.938330940640409,-0.330609561865077,-0.2637632303001759
Ba2MnTe3,Al2Pb3F12,0.5948197358795851,0.6161268,0.5160536030808388,0.618425453311331,0.6323843497866249,92.20642996428539,1.0806169977268187,5.2252,4.1446000000000005,16.232185176768496,-1.7853043190212978,-0.0570380736379868
Ba(GdTe2)2,Ba3ZnB5PO14,0.5947636604701161,0.6589433,0.4908729700556806,0.5492816949330857,0.6577946724634407,87.75255296330242,1.013858253812388,4.8405000000000005,3.8267,15.63042719367385,-1.2078139171329336,-0.2582643008336164
Ba2ThS6,Ba3B6O11F2,0.5947536397250234,0.6175915,0.49993916526175464,0.617748814832367,0.6503103315238756,90.39864022631261,1.5637519865247549,5.252710526336427,3.689,14.450517761174464,-1.2237963028787897,-0.0966657630794253
Ba3Sb2Se7,Ba3Al2B10H4O23,0.5946599582562062,0.6221774,0.4984115385479815,0.620879876395422,0.6405950031189747,90.49515073039379,1.1737615750124288,4.9577,3.7839,14.772212483504363,-1.4013377412617811,-0.0943206744364279
Ba3UAgS6,Ba2YC2(O2F)3,0.5945971228629136,0.63904995,0.4843986946910177,0.6249216622306034,0.6242282207155078,89.36771910024893,0.8985169977268191,5.263999999999999,4.3655,16.447548766982095,-1.291533968582253,-0.3155423204673004
Ba2MnSe3,Ba2Ca(BO2)6,0.5944969161247282,0.631974,0.4980111689907013,0.6025852501620732,0.6414309456764,90.40251087317887,1.322916997726819,5.0129,3.69,19.213913209575576,-1.3413360365539022,-0.0178319783197831
Ba2Mn(AsO4)2,Ba3B6H2O13,0.5941034155468998,0.6127323,0.4867735463649962,0.6579905727082322,0.6317780475310273,88.98163187182594,1.498186441755564,5.0891,3.5909,15.137897931376193,-0.4249158912889581,0.1476788548831769
Ba2Ni(PO4)2,Ba2Ca(BO2)6,0.5940971585306338,0.624217,0.4951125448503849,0.6317699969266827,0.6274454254468915,90.32644166010728,1.1930169977268188,5.0129,3.8199,19.213913209575576,-0.1960114136538449,-0.1161025157726642
Ba4Sb2O,Ba2HoCl7,0.5935239051119456,0.628983,0.4999290732194307,0.6060173273361945,0.6359706150334048,90.76980365083747,0.8908169977268193,5.4559,4.5651,17.526026148831015,-1.2707139746428573,-0.2358108256117062
Ba3Ta2Se9,Ba2YC2(O2F)3,0.593522684626959,0.6292634,0.49930894386219343,0.6055879908258619,0.6366783155772378,90.69800117720965,1.5010593186159011,5.263999999999999,3.7629,16.005943047621138,-1.6186625436956852,0.1639958542613409
Ba3(TaS4)2,AlPO4,0.5934809344379915,0.6260342,0.5022600565949622,0.6167863082069193,0.6272334727065368,91.13276554527832,1.000616997726819,5.6178,4.6172,18.451546239574878,-1.2844386875088605,-0.136619596292125
Ba(TmSe2)2,Ba2B11H7O22,0.5933892380856408,0.6249351,0.4851295815772511,0.6324083276067028,0.6344895072040402,89.38218066984099,1.634587481610209,5.6652,4.0306,14.859871418762872,-0.3410012241269795,-0.2708777849451694
AlCuGeSe4,Ba2CaP4(H3O8)2,0.5931158440289493,0.60988617,0.5157441760710557,0.6223463881506583,0.631251800495318,92.22041689492345,1.1459169977268189,5.4657,4.319800000000001,17.581490207109955,-1.8187630492395308,-0.0176860039816658
Ba2Ge2Se5,BHS3O11,0.5929815059974495,0.6721321,0.4724135080960574,0.5901010266542679,0.6080584872553043,87.68057903253823,1.5466208727092796,5.696299999999999,4.1496,17.11977262988077,-0.3975375462760409,-0.3400327742433006
Ba3ThSe7,AlPO4,0.5928876271801574,0.6278466,0.49236377591469904,0.6340683401211193,0.6161835431933848,90.17316376044671,1.178416997726819,5.6178,4.4394,18.451546239574878,-1.1889214996863664,0.2339505338559264
Ba4P2O,Ba2ErCl7,0.592697622155135,0.6250407,0.4908618390821544,0.6341420500539643,0.6219475343185106,90.02720478739543,1.2965169977268192,4.9184,3.6219,14.561551678946907,-1.357581731316328,-0.1424390513266518
Ba4GeP4,Ba(ClO4)2,0.5926829265305382,0.6134157,0.5058022673824444,0.6207409017549838,0.6369434049332401,91.29014199205652,1.2698169977268188,5.4454,4.175599999999999,14.536388917989578,-0.1934454042243878,-0.174010920586263
Ag2P2PdO7,Ba2HoCl7,0.5926334028780778,0.6567603,0.48143050174448737,0.5652545361713766,0.6467939138550228,87.94782563955104,1.4222169977268189,5.4559,4.0337000000000005,17.526026148831015,-1.0813122014484131,0.3147234548925304
Ba(LuTe2)2,Al2Pb3F12,0.5926090995210969,0.65714073,0.4769752577901541,0.5964510145176997,0.620379115278765,88.51479475881297,1.3820169977268193,5.2252,3.8432,16.232185176768496,-1.5078743368907568,-0.3302976686094921
Ba2MnSe3,Ba3Al2B10H4O23,0.5923450237517788,0.63616,0.4820788873444568,0.587755807627434,0.6580907185495903,88.51973834298698,1.322916997726819,4.9577,3.6348,14.772212483504363,-1.074050659926919,-0.2625178826895565
Ba(GdSe2)2,Ba3Al2B10H4O23,0.5922215945610607,0.6235957,0.48002413754742385,0.6264142735184162,0.6433710268566968,88.89945778983692,1.481060739031996,4.9577,3.4767,14.772212483504363,-0.5924816084623052,-0.1717433198147669
Ba2SiTe4,Ba3B6O11F2,0.5920234987675966,0.6241481,0.5105454927316927,0.6089951114531945,0.6206813776476172,92.07544045060756,1.3583169977268197,5.252710526336427,3.8944,16.384847293223228,-1.904467565735929,-0.0592645850451931
Ba(ErSe2)2,Ba2HoCl7,0.5919983205939969,0.62320423,0.49637646025519067,0.6140692081083565,0.6348443999326163,90.58172692067893,1.6213687348322552,5.4559,3.8345,14.17882388680524,-0.6301757208035723,-0.1761637762420133
Ba(ErSe2)2,Ba2Ca(BO2)6,0.5919279181882102,0.6352348,0.48475696171767735,0.6056052320469787,0.6364273335210009,89.45138646950231,1.6213687348322552,5.0129,3.3915,15.54435039988252,-0.877062689017857,-0.0604157452454666
Ba3Zr6BeCl18,Ba2Ca(BO2)6,0.5918163405654407,0.6457013,0.4665527471489059,0.6002126436242169,0.6457008692072077,87.55032982607833,1.2822169977268187,5.0129,3.7307,19.213913209575576,-0.8270411207142851,-0.325113249524218
Ba2FeMoO6,Ba2Nd2Si4O13,0.5917274305763139,0.62348926,0.4892894348065745,0.6038440859330991,0.6520751119650708,89.55936061719673,1.1591169977268192,5.046200000000001,3.8871,15.250101667344447,-1.0114973389047617,0.2284736693164569
Ba2MnSe3,Al(PO3)3,0.5915795414582475,0.61714107,0.4878264206384446,0.6414964199932173,0.6266214372354381,89.63467942764748,1.322916997726819,5.8176,4.4947,19.612714268903385,-1.0685231755648932,-0.1895788372972612
Ba2SmMoO6,AcCl3,0.591537371459454,0.6239454,0.49568627963446177,0.6220143503466753,0.6241601662213749,90.65072692164287,1.1639169977268191,5.0865,3.9226,15.469499303872531,0.0773283938750002,-0.1727935552949573
Ag2P2PdO7,BHS3O11,0.5914597904891733,0.6049174,0.49447814536855744,0.6537653663966563,0.6268304420258148,89.82198901798373,1.4222169977268189,5.696299999999999,4.2741,18.90549771873661,0.0016584568067956,-0.1091925785545495
Ag2PHO4,AlH10SO9F,0.5914521265402719,0.6111553,0.5026519171949526,0.6178078804524547,0.6416161752809322,90.97410881478253,1.5818709676048333,5.459199999999999,3.8773,15.05292645269954,-0.1533484634868778,-0.1339849895545869
Ba(GdSe2)2,Ba2CaP4(H3O8)2,0.591213531459417,0.64085877,0.483942862294966,0.6050222161819885,0.6246140465692958,89.50967338583058,1.481060739031996,5.4657,3.9847,17.581490207109955,-0.3076525542395334,0.2708610434913544
Ba(FeBr4)2,Ba2B2AsH3F18,0.5911122398364843,0.61515504,0.5071099479433309,0.6087562669460082,0.6363962198795765,91.55443084360321,1.181116997726819,5.05,3.8689,15.270750404674889,-1.6334808768283804,-0.1486469022202693
Ba3NaRuO6,Ba2YC2(O2F)3,0.5910432222820687,0.6184554,0.5024965968428425,0.6047262419779109,0.6400721558724707,91.06019505849804,0.7866169977268193,5.263999999999999,4.4774,16.447548766982095,-0.7496546354265559,0.1325322731942645
Ba2SnSe5,Ba2CaP4(H3O8)2,0.5909848569173046,0.66197467,0.4801191895372118,0.5749640754611222,0.6213555374228115,88.41516016835523,1.3426169977268192,5.4657,4.1231,17.581490207109955,-1.0500521212121865,0.3182799350003638
Ba4As2O,AlCl3,0.5909664152243913,0.6080544,0.5089665981709368,0.6395000383644498,0.6150285909357118,91.59384844751311,0.9168366512882208,5.274,4.3572,18.86795968678561,-0.3883548523214326,-0.0195079408794638
AgAu(IO3)4,Ba(ClO4)2,0.5908515515159638,0.6115961,0.5030482267449091,0.6251411662490794,0.63001311980451,91.2135756108151,1.512451154588392,5.4454,3.933,13.89026581243683,-0.3975932584175087,-0.0870073735062293
Ba2Zr6BCl17,Ba2Li(BO2)5,0.5907297509690486,0.6161477,0.48206106930377257,0.6508490441141078,0.6219649193017673,88.9926570057117,1.3409169977268192,4.951700000000001,3.6108,14.739986635745453,-0.7075291924002856,0.1836712085964329
Ba2Ni(PO4)2,Ba(PO3)2,0.5905270282010062,0.61923003,0.497501054648246,0.61848333991594,0.6286229566385704,90.84439242800782,1.1930169977268188,5.4349,4.2419,17.40684437120676,-0.0630046409157483,0.2023385746953016
Ba4LaGe3SbSe13,Ba2YC2(O2F)3,0.5904160420840285,0.6115852,0.5063388316173245,0.6208775304607773,0.6280050258289449,91.61284372512586,1.4883785721190117,5.263999999999999,3.7756,16.33770107128368,-1.7372793179170058,0.1257548469117491
Ba3ThSe7,Ba2CaP4(H3O8)2,0.5903860605038538,0.6423447,0.48293827640077747,0.5927610139877673,0.6313932247134981,89.26750579675975,1.178416997726819,5.4657,4.2873,17.581490207109955,-0.623600716554866,0.3113614629253843
