Formula,MP_ID,Eg_bulk_eV,CBM_bulk_eV,VBM_bulk_eV,Formation_Energy_eV,Dielectric_Static,Dielectric_Source,Eg_nano_3nm_eV
Ac2O3,mp-11107,3.5219000000000005,8.112,4.5901,-3.737668289999997,19.1396,Penn_Model_Calculated,3.7382422550586103
Ac2S3,mp-32800,2.2729,7.0869,4.814,-2.4930635934375003,44.5534,Penn_Model_Calculated,2.5147909016044863
AcAlO3,mp-1183115,4.1024,10.906,6.8036,-3.690019421499996,14.3692,Penn_Model_Calculated,4.3038725844253385
AcBr3,mp-27972,4.1034,5.1408,1.0374,-2.494519163125,14.3627,Penn_Model_Calculated,4.304845584865935
AcBrO,mp-30274,4.2407,7.4413,3.2006,-3.2181859641666706,13.5114,Penn_Model_Calculated,4.438384975769732
AcCl3,mp-27971,5.0865,6.1773,1.0908,-2.940648830625,9.6965,Penn_Model_Calculated,5.259222951302012
AcCrO3,mp-866101,2.0031000000000008,8.2567,6.2536,-3.1389721295,57.076,Penn_Model_Calculated,2.249212453443652
AcF3,mp-985278,6.0693,8.9504,2.8811,-4.413080099375,7.1081,Penn_Model_Calculated,6.209828957234205
AcFeO3,mp-861502,1.0084,7.506,6.4976,-2.771539465500001,150.0,Penn_Model_Calculated,1.263816997726819
AcGaO3,mp-1183053,2.895900000000001,8.1819,5.286,-3.0632526170000007,27.8297,Penn_Model_Calculated,3.126228315203024
AcH3,mp-861605,0.6406999999999998,6.9559,6.3152,-0.6718020309374992,150.0,Penn_Model_Calculated,0.896116997726819
AcI3,mp-861867,2.5886,2.274,-0.3146,-1.8010032031250018,34.5778,Penn_Model_Calculated,2.824939881298516
AcOF,mp-36526,4.2561,7.8655,3.6094,-4.159174074166669,14.536975816666661,MP_DFPT_API,4.458261133189692
AcTlTe2,mp-865028,0.6217000000000006,6.7994,6.1777,-1.2514026447916695,150.0,Penn_Model_Calculated,0.8771169977268197
Ag(BCl)6,mp-567334,2.6955,3.0902,0.3947,-0.9528340284935891,31.9673,Penn_Model_Calculated,2.9298153132332176
Ag15P4S16Cl3,mp-560328,1.2258,3.458,2.2322,-0.48195322627819487,150.0,Penn_Model_Calculated,1.481216997726819
Ag2B8O13,mp-554873,3.2651,3.7178,0.4527,-2.5106557157246367,22.1052,Penn_Model_Calculated,3.4874511867438516
Ag2Ge(S2O7)3,mp-1196546,2.8072,2.9713,0.1641,-1.5999475659999998,29.552,Penn_Model_Calculated,3.03932356711581
Ag2GePbS4,mp-861942,1.3699000000000003,4.99,3.6201,-0.5503585122916661,29.23312854,MP_DFPT_API,1.601707145987137
Ag2H4(SO4)3,mp-860963,2.8882,3.3807,0.4925,-1.449344143492063,27.9729,Penn_Model_Calculated,3.118686006962826
Ag2HgI4,mp-23485,1.2219000000000002,2.1173,0.8954,-0.5123625465476189,9.070052743333333,MP_DFPT_API,1.3885167418557236
Ag2HgSI2,mp-556866,1.2278,2.4716,1.2438,-0.44160478972222234,11.688167266666662,MP_DFPT_API,1.4155878898771574
Ag2Mo2O7,mp-27966,1.9053,3.2517,1.3464,-1.5074706507575748,62.9806,Penn_Model_Calculated,2.1528205815221515
Ag2P2H2O7,mp-1195759,2.150562922126691,3.52585334037113,1.3752904182444392,-1.815974185778367,49.6495,Penn_Model_Calculated,2.3944287651122407
Ag2P2PdO7,mp-1190325,1.1667999999999998,2.5732,1.4064,-1.7857666810515873,150.0,Penn_Model_Calculated,1.4222169977268189
Ag2PHO4,mp-707138,1.3274000000000001,2.6615,1.3341,-1.5734414415699398,128.6965,Penn_Model_Calculated,1.5818709676048333
Ag2PSe3,mp-13956,0.8588,3.5628,2.704,-0.3363640391679065,14.884344336666665,MP_DFPT_API,1.0623373874653046
Ag2PdCl4,mp-28557,0.9506000000000001,1.6909,0.7403,-0.8042831183333325,19.693360249999543,MP_DFPT_API,1.1682017055340592
Ag2S,mp-1537871,1.6081000000000003,6.538,4.9299,-0.11837386593749954,88.0074,Penn_Model_Calculated,1.8594912977905713
Ag2S2O7,mp-1192057,2.3015999999999996,3.336,1.0344,-1.4055423298484848,43.474,Penn_Model_Calculated,2.5430131700142815
Ag2SO4,mp-5625,1.2289,2.5708,1.3419,-1.256612797261903,34.75338981219033,MP_DFPT_API,1.4653651425608496
Ag2SeO3,mp-16913,1.7022,3.0669,1.3647,-0.8250872030295131,78.6536,Penn_Model_Calculated,1.9524328878302548
Ag2SeO3,mp-2748718,2.0934999999999997,5.8664,3.7729,-0.5705825800520827,52.3377,Penn_Model_Calculated,2.3382526805149038
Ag2Sn(S2O7)3,mp-1197599,2.4602000000000004,2.7844,0.3242,-1.6166738946666674,38.1742,Penn_Model_Calculated,2.6988755577699273
Ag2TeS3,mp-29163,1.3064999999999998,4.3062,2.9997,-0.07894978057291742,13.06676703666667,MP_DFPT_API,1.5020260129849214
Ag3AsS3,mp-561620,1.6277999999999997,4.0942,2.4664,-0.16004723620535394,85.9142,Penn_Model_Calculated,1.8789539754711713
Ag3AsSe3,mp-662599,0.8906000000000001,3.2479,2.3573,-0.30236748243303524,150.0,Penn_Model_Calculated,1.146016997726819
Ag3Ge5P6,mp-17862,0.5335999999999999,5.4356,4.902,-0.041898267346937246,21.0713526066338,MP_DFPT_API,0.7540484374333005
Ag3P11,mp-27821,0.8305999999999996,5.4982,4.6676,-0.04616663662414818,12.224839893327342,MP_DFPT_API,1.0216077117458107
Ag3PS4,mp-12459,0.9998,3.7271,2.7273,-0.25612480990327313,10.112646456666665,MP_DFPT_API,1.1761610826495408
Ag3SbS3,mp-555269,1.5142000000000002,4.6344,3.1202,-0.20678933263392554,99.1332,Penn_Model_Calculated,1.7666845111540501
Ag4Mo2Se3O16,mp-558550,1.6142999999999998,2.6847,1.0704,-1.227226647047916,87.3404,Penn_Model_Calculated,1.8656169096906283
Ag5BiO4,mp-28812,1.459,3.5605,2.1015,-0.658539459833331,106.6993,Penn_Model_Calculated,1.7120977128972268
Ag5Hg4P8Cl5,mp-568540,0.9356999999999998,3.4368,2.5011,-0.38926681752164555,94.40521626999998,MP_DFPT_API,1.1877514264394422
Ag5P(S2Cl)2,mp-559847,1.2689,3.3314,2.0625,-0.5435259819146813,61.459754556666674,MP_DFPT_API,1.516083760286318
Ag8GeS6,mp-9770,0.6102000000000003,3.0792,2.469,-0.3272566030555529,150.0,Penn_Model_Calculated,0.8656169977268194
Ag8SnS6,mp-15645,0.5350999999999999,3.2342,2.6991,-0.20496340979166613,150.0,Penn_Model_Calculated,0.790516997726819
AgAs(S8F3)2,mp-556837,2.7366,2.7828,0.0462,-1.086225823923611,31.0441,Penn_Model_Calculated,2.9701178277895606
AgAs3H2O9,mp-985701,0.8362,2.3967,1.5605,-1.4163172241111122,150.0,Penn_Model_Calculated,1.091616997726819
AgAsF6,mp-37153,1.7393999999999998,-0.8313,-2.5707,-2.2011483698958334,4.177139149996149,MP_DFPT_API,1.7953057375711476
AgAsPbS3,mp-22665,1.3314000000000004,4.8604,3.529,-0.49983294361111,127.9303,Penn_Model_Calculated,1.5858310730160783
AgAu(IO3)4,mp-1229194,1.2572999999999999,3.6746,2.4173,-0.7131055570370369,143.3327,Penn_Model_Calculated,1.5124511545883919
AgAuCl4,mp-570340,0.8406,0.5406,-0.3,-0.7744889177777777,150.0,Penn_Model_Calculated,1.096016997726819
AgAuF4,mp-16060,1.0268000000000002,0.2268,-0.8,-1.4019354844444454,6.916462983333335,MP_DFPT_API,1.163987362216799
AgAuO2,mp-996983,0.6175000000000002,2.3925,1.775,-0.4695447591666664,14.243665006666669,MP_DFPT_API,0.8184467821482845
AgB11H6CBr6,mp-703539,3.2973,2.4931,-0.8042,-0.447013033799999,21.695,Penn_Model_Calculated,3.5189179342439134
AgBF4,mp-12021,3.157,1.8587,-1.2983,-2.575888896388889,23.5753,Penn_Model_Calculated,3.3817694701756196
AgBH2OF4,mp-24058,3.044,1.6468,-1.3972,-2.162864122314816,25.2825,Penn_Model_Calculated,3.271224852683523
AgBi(IO3)4,mp-1195262,2.4068,5.8323,3.4255,-0.9253991323148149,39.8421,Penn_Model_Calculated,2.6464156486560664
AgBi(PS3)2,mp-556434,1.1837999999999997,4.398,3.2142,-0.3388252107827384,21.052495523333338,MP_DFPT_API,1.4042119964136308
AgBi(PSe3)2,mp-569126,1.3072,3.5645,2.2573,-0.46588106450148814,132.6735,Penn_Model_Calculated,1.5618706393749548
AgBi3S5,mp-23474,0.5262000000000002,4.8986,4.3724,-0.3722022776736114,211.12634425666667,MP_DFPT_API,0.7832716499819203
AgBiSCl2,mp-556094,1.0752000000000002,3.9597,2.8845,-0.9455957438333339,113.99861914,MP_DFPT_API,1.3288121510742434
AgBr,mp-23231,0.7303999999999999,1.9857,1.2553,-0.6596210383333325,12.692159136763971,MP_DFPT_API,0.9239896566793429
AgCl,mp-22922,0.9522000000000002,2.3624,1.4102,-0.728691575833333,11.41491176275674,MP_DFPT_API,1.1382321428536795
AgClO4,mp-22993,2.613,2.9791,0.3661,-0.41406829361111025,7.870760899999998,MP_DFPT_API,2.7652151550226987
AgH5S2O9,mp-24072,3.5225000000000004,3.4397,-0.0828,-1.4486150450245106,19.1335,Penn_Model_Calculated,3.738827975507459
AgHg2AsO4,mp-558188,0.7441000000000001,1.3665,0.6224,-1.0544510055208351,150.0,Penn_Model_Calculated,0.9995169977268191
AgHg2NO5,mp-560443,0.5517,1.0166,0.4649,-0.6809799182407422,150.0,Penn_Model_Calculated,0.807116997726819
AgHg2PO4,mp-556798,1.1892000000000003,2.2728,1.0836,-1.5083162942261916,150.0,Penn_Model_Calculated,1.4446169977268193
AgHgAsS3,mp-6215,1.1993,3.478,2.2787,-0.36442808402777277,21.412280273333337,MP_DFPT_API,1.420396204570691
AgHgSBr,mp-560067,1.2696,1.6715,0.4019,-0.5442998554166674,13.926265816666666,MP_DFPT_API,1.469175075062923
AgHgSI,mp-23140,1.3679000000000001,2.5333,1.1654,-0.4264321279166676,121.2469,Penn_Model_Calculated,1.621961699807579
AgI,mp-580941,1.3759000000000001,2.5295,1.1536,-0.4677598983333322,7.119769473334294,MP_DFPT_API,1.5166266286141876
AgI3O8,mp-1194592,2.293848415139808,4.7381481276786115,2.4442997125388035,-0.7530212759722227,43.7615,Penn_Model_Calculated,2.5353911323591296
AgIO3,mp-27384,2.4375,4.966,2.5285,-0.7130686653333328,38.8698,Penn_Model_Calculated,2.6765774312263493
AgMo6Cl13,mp-1214988,2.6357999999999997,5.1038,2.468,-1.2827291965833332,33.386,Penn_Model_Calculated,2.8712548601812324
AgMoPO6,mp-14029,2.0962,3.435,1.3388,-1.9811057354232804,52.2056,Penn_Model_Calculated,2.3409112344701124
AgNO3,mp-552185,1.8635,1.9786,0.1151,-0.6806635453333335,10.723407676857569,MP_DFPT_API,2.0446892888785495
AgP(OF)2,mp-1194585,1.9686,1.6414,-0.3272,-2.261493737718254,59.0587,Penn_Model_Calculated,2.2152166868251073
AgPF6,mp-34418,3.2361,0.8544,-2.3817,-2.53426353578869,4.3637792466732535,MP_DFPT_API,3.3007833264309214
AgPO3,mp-18702,2.0246000000000004,3.3542,1.3296,-1.958048157761913,55.8914,Penn_Model_Calculated,2.270394117842945
AgPbF6,mp-1206101,0.7338,0.3632,-0.3706,-1.9283080564583317,150.0,Penn_Model_Calculated,0.9892169977268191
AgRh(SO4)2,mp-1214944,1.1739000000000002,2.9803,1.8064,-1.4627008163888877,150.0,Penn_Model_Calculated,1.4293169977268192
AgSO3F,mp-1229086,2.4337,2.7333,0.2996,-1.5912135315277773,38.9882,Penn_Model_Calculated,2.672844407072725
AgSb(S8F3)2,mp-559602,2.7422,2.8798,0.1376,-1.14008699361111,30.9216,Penn_Model_Calculated,2.975608430375442
AgSb2F12,mp-14653,0.5397999999999998,-1.9757,-2.5155,-2.3869322361111105,5.020741040000001,MP_DFPT_API,0.6301885578528496
AgSbF6,mp-3414,1.7739,1.2117,-0.5622,-2.3583007792708326,72.503,Penn_Model_Calculated,2.023208285675838
AgSbS(OF3)2,mp-1199019,2.560478609099197,1.5275783913551386,-1.0329002177440585,-2.141207953106061,35.3194,Penn_Model_Calculated,2.7973390506992195
AgSbS2,mp-3922,1.3512,4.9216,3.5704,-0.2501113989062489,16.412286796666663,MP_DFPT_API,1.5600993057749453
AgTeO3,mp-559257,1.4211,4.173,2.7519,-1.1464252671666664,112.4123,Penn_Model_Calculated,1.6746060330539874
AgW3Br7,mp-29718,2.6908000000000003,3.2496,0.5588,-0.8177875281060594,32.0756,Penn_Model_Calculated,2.9252058572402455
Al(BH4)3,mp-569787,6.2431,1.5237,-4.7194,-0.10353345781250045,3.39844228,MP_DFPT_API,6.251981518994887
Al(BiCl)4,mp-1198361,1.4598000000000002,3.2259,1.7661,-1.1034899319444458,106.5834,Penn_Model_Calculated,1.7128889762601565
Al(ICl2)3,mp-672352,1.7106,1.2387,-0.4719,-1.081075036250001,77.8928,Penn_Model_Calculated,1.9607264327032405
Al(IO3)3,mp-555903,3.3465999999999996,6.2227,2.8761,-1.3017925411538454,8.33793544,MP_DFPT_API,3.5049177692673994
Al(PO3)3,mp-1019377,5.8176,5.4521,-0.3655,-2.8411529897252756,7.6481,Penn_Model_Calculated,5.966644232123766
Al(SeCl)4,mp-683984,1.1038000000000001,0.6723,-0.4315,-1.0319158957638968,150.0,Penn_Model_Calculated,1.3592169977268191
Al(SeCl2)2,mp-574529,1.3809,0.077,-1.3039,-1.321299250669642,118.9935,Penn_Model_Calculated,1.6348278072593612
Al(TeCl2)2,mp-540628,1.3285,1.0912,-0.2373,-1.359382804583333,128.4851,Penn_Model_Calculated,1.5829600079347874
Al11TlO17,mp-758571,4.585100000000001,8.8688,4.2837,-3.308075045114943,11.7025,Penn_Model_Calculated,4.772977718750405
Al11TlO17,mp-2206289,5.323600000000001,9.601,4.2774,-3.2150562399568954,8.9391,Penn_Model_Calculated,5.4888321461125935
Al2(CN2)3,mp-1029975,2.8366,5.9959,3.1593,-0.6093145309090912,28.9632,Penn_Model_Calculated,3.0681338464062895
Al2(MoO4)3,mp-19521,3.5374,3.0804,-0.457,-2.403986258676472,18.981,Penn_Model_Calculated,3.7533680038289248
Al2(SO4)3,mp-4417,6.0433,7.1104,1.0671,-2.3349570783823537,7.1608,Penn_Model_Calculated,6.184716537303271
Al2(SeO4)3,mp-756970,3.0578000000000003,3.2791,0.2213,-1.7608418939430153,25.0638,Penn_Model_Calculated,3.2847289875079397
Al2Ag2Bi2S3Cl8,mp-1194539,1.901,3.2374,1.3364,-1.3475917774019601,63.2613,Penn_Model_Calculated,2.148580977707046
Al2B3HO8,mp-1199198,6.1951,4.9798,-1.2153,-2.916216542232143,6.8625,Penn_Model_Calculated,6.331312728264191
Al2BiS4,mp-557737,2.6386,5.2985,2.6599,-1.0268268494642854,13.505916713333333,MP_DFPT_API,2.8362592167974214
Al2BiSe4,mp-571623,2.2404,4.312,2.0716,-0.872662828750001,15.171280583333333,MP_DFPT_API,2.4450266823483884
Al2Cd3(GeO4)3,mp-1214967,2.9874,5.2508,2.2634,-2.2718875258750004,26.2113,Penn_Model_Calculated,3.215826357812425
Al2CdBr8,mp-1214910,3.6647999999999996,2.5054,-1.1594,-1.4495020240909093,17.7526,Penn_Model_Calculated,3.8776428546712483
Al2CdCl8,mp-28361,3.7081999999999997,2.2123,-1.4959,-1.8501213690909089,17.3627,Penn_Model_Calculated,3.9199584634190403
Al2CdS4,mp-5928,2.7303000000000006,4.6115,1.8812,-1.1472330416071432,8.232516483334537,MP_DFPT_API,2.8873012125417823
Al2CdSe4,mp-3159,2.0058,3.4614,1.4556,-1.0754883984821428,9.313653563331576,MP_DFPT_API,2.174888812361587
Al2CdTe4,mp-7909,1.6261,4.6627,3.0366,-0.5821135314285755,10.718463236669713,MP_DFPT_API,1.8072524111819264
Al2CuCl8,mp-23434,0.5594,-0.5174,-1.0768,-1.6874217595454548,150.0,Penn_Model_Calculated,0.814816997726819
Al2Ga2Bi2O9,mp-1214864,2.7318,6.1986,3.4668,-2.4684174016666676,31.1498,Penn_Model_Calculated,2.9654115306072146
Al2Ge(O2F)2,mp-561437,4.0818,7.083,3.0012,-3.171815519166666,14.5045,Penn_Model_Calculated,4.283829096310732
Al2H12(SeO5)3,mp-707424,4.7445,4.0811,-0.6634,-1.6108465986572273,10.9954,Penn_Model_Calculated,4.927666826687497
Al2H16S3O20,mp-850293,5.6055,5.0993,-0.5062,-1.7330980639024391,8.1607,Penn_Model_Calculated,5.76158483146456
Al2H32S3O28,mp-1196041,4.6645,3.6228,-1.0417,-1.5678861953461531,11.3412,Penn_Model_Calculated,4.850044033389436
Al2Hg3Cl8,mp-27346,2.4917,1.2811,-1.2106,-1.5163545836538488,37.2402,Penn_Model_Calculated,2.7298123392507723
Al2HgS4,mp-7906,2.0163,4.0578,2.0415,-1.1063106832142928,10.617375053333335,MP_DFPT_API,2.1966909238029113
Al2HgSe4,mp-3038,1.4322000000000001,3.0308,1.5986,-0.825231304821429,12.08869747999479,MP_DFPT_API,1.622417974256357
Al2HgTe4,mp-7910,1.1122,4.301,3.1888,-0.47700404821428527,13.5947930866496,MP_DFPT_API,1.3102741724210096
Al2NiO4,mp-37614,3.1956000000000007,9.1926,5.997,-2.8027414935714297,23.0332,Penn_Model_Calculated,3.4195136551639473
Al2O3,mp-1143,5.8743,11.6968,5.8225,-3.4265510080000006,9.706237702841708,MP_DFPT_API,6.047111647007425
Al2Pb3F12,mp-14941,5.2252,6.3292,1.104,-3.2456635836764707,9.2409,Penn_Model_Calculated,5.39356415631842
Al2PbO4,mp-21892,3.9433,6.7352,2.7919,-2.8937835900000146,18.512909993333334,MP_DFPT_API,4.158126052511404
Al2PbS4,mp-1103722,2.5904,5.7401,3.1497,-1.233530308571437,42.76460659666666,MP_DFPT_API,2.8314860666109243
Al2PbSe4,mp-675374,1.9961000000000002,4.6516,2.6555,-0.9435391144642844,57.47,Penn_Model_Calculated,2.242315424103265
Al2PdCl8,mp-27452,1.6806,-0.117,-1.7976,-1.676674889999999,3.50831252,MP_DFPT_API,1.697381279063197
Al2S3,mp-1228491,3.0435746359539815,6.3455439999704994,3.301969364016518,-1.2369562236874998,25.2893,Penn_Model_Calculated,3.2708086058922117
Al2Se3,mp-11674,1.8040000000000003,4.519,2.715,-1.008823536437501,9.354686643365255,MP_DFPT_API,1.973492547726384
Al2Si(O2F)2,mp-6280,5.706199999999999,9.2411,3.5349,-3.529615748611111,7.9102,Penn_Model_Calculated,5.858958198762357
Al2Si2PbO8,mp-1195073,4.261250911072367,6.112250367386924,1.8509994563145569,-3.1053062625961534,13.3911,Penn_Model_Calculated,4.458365904997883
Al2Si3H8(NO5)2,mp-706243,4.576099999999999,4.8111,0.235,-2.1697174975000006,11.7446,Penn_Model_Calculated,4.764240308165202
Al2SiO5,mp-5065,5.4454,10.2469,4.8015,-3.3768698634375003,8.5879,Penn_Model_Calculated,5.606710343493824
Al2Te2Cl7,mp-540629,1.4057,0.9698,-0.4359,-1.5805691443939403,114.8668,Penn_Model_Calculated,1.659368987674625
Al2Te3,mp-29502,2.2383000000000006,5.363,3.1247,-0.5590248137499998,45.9103,Penn_Model_Calculated,2.4807595827888753
Al2Te5,mp-9254,1.0460999999999996,4.6118,3.5657,-0.4019399971428551,18.621158280021096,MP_DFPT_API,1.2611952380032911
Al2VCl8,mp-568443,0.8418000000000001,2.6147,1.7729,-1.8714866172727278,3.117802056666667,MP_DFPT_API,0.8418000000000001
Al2ZnO4,mp-2908,3.8459999999999996,7.8218,3.9758,-3.0210726285714293,9.281930786666607,MP_DFPT_API,4.014774236939636
Al2ZnS4,mp-4842,2.4934000000000003,6.6596,4.1662,-1.1905034680357136,11.486136013333313,MP_DFPT_API,2.679897829059942
Al2ZnSe4,mp-7907,2.1529,4.111,1.9581,-1.1007739499107134,9.178696063337346,MP_DFPT_API,2.3206354691302207
Al2ZnTe4,mp-7908,1.6274000000000002,5.1509,3.5235,-0.704937983809523,10.852307156670932,MP_DFPT_API,1.8095388179583263
Al3BC3,mp-1228599,2.0981999999999994,8.0673,5.9691,-0.23713364392857206,52.108,Penn_Model_Calculated,2.342880477728717
Al3Tl4Fe(As2O7)4,mp-1229069,2.7875,4.4028,1.6153,-1.9299713141666681,29.9569,Penn_Model_Calculated,3.0200156483245166
Al4(B2O5)3,mp-31408,5.8127,7.5178,1.7051,-3.0834730528,5.81064330665891,MP_DFPT_API,5.926299529493924
Al4B2O9,mp-1229135,4.9982,8.1121,3.1139,-3.264206385222222,10.0065,Penn_Model_Calculated,5.173661853292891
Al4Bi2O9,mp-23426,2.7654000000000005,7.1824,4.417,-2.857885393999998,30.4216,Penn_Model_Calculated,2.9983527734303475
Al4C3,mp-1591,1.3163999999999998,8.6175,7.3011,-0.23825637285714305,17.828700309990722,MP_DFPT_API,1.5294489730760588
Al4CO4,mp-13703,3.8232999999999997,6.9815,3.1582,-2.594719617222223,6.25285082,MP_DFPT_API,3.9473331691266407
Al4CdO7,mp-1190488,3.0642,5.2192,2.155,-3.094281680416666,10.144908426666667,MP_DFPT_API,3.240830664051058
Al4Fe2Si5O18,mp-1204107,3.8626999999999994,5.3157,1.453,-3.1046468531034495,16.08,Penn_Model_Calculated,4.070519936770505
Al4InAgSe8,mp-1228721,1.1564,3.9272,2.7708,-0.9935458812202381,150.0,Penn_Model_Calculated,1.4118169977268191
Al5BO9,mp-3281,4.9384999999999994,7.3986,2.4601,-3.3666107872777786,6.8018227,MP_DFPT_API,5.073598355261415
Al5CuS8,mp-35267,1.4217000000000004,7.1241,5.7024,-1.1671159744642858,11.59311484333332,MP_DFPT_API,1.6088865380473651
Al6B5(O5F)3,mp-6738,6.114699999999999,8.9117,2.797,-3.2722042729597693,7.0177,Penn_Model_Calculated,6.253675382669832
Al6Cd4SO12,mp-9203,2.7127,3.1755,0.4628,-2.7123131624999988,7.003835766666668,MP_DFPT_API,2.851433571083611
Al6Cd4TeO12,mp-9535,2.5652,3.3805,0.8153,-2.6822620276811593,7.381482936666667,MP_DFPT_API,2.7101956517822634
Al6SnTe10,mp-530331,1.4355999999999995,5.294,3.8584,-0.6946291857843132,110.1731,Penn_Model_Calculated,1.6889510388416193
Al7(TlS4)3,mp-28759,2.7930000000000006,5.4118,2.6188,-1.2624896618181827,29.843,Penn_Model_Calculated,3.025406429782477
Al7Cr(Bi2O9)2,mp-1228228,2.5549560403264584,7.016043853131416,4.461087812804958,-2.767509591666667,35.468,Penn_Model_Calculated,2.7919181725222573
Al8(Pb3O7)3,mp-13875,2.8716,6.6177,3.7461,-2.5211375953289474,28.2857,Penn_Model_Calculated,3.1024249091097422
AlAg(PSe3)2,mp-1228964,1.6206273473282033,4.218925072550901,2.5982977252226975,-0.5870029005014878,11.3104394,MP_DFPT_API,1.805965806656599
AlAgO2,mp-9631,1.4164000000000003,5.5172,4.1008,-2.3048770966666545,10.725074266660075,MP_DFPT_API,1.5976017113381855
AlAgS2,mp-5782,1.8992,4.7058,2.8066,-0.9040030489062492,8.436321743331385,MP_DFPT_API,2.0587168128801396
AlAgSe2,mp-14091,1.1351999999999998,3.2434,2.1082,-0.8526771690885333,9.700932379998548,MP_DFPT_API,1.3079633456410829
AlAgSnSe4,mp-1228963,1.1072000000000002,3.0981,1.9909,-0.7697020251488093,10.966966463333335,MP_DFPT_API,1.290164689912234
AlAgTe2,mp-14092,1.0469000000000004,4.4015,3.3546,-0.43926148875000237,10.953366963334181,MP_DFPT_API,1.2297676387395275
AlAs,mp-2172,1.5007000000000001,5.0743,3.5736,-0.6270427762500006,11.537902879999983,MP_DFPT_API,1.687532688883917
AlAs3S5Cl4,mp-558360,2.2619,2.441,0.1791,-1.0036169826923071,44.978,Penn_Model_Calculated,2.503972541397013
AlAsO4,mp-5189,3.8812,3.7926,-0.0886,-2.456086594583332,15.9366,Penn_Model_Calculated,4.08854022603902
AlBPbO4,mp-558137,2.7567000000000004,6.8647,4.108,-2.720201696845237,30.6076,Penn_Model_Calculated,2.9898240167407395
AlBiCl6,mp-672273,3.7506000000000004,2.6364,-1.1142,-1.7141479287500005,16.9949,Penn_Model_Calculated,3.9612899306400644
AlBiSCl4,mp-561350,2.8305,2.8415,0.011,-1.5803596471428578,29.0838,Penn_Model_Calculated,3.062156579481049
AlBr3,mp-23288,4.0992,2.0313,-2.0679,-1.5180502868750008,14.3901,Penn_Model_Calculated,4.3007592330919335
AlCdCl4,mp-1102961,2.761,2.2197,-0.5413,-1.7117466549999871,5.572068016666667,MP_DFPT_API,2.868282733749167
AlCl3,mp-25469,5.274,5.2639,-0.0101,-1.9658130437500003,5.348142059989676,MP_DFPT_API,5.374841084198634
AlCrFeO4,mp-1229097,1.4774590874020497,6.696320173748993,5.218861086346943,-2.542837820714286,104.0746,Penn_Model_Calculated,1.7303541788814483
AlCu(PSe3)2,mp-1228984,0.8811706307205736,4.552269015484095,3.6710983847635212,-0.5588789933348209,150.0,Penn_Model_Calculated,1.1365876284473926
AlCuBr4,mp-1102536,2.1451000000000002,3.2862,1.1411,-1.2135481599999867,5.252280359999999,MP_DFPT_API,2.2430155425111766
AlCuCl4,mp-28020,2.4984,4.0579,1.5595,-1.5768964483333197,4.87481738,MP_DFPT_API,2.5836774912472573
AlCuGeSe4,mp-1228980,0.8904999999999998,3.7373,2.8468,-0.7430883706249993,150.0,Penn_Model_Calculated,1.1459169977268189
AlCuO2,mp-3098,1.8105000000000002,7.8423,6.0318,-2.4176243612499864,9.602708096663827,MP_DFPT_API,1.9823594388205525
AlCuS2,mp-4979,1.7035,6.6949,4.9914,-0.9631328539062487,8.676691023322114,MP_DFPT_API,1.8658318472064364
AlCuSe2,mp-8016,0.8929,4.7564,3.8635,-0.7563341932812495,10.121075888980734,MP_DFPT_API,1.0693316849450347
AlCuSnS4,mp-1228961,0.7129226492450247,6.235516633283817,5.522593984038792,-0.9101103921428566,150.0,Penn_Model_Calculated,0.9683396469718438
AlCuSnSe4,mp-1229027,0.5512999999999999,3.8342,3.2829,-0.7727851691964288,150.0,Penn_Model_Calculated,0.806716997726819
AlCuTe2,mp-8017,1.0469999999999997,5.8518,4.8048,-0.42519420625000137,11.698825069973717,MP_DFPT_API,1.2348547075022112
AlF3,mp-468,7.5923,6.4738,-1.1185,-3.8680460375,4.991297287389517,MP_DFPT_API,7.681681338875541
AlFePO5,mp-17477,0.54,2.9,2.36,-2.7506856665178567,150.0,Penn_Model_Calculated,0.7954169977268192
AlGaAs2,mp-1228891,0.7004999999999999,3.8486,3.1481,-0.5373326012500002,150.0,Penn_Model_Calculated,0.955916997726819
AlGaCl4,mp-541111,4.2234,3.3337,-0.8897,-1.700083312916653,21.24533757333333,MP_DFPT_API,4.444181608802035
AlH10N2OF5,mp-24618,6.1343,3.8381,-2.2962,-1.6631965823684207,6.9793,Penn_Model_Calculated,6.272603278548368
AlH10SO9F,mp-730446,5.459199999999999,4.544,-0.9152,-1.7267899050568176,8.5496,Penn_Model_Calculated,5.620063167996964
AlH11SO10,mp-722527,5.3941,4.2647,-1.1294,-1.631665221032608,8.7329,Penn_Model_Calculated,5.557067770976206
AlH12(NO5)3,mp-1203296,4.037100000000001,2.5438,-1.4933,-1.2972335396774195,14.8052,Penn_Model_Calculated,4.240329502943838
AlH14SeNO14,mp-1197821,3.576255899099855,2.6397556014191816,-0.9365002976806734,-1.3849602651562494,18.5924,Penn_Model_Calculated,3.7912799284516288
AlH15(OF)6,mp-1229104,6.1309000000000005,3.1724,-2.9585,-1.788961006026786,6.986,Penn_Model_Calculated,6.269321078836909
AlH15Br3N5,mp-1199829,4.3958,3.5821,-0.8137,-0.6834723107812509,12.6441,Penn_Model_Calculated,4.589132933824003
AlH15N5Cl3,mp-699469,4.6579999999999995,3.699,-0.959,-0.7364090049479172,11.3701,Penn_Model_Calculated,4.843736159569755
AlH2PbO2F3,mp-643387,4.496700000000001,6.0814,1.5847,-2.551014959722222,11.975357983333337,MP_DFPT_API,4.686246815493712
AlH3,mp-23933,2.1976999999999998,3.0359,0.8382,-0.07363208281249989,11.719537546744478,MP_DFPT_API,2.3856842139263
AlH3NCl3,mp-759356,5.1434,3.5551,-1.5883,-1.288243495312499,9.5051,Penn_Model_Calculated,5.314342696193291
AlH4NF4,mp-696815,6.8202,5.4353,-1.3849,-2.1607586342500005,5.8371,Penn_Model_Calculated,6.9344682216250355
AlH5(SeO4)2,mp-1214960,4.4382,4.6702,0.232,-1.599531583496093,12.4227,Penn_Model_Calculated,4.630324603438902
AlH6IO4,mp-1191939,4.2593,4.0226,-0.2367,-1.5623556402083334,13.4024,Penn_Model_Calculated,4.456468968796654
AlH6N2Cl3,mp-740718,5.0498,3.8673,-1.1825,-1.0217268171875002,9.8234,Penn_Model_Calculated,5.2236650319986415
AlH7C2SCl4,mp-1198123,4.6652000000000005,2.6613,-2.0039,-0.8205292281666667,11.3381,Penn_Model_Calculated,4.850723366534033
AlHO2,mp-625152,5.5638000000000005,9.91,4.3462,-2.6528255821875,8.867470566666666,MP_DFPT_API,5.728257488195978
AlHSO5,mp-1105277,5.6943,7.802,2.1077,-2.26148272546875,7.9391,Penn_Model_Calculated,5.847452702484892
AlHg2SbCl4,mp-568001,0.8372,0.8021,-0.0351,-1.2632334517187531,150.0,Penn_Model_Calculated,1.092616997726819
AlI3,mp-30930,3.2633,2.8767,-0.3866,-0.9552141906250009,3.725970436666666,MP_DFPT_API,3.2943553808494
AlICl6,mp-27935,2.2883,1.2459,-1.0424,-1.3249969850000056,43.9691,Penn_Model_Calculated,2.5299352082401083
AlInBr4,mp-1214853,3.8112,3.6606,-0.1506,-1.3804297715277762,16.4903,Penn_Model_Calculated,4.0203464113002125
AlInCl4,mp-638061,4.186100000000001,4.009,-0.1771,-1.7496668752777769,48.63034321,MP_DFPT_API,4.4296039911435425
AlInI4,mp-571260,3.0259,4.0283,1.0024,-0.8898664715277759,25.5739,Penn_Model_Calculated,3.253511205932064
AlInS3,mp-504482,2.3613999999999997,5.2104,2.849,-1.0024900663541663,9.719909356678436,MP_DFPT_API,2.534335875128085
AlInSe3,mp-862787,1.6095999999999995,4.1065,2.4969,-0.8639210584375008,12.409301089997475,MP_DFPT_API,1.801650092823574
AlN,mp-661,4.0536,10.0335,5.9799,-1.6796721718749996,8.731928620001746,MP_DFPT_API,4.216556850728441
AlNi2BO5,mp-1214877,3.621100000000001,8.4417,4.8206,-2.3201892974074068,18.1594,Penn_Model_Calculated,3.8350246110902044
AlNiAg2F7,mp-1214829,1.969820018818911,2.6924197169526263,0.7225996981337153,-2.4917501984848474,58.9868,Penn_Model_Calculated,2.2164190126158014
AlP,mp-1550,1.6292999999999997,5.9757,4.3464,-0.737248783988095,10.412483389999991,MP_DFPT_API,1.8081021399879378
AlP2I9,mp-28046,1.6553,2.0044,0.3491,-0.5778012016071429,83.1162,Penn_Model_Calculated,1.9061180761860024
AlPH8(CCl2)2,mp-569751,5.4006,3.4297,-1.9709,-0.7892967864620539,8.7143,Penn_Model_Calculated,5.563358246892761
AlPH9(CCl)3,mp-1196119,5.636,3.4179,-2.2181,-0.6521437156407565,8.0834,Penn_Model_Calculated,5.791080285044091
AlPI8,mp-568423,1.4267999999999998,1.4484,0.0216,-0.6438012067142858,111.5239,Penn_Model_Calculated,1.6802452841052058
AlPO4,mp-5331,5.6178,5.9912,0.3734,-3.1271722029960305,8.1294,Penn_Model_Calculated,5.773480376257558
AlPS4,mp-1102285,2.8338,4.2108,1.377,-0.6941880198710315,29.0185,Penn_Model_Calculated,3.0653902511497044
AlSCl7,mp-555805,2.4961,1.3717,-1.1244,-1.2886033074999987,37.1126,Penn_Model_Calculated,2.7341331931929105
AlSb,mp-2624,1.2262000000000004,5.6025,4.3763,-0.25297548500000033,13.325643436666676,MP_DFPT_API,1.4230005372942403
AlSbO4,mp-676861,1.6178,7.84,6.2222,-2.5433669,11.300302923333335,MP_DFPT_API,1.8030704717673833
AlSeBr7,mp-29408,2.1924,0.4719,-1.7205,-1.0297452535937452,47.8105,Penn_Model_Calculated,2.4356017092156805
AlSeCl7,mp-1205403,3.1841,2.1659,-1.0182,-1.3489241058159764,23.1926,Penn_Model_Calculated,3.4082694528431814
AlSiTe3,mp-31220,1.2309,5.3042,4.0733,-0.3323823159999989,13.001395346666667,MP_DFPT_API,1.4260961423934773
AlTeCl7,mp-573751,3.2790999999999997,1.9823,-1.2968,-1.5018705693518521,21.9254,Penn_Model_Calculated,3.501133162877689
AlTeI7,mp-29407,1.8846,2.0585,0.1739,-0.6805162451851862,64.3496,Penn_Model_Calculated,2.1324101576803995
AlTl(MoO4)2,mp-18733,3.8699000000000003,3.8614,-0.0085,-2.203208559444446,11.86127560333333,MP_DFPT_API,4.058758304831032
AlTl2F5,mp-1539038,4.4468000000000005,4.5928,0.146,-2.971503209583335,24.771872870122593,MP_DFPT_API,4.673325917301371
AlTlBr4,mp-567878,4.0998,3.1153,-0.9845,-1.4649576738888872,14.3862,Penn_Model_Calculated,4.301343083308578
AlTlCl4,mp-567716,4.7337,4.0009,-0.7328,-1.8364759055555577,11.0411,Penn_Model_Calculated,4.917189531039967
AlTlF4,mp-3751,4.433300000000001,5.2944,0.8611,-3.279988280555536,28.943462623333343,MP_DFPT_API,4.664813662538206
AlTlI4,mp-607829,3.4463999999999997,4.0812,0.6348,-0.9711981497222221,19.9431,Penn_Model_Calculated,3.6645468193376725
AlTlS2,mp-985477,2.4431,5.6182,3.1751,-1.1383049477083342,38.6964,Penn_Model_Calculated,2.682078603632254
AlTlSe2,mp-863762,1.6529999999999996,4.2829,2.6299,-0.9003726551562501,83.3449,Penn_Model_Calculated,1.903846377946711
AlTlSi3O8,mp-1228177,4.586309931401425,5.858508857020847,1.2721989256194213,-3.082131854102565,11.6968,Penn_Model_Calculated,4.774151952377386
AlTlSiO4,mp-1228209,4.081057349688355,4.865657124304688,0.7845997746163329,-2.9007873485714306,14.5094,Penn_Model_Calculated,4.2831064057842925
AlVMoO7,mp-20014,2.3303,2.1468,-0.1835,-2.4600990815,42.4342,Penn_Model_Calculated,2.5712299819559297
AlVO4,mp-18827,3.0572000000000004,4.174,1.1168,-2.7968212494444447,25.0733,Penn_Model_Calculated,3.2841419466780666
AlWO4,mp-1182867,2.9802999999999997,7.0557,4.0754,-2.682709359999999,20.151442235315713,MP_DFPT_API,3.1988912361887927
As(BrF2)3,mp-28159,1.6272,-0.2236,-1.8508,-1.668066714250001,85.9769,Penn_Model_Calculated,1.878361252143312
As(IF2)3,mp-27445,1.3559999999999999,1.1881,-0.1679,-1.726457208250001,123.3667,Penn_Model_Calculated,1.6101831891820462
As(IF3)2,mp-558244,0.5409,0.4827,-0.0582,-1.9122784219444446,150.0,Penn_Model_Calculated,0.7963169977268191
As(S8I)3,mp-30934,2.0753,1.9858,-0.0895,-0.4950714922321424,53.2421,Penn_Model_Calculated,2.320330909737807
As2(SO4)3,mp-28005,4.5725,3.9851,-0.5874,-1.668678688529412,11.7616,Penn_Model_Calculated,4.760745809094539
As2HPbF13,mp-758957,4.5838,1.9639,-2.6199,-2.4215148007352942,11.7086,Penn_Model_Calculated,4.771715883130725
As2Ir,mp-15649,0.8155000000000001,7.1933,6.3778,-0.5710728491666686,28.905888466666667,MP_DFPT_API,1.046975162209954
As2O3,mp-1582,3.9605,4.224,0.2635,-1.626348611000001,6.477689456666667,MP_DFPT_API,4.089291829949771
As2O5,mp-1788,1.426,2.6275,1.2015,-1.5575100871428569,111.648,Penn_Model_Calculated,1.679453828176917
As2Os,mp-2455,0.6584000000000003,6.9076,6.2492,-0.30389278500000216,34.56743802666667,MP_DFPT_API,0.8947324495685895
As2P2S7,mp-540883,2.6386,3.404,0.7654,-0.23662250460362538,33.3173,Penn_Model_Calculated,2.874001914011446
As2Pb(XeF6)3,mp-557799,2.5768,-1.0055,-3.5823,-1.8924177997916667,34.8861,Penn_Model_Calculated,2.8133589779523147
As2Pb2O5,mp-505465,2.9362000000000004,5.6542,2.718,-1.6396678047222224,27.0982,Penn_Model_Calculated,3.165696786277223
As2Pb3O8,mp-505368,3.3141000000000003,6.2682,2.9541,-1.733542170769229,21.4857,Penn_Model_Calculated,3.535333012835886
As2Pb8O13,mp-31107,2.0589999999999997,5.7284,3.6694,-1.6346581719565227,54.0725,Penn_Model_Calculated,2.3042781776226073
As2PbO4,mp-28537,2.8461999999999996,4.8179,1.9717,-1.6461216960714293,28.7748,Penn_Model_Calculated,3.0775400552112466
As2PbO6,mp-20015,2.1424,5.6609,3.5185,-1.7332001416666651,19.878653479997457,MP_DFPT_API,2.360407461358385
As2S2O9,mp-27739,4.0514,3.8878,-0.1636,-1.6795332463461556,14.7079,Penn_Model_Calculated,4.254246449040061
As2S3,mp-1189572,1.9873,3.4769,1.4896,-0.15650999518749842,57.9712,Penn_Model_Calculated,2.2336443884237633
As2SO6,mp-27230,4.417199999999999,4.6229,0.2057,-1.684100125833333,11.676451596666666,MP_DFPT_API,4.604914299364532
As2Se3,mp-909,1.4421,2.9608,1.5187,-0.13948285393749985,10.408760983333332,MP_DFPT_API,1.6208726969608085
As3(HO2)5,mp-27404,3.0665999999999998,2.5805,-0.4861,-1.456309445486112,6.631688356666668,MP_DFPT_API,3.198464991458282
As3HO6,mp-626378,3.5542,3.7807,0.2265,-1.5759993306249995,8.244084286666668,MP_DFPT_API,3.711347325207278
As3Pb5ClO12,mp-566301,3.1835,6.0232,2.8397,-1.7248922005952378,23.201,Penn_Model_Calculated,3.4076828352782087
As3Pb5O12F,mp-1214667,3.2963999999999998,6.0211,2.7247,-1.8242185589285715,21.7063,Penn_Model_Calculated,3.51803850475051
AsAuO4,mp-1095378,1.8541,1.5417,-0.3124,-1.1649706479166664,6.411524053333333,MP_DFPT_API,1.9815261102818256
AsBr3,mp-23317,3.136,1.0787,-2.0573,-0.8603133868750001,23.8787,Penn_Model_Calculated,3.3612314889977397
AsBrOF8,mp-1229049,3.1609076728104353,-0.1964925620739442,-3.3574002348843797,-1.8304608165909093,23.5195,Penn_Model_Calculated,3.3855908727700315
AsCl3,mp-23280,3.9981,2.0151,-1.983,-1.1747891150000007,3.3035076333333335,MP_DFPT_API,3.9997324618239585
AsCl5,mp-30106,1.4571999999999998,-0.5415,-1.9987,-0.9489735712499995,3.0690930433333325,MP_DFPT_API,1.4571999999999998
AsClF8,mp-27926,3.3906,-0.0714,-3.462,-1.8536977877500007,20.5717,Penn_Model_Calculated,3.6100602995267383
AsClOF8,mp-1201143,2.8596,-0.1953,-3.0549,-1.771353873409091,28.5152,Penn_Model_Calculated,3.090668831314208
AsF3,mp-28027,5.365500000000001,2.8553,-2.5102,-2.4719516212500006,5.236080926666666,MP_DFPT_API,5.462910581819647
AsF5,mp-8723,4.628,-0.0275,-4.6555,-2.3866107912500003,2.3539243366567337,MP_DFPT_API,4.628
AsH3OF6,mp-1191113,6.1476,2.6205,-3.5271,-2.054124193295455,6.9535,Penn_Model_Calculated,6.285447539354509
AsHPbO4,mp-1228828,3.118291041493801,4.901062267600866,1.7827712261070654,-1.6462676583928564,14.673179563333335,MP_DFPT_API,3.3209995721125947
AsI3,mp-23218,2.246,3.1408,0.8948,-0.4786431393749986,12.118778857222871,MP_DFPT_API,2.436393998037255
AsI5F6,mp-31020,1.4099,1.6044,0.1945,-1.4460987918749992,114.1894,Penn_Model_Calculated,1.663524714885971
AsIF12,mp-555340,0.6263999999999998,-1.9712,-2.5976,-2.020414571607144,150.0,Penn_Model_Calculated,0.881816997726819
AsIrS,mp-1228823,1.8630042236199813,8.604202188999519,6.741197965379538,-0.6990057559375012,19.4780891,MP_DFPT_API,2.0801248332531252
AsIrSe,mp-1228810,1.469913351132882,7.519511140626312,6.04959778949343,-0.6227897146874994,21.924042940000003,MP_DFPT_API,1.6919440938572523
AsKrF7,mp-30010,2.4572000000000003,-1.291,-3.7482,-1.739664906851852,38.265,Penn_Model_Calculated,2.695928845373002
AsN(OF3)2,mp-1182477,2.7441999999999998,-0.2031,-2.9473,-1.8895761412500007,30.878,Penn_Model_Calculated,2.977569284377593
AsN2F7,mp-685810,3.5131,0.6978,-2.8153,-1.5350483948500004,19.2306,Penn_Model_Calculated,3.7296542022666137
AsOsS,mp-1214793,1.1797837602870054,7.91287877371925,6.733095013432244,-0.4433881434374977,25.209281676666667,MP_DFPT_API,1.406910132233073
AsOsSe,mp-1214784,1.0526999999999997,7.1354,6.0827,-0.31358364552083157,150.0,Penn_Model_Calculated,1.3081169977268188
AsPO4,mp-8140,4.576,5.4098,0.8338,-2.1989691011904764,11.7451,Penn_Model_Calculated,4.76414341549289
AsPO5,mp-14367,2.0204,3.7925,1.7721,-2.0644147453061215,8.811555196666667,MP_DFPT_API,2.1842440216552155
AsPbF7,mp-29992,4.1849,3.4588,-0.7261,-2.5576105297222207,13.8473,Penn_Model_Calculated,4.384124039312159
AsRhS,mp-1228745,1.2237127817660998,7.259609751879516,6.035896970113416,-0.7312312184375026,23.659032860000007,MP_DFPT_API,1.4486109445814932
AsRhSe,mp-1228724,0.913775863082642,6.385564168856044,5.471788305773402,-0.6661096080208324,27.001620869999996,MP_DFPT_API,1.143159496636919
AsRuS,mp-1214786,0.9150875111224526,7.478104871427981,6.563017360305529,-0.5928599442708323,28.432855126666663,MP_DFPT_API,1.1460692758194855
AsS,mp-542810,1.9611000000000003,3.0304,1.0693,-0.15958055890624934,59.5037,Penn_Model_Calculated,2.207825240406406
AsS(IF3)2,mp-557628,1.1714,1.1172,-0.0542,-1.7904170097500072,150.0,Penn_Model_Calculated,1.426816997726819
AsSe,mp-542570,1.3679999999999999,2.7967,1.4287,-0.11949234390624852,121.2293,Penn_Model_Calculated,1.6220606733371883
AsSe6IF6,mp-23569,1.5707,1.6126,0.0419,-1.2852244365401784,92.2003,Penn_Model_Calculated,1.8225342684681245
AsXe2BrOF12,mp-1199259,2.6125000000000007,-1.571,-4.1835,-1.4803310813235295,33.9663,Penn_Model_Calculated,2.848393544327695
AsXe2F9,mp-1182721,1.6347,-3.2231,-4.8578,-1.6175037602083338,85.1989,Penn_Model_Calculated,1.8857702030077956
AsXeF11,mp-554379,2.0241000000000002,-2.3467,-4.3708,-1.5430099536538462,55.9185,Penn_Model_Calculated,2.2699015511280227
AsXeF7,mp-27750,2.869915675287731,-1.7046882238141694,-4.5746038991019,-1.8941146358333338,28.3177,Penn_Model_Calculated,3.1007748325437934
Au2O3,mp-27253,0.8519999999999999,2.8253,1.9733,-0.45785339499999866,10.461145949863253,MP_DFPT_API,1.031185117582857
Au2S,mp-947,1.9091,3.2218,1.3127,-0.11834182593750124,7.154380066666664,MP_DFPT_API,2.0504091114119474
Au2Se3O10,mp-559824,0.9594,0.8773,-0.0821,-0.9060576431354188,150.0,Penn_Model_Calculated,1.214816997726819
Au2Se4O11,mp-27441,1.4450999999999998,1.7125,0.2674,-0.9884635352573483,108.7424,Penn_Model_Calculated,1.6983486656853906
Au3F8,mp-17407,0.5426,-0.9494,-1.492,-1.2847720513636363,150.0,Penn_Model_Calculated,0.7980169977268191
AuBr,mp-505366,1.6982000000000002,2.1966,0.4984,-0.40299109374999986,5.374008566666666,MP_DFPT_API,1.7998126065114923
AuBr3,mp-27213,0.7908000000000001,-0.4002,-1.191,-0.5569912124999998,150.0,Penn_Model_Calculated,1.046216997726819
AuBrF6,mp-30159,1.9482,-0.4182,-2.3664,-1.29598652625,4.239977436666666,MP_DFPT_API,2.0071472797695016
AuCl,mp-32780,1.9094,2.5139,0.6045,-0.5222131774999998,4.845268920012355,MP_DFPT_API,1.9936050571499795
AuCl2,mp-541656,0.9093,0.4286,-0.4807,-0.659913795833336,150.0,Penn_Model_Calculated,1.164716997726819
AuCl3,mp-27647,1.3606,-0.2944,-1.655,-0.7200519868749997,3.928998663333333,MP_DFPT_API,1.403544430340726
AuF3,mp-942,1.9103,0.7235,-1.1868,-1.3183023729166674,4.880381546666667,MP_DFPT_API,1.9957779846110817
AuF5,mp-30103,0.7890000000000001,-2.6344,-3.4234,-1.128096912500001,150.0,Penn_Model_Calculated,1.0444169977268192
AuI,mp-27725,2.0942,3.307,1.2128,-0.2658664062499998,5.090517643333333,MP_DFPT_API,2.1869289684451876
AuN5O14,mp-560745,1.9901,0.5331,-1.457,-0.6861960044999996,57.811,Penn_Model_Calculated,2.236403410331209
AuS3(O3F)3,mp-560021,1.5564,-0.4977,-2.0541,-1.64650157578125,93.8838,Penn_Model_Calculated,1.808400994005677
AuSCl5,mp-28192,1.7517999999999998,0.6627,-1.0891,-0.689631724642857,74.3185,Penn_Model_Calculated,2.0013971243481787
AuSCl7,mp-556587,1.8191,0.9528,-0.8663,-0.7188993944444427,68.9938,Penn_Model_Calculated,2.0678068986179956
AuSO4,mp-30003,1.65,0.8501,-0.7999,-1.3132958118749993,83.6446,Penn_Model_Calculated,1.900883231706756
AuSeCl7,mp-28372,1.7274,0.4335,-1.2939,-0.8000586699826376,76.4044,Penn_Model_Calculated,1.9773120370502548
AuXe2F17,mp-644828,1.3692000000000002,-2.4766,-3.8458,-0.9178797719999998,121.0186,Penn_Model_Calculated,1.6232483616715323
B,mp-160,1.4332000000000003,7.4968,6.0636,0.0,9.52007649666667,MP_DFPT_API,1.6042845774756764
B(HO)3,mp-23791,6.0704,3.1974,-2.873,-1.8541745575595188,7.1059,Penn_Model_Calculated,6.210891618287763
B10(Pb2O7)3,mp-27184,3.259,6.0134,2.7544,-2.4587422901801794,22.1843,Penn_Model_Calculated,3.481489463220397
B2Mo(PbO2)6,mp-1196917,2.4454692184117044,5.701835222988345,3.2563660045766407,-1.973493511111109,38.6234,Penn_Model_Calculated,2.6844059509995373
B2O3,mp-306,6.305000000000001,5.8551,-0.4499,-2.798056310000001,4.803695356649705,MP_DFPT_API,6.387673843096332
B2Pb2S5,mp-662553,1.6623999999999999,6.2546,4.5922,-0.7674925912037038,82.4163,Penn_Model_Calculated,1.9131304872602217
B2Pb4O7,mp-1203040,2.5254,5.5941,3.0687,-2.0464207906410246,36.2795,Penn_Model_Calculated,2.7629027651701406
B2Pb6SO12,mp-553930,2.7033000000000005,5.6946,2.9913,-1.977821851349205,31.7889,Penn_Model_Calculated,2.9374648170823265
B2S2O9,mp-1019509,6.6956,6.6708,-0.0248,-2.0888062644871797,5.12768886,MP_DFPT_API,6.78954974214335
B2S3,mp-1199451,2.5263999999999998,6.577,4.0506,-0.7347956917266665,36.2516,Penn_Model_Calculated,2.763884579566125
B2Se2O7,mp-558521,3.9417999999999997,4.524,0.5822,-1.9039577320928023,6.447793860000001,MP_DFPT_API,4.069978226268095
B2Se3O10,mp-1194590,3.738,3.7767,0.0387,-1.6545368825243059,17.1029,Penn_Model_Calculated,3.9490084584715275
B3H4NO5,mp-1200137,6.5368,7.0658,0.529,-1.9233934321153863,6.2657,Penn_Model_Calculated,6.661114320201271
B3Pb3NO10,mp-1200969,3.4029,5.4456,2.0427,-2.025612645882354,20.4305,Penn_Model_Calculated,3.622072296190664
B4C,mp-1238815,3.2421999999999995,8.347,5.1048,-0.13057265133333354,22.4044,Penn_Model_Calculated,3.4650690866378815
B4PbO7,mp-9747,4.209300000000001,8.7291,4.5198,-2.6473397413889153,17.249810543333332,MP_DFPT_API,4.420735343455434
B5H12NO12,mp-703444,5.5022,3.3632,-2.139,-1.8321827448611117,8.4321,Penn_Model_Calculated,5.661665936647729
B5H4NO8,mp-1196660,5.7298,4.7895,-0.9403,-2.171494176296297,7.8534,Penn_Model_Calculated,5.88177438090654
B5H7,mp-706630,3.5551,1.1904,-2.3647,-0.09526462864583311,18.8024,Penn_Model_Calculated,3.7706390000900707
B5Pb2BrO9,mp-23623,3.4053000000000004,5.3981,1.9928,-2.5046800976960775,20.4031,Penn_Model_Calculated,3.6244159470355535
B5Pb2ClO9,mp-557103,3.4890000000000003,5.4015,1.9125,-2.528180391225491,19.4833,Penn_Model_Calculated,3.706132380701247
B6As,mp-624,2.6463,7.1108,4.4645,-0.20918894107142855,8.076403676648807,MP_DFPT_API,2.8012884158757823
B6H10N,mp-31064,5.6556,2.9186,-2.737,-0.27971710919117626,8.0344,Penn_Model_Calculated,5.810033499120227
B6O,mp-1346,1.8563999999999998,6.9422,5.0858,-0.805272605000001,6.400912510000011,MP_DFPT_API,1.983604450253589
B6P,mp-28395,2.4817,7.6493,5.1676,-0.3262236497108851,7.820676856652011,MP_DFPT_API,2.6332176452111042
B8H4PbO15,mp-1200630,4.763299999999999,4.9045,0.1412,-2.4485756311011895,10.9167,Penn_Model_Calculated,4.945904764560026
B9H11,mp-29654,2.9118,0.8748,-2.037,-0.09809325075000004,27.5375,Penn_Model_Calculated,3.1418014571600588
B9Pb8O21F,mp-1182634,3.4333000000000005,6.0669,2.6336,-2.368490273141025,20.0879,Penn_Model_Calculated,3.6517566706619036
BAs5(Pb3O10)2,mp-622018,2.9397,4.7632,1.8235,-1.8199804048958335,27.0361,Penn_Model_Calculated,3.1691241223089377
BAsO4,mp-3277,4.282,4.2201,-0.0619,-2.130445326111111,5.79938843333377,MP_DFPT_API,4.39531321311286
BBr3,mp-23225,3.8356000000000003,0.9656,-2.87,-0.9275074260416662,2.371682143349396,MP_DFPT_API,3.8356000000000003
BCl(OF2)2,mp-557856,1.9592,-1.1555,-3.1147,-1.9474560555208336,9.494184796667293,MP_DFPT_API,2.13003900796382
BCl3,mp-23184,4.7211,1.7685,-2.9526,-1.4336250847916658,2.1952198533407725,MP_DFPT_API,4.7211
BClF6,mp-23398,3.3471,-0.0219,-3.369,-2.0549925302083327,4.3000482600000005,MP_DFPT_API,3.4088717611009605
BH(PbO2)2,mp-1105235,3.0854,4.9333,1.8479,-1.9099985425520831,24.6352,Penn_Model_Calculated,3.311733926960767
BH2OF3,mp-707009,7.567699999999999,3.2657,-4.302,-2.3875311930952385,3.537728866666667,MP_DFPT_API,7.586513064839742
BH3OF4,mp-696379,7.668699999999999,3.73,-3.9387,-2.285626169768518,4.313198446666667,MP_DFPT_API,7.731079575728002
BH4NF4,mp-720391,7.481199999999999,3.8552,-3.626,-1.9334264341666667,6.216545566666667,MP_DFPT_API,7.604432497788642
BH4O2F3,mp-696656,7.0689,3.7359,-3.333,-2.0667254129166666,4.276518533333333,MP_DFPT_API,7.129574865756176
BH5(OF2)2,mp-1196968,7.264003728302118,3.6210029695308963,-3.643000758771222,-2.0387680714930556,5.2641,Penn_Model_Calculated,7.362285745698558
BHO2,mp-1198592,7.1898,5.8645,-1.3253,-2.2581275661458338,5.3526,Penn_Model_Calculated,7.290774583346902
BHS3O11,mp-1200187,5.696299999999999,4.6812,-1.0151,-1.7841082242447914,7.9342,Penn_Model_Calculated,5.8493860166391585
BI3,mp-23189,2.6901,1.9891,-0.701,-0.3473448510416679,2.93814651666272,MP_DFPT_API,2.6901
BN,mp-604884,4.422000000000001,6.243,1.821,-1.4129789931250016,5.092234733341016,MP_DFPT_API,4.514785753584875
BN(OF2)2,mp-555207,3.0020000000000002,-0.0612,-3.0632,-2.098217240208334,4.574556953333334,MP_DFPT_API,3.0757349161983423
BNF8,mp-4674,2.9979,0.0989,-2.899,-1.7521137324166667,3.9710634533333327,MP_DFPT_API,3.0431556542243543
BP,mp-1479,1.2435999999999998,8.6548,7.4112,-0.4833042952380957,9.272071146925382,MP_DFPT_API,1.4122760264299434
BP(PbO2)4,mp-1201606,3.0004999999999997,6.6804,3.6799,-2.1429316931292512,25.9917,Penn_Model_Calculated,3.2286500322336673
BPBr6,mp-1201622,3.1463,2.2929,-0.8534,-0.8719709132886901,23.7291,Penn_Model_Calculated,3.3713051540345207
BPH4NO4F,mp-1195775,5.822624664282443,5.283824463133651,-0.5388002011487922,-1.8902104003174607,7.6366,Penn_Model_Calculated,5.9715001027040016
BPO4,mp-3589,7.2637,7.6056,0.3419,-2.76428254563492,4.911909256655534,MP_DFPT_API,7.35030544246175
BPPbO5,mp-21266,4.2593000000000005,7.4225,3.1632,-2.546615575267857,26.061241773425575,MP_DFPT_API,4.487538041412761
BPS4,mp-27724,2.2760000000000002,2.5891,0.3131,-0.6453724256349194,4.060339379999938,MP_DFPT_API,2.3260021948706173
BPb2O3F,mp-1202733,3.1984,5.593,2.3946,-2.266755205357142,22.9946,Penn_Model_Calculated,3.4222511783080094
BS2,mp-540668,2.5564,2.8279,0.2715,-0.7289695282638883,35.429,Penn_Model_Calculated,2.7933355261084682
BSBr,mp-27245,3.6628000000000003,1.6143,-2.0485,-0.8584036427777764,17.7709,Penn_Model_Calculated,3.875692581607022
BSF7,mp-27349,4.9968,1.9826,-3.0142,-2.5228999101851812,4.2068393933333335,MP_DFPT_API,5.054154633299472
BSbPbS4,mp-1228703,2.1522,5.1875,3.0353,-0.6995956877380937,49.5755,Penn_Model_Calculated,2.396040070177644
BSe2,mp-1214789,2.0305,2.7449,0.7144,-0.19495705187499843,55.5728,Penn_Model_Calculated,2.276206185123684
BTe3(OF5)3,mp-561226,3.7899,0.863,-2.9269,-2.342937947916667,16.6649,Penn_Model_Calculated,3.9995910706586364
Ba(Ag3O2)2,mp-27286,1.2579999999999996,5.1964,3.9384,-0.8302840465909082,143.1743,Penn_Model_Calculated,1.5131445376540342
Ba(AgTe)2,mp-18501,0.6733000000000002,4.3771,3.7038,-0.9527258868333288,20.527124150000002,MP_DFPT_API,0.892669806869435
Ba(AlCl4)2,mp-30023,5.3891,3.6171,-1.772,-2.2955715468181803,8.7473,Penn_Model_Calculated,5.5522293712093065
Ba(AlS2)2,mp-14246,3.6517000000000004,6.0719,2.4202,-1.7547655198809493,17.873,Penn_Model_Calculated,3.8648681509260725
Ba(AlSe2)2,mp-1228740,3.5582,4.8084,1.2502,-1.5790870441964253,18.7714,Penn_Model_Calculated,3.7736637055055033
Ba(AlTe2)2,mp-28505,1.5444,4.5317,2.9873,-1.1404904002380931,10.517658443333332,MP_DFPT_API,1.7240254271731175
Ba(AsO3)2,mp-1105233,3.6892000000000005,4.7765,1.0873,-2.1889861894444445,17.5317,Penn_Model_Calculated,3.901434409124141
Ba(AuF4)2,mp-28719,2.4882,0.2259,-2.2623,-2.20941216272727,6.430311596666667,MP_DFPT_API,2.6160167610660765
Ba(AuF6)2,mp-558168,1.5741999999999998,-2.0421,-3.6163,-1.7868542074999993,91.7952,Penn_Model_Calculated,1.8259932365389901
Ba(AuO2)2,mp-9297,1.4498000000000002,3.4548,2.005,-1.4456367814285715,10.85442296,MP_DFPT_API,1.631954215751354
Ba(BH)12,mp-1203559,6.285,3.6934,-2.5916,-0.4501258381999992,6.696,Penn_Model_Calculated,6.418106535277723
Ba(BH4)2,mp-2647015,5.6574,2.67,-2.9874,-0.5125113818939394,8.0299,Penn_Model_Calculated,5.811773704663193
Ba(BO2)2,mp-540659,4.522399999999999,4.5379,0.0155,-3.0969251626190455,7.6094805299653645,MP_DFPT_API,4.670875366433437
Ba(BS2)2,mp-30126,2.7224000000000004,4.9111,2.1887,-1.273449396190475,9.88723738333333,MP_DFPT_API,2.8968284753865654
Ba(BSe3)2,mp-570823,1.7096,3.8484,2.1388,-0.8903812985995359,77.9828,Penn_Model_Calculated,1.9597391343013915
Ba(BeN)2,mp-12927,1.1789999999999998,3.8185,2.6395,-1.1079637560000002,15.396925793356365,MP_DFPT_API,1.3844547805873293
Ba(BiS2)2,mp-1228976,1.2535000000000003,4.7422,3.4887,-1.1780212901587273,144.197,Penn_Model_Calculated,1.5086870034199857
Ba(BrF4)2,mp-1190125,3.2254,1.87,-1.3554,-2.1041295709090893,22.6279,Penn_Model_Calculated,3.4486470171519725
Ba(BrO3)2,mp-554626,4.1924,3.5831,-0.6093,-1.1678331411111118,7.549954473333334,MP_DFPT_API,4.33998714802532
Ba(CdP)2,mp-8279,0.6823000000000001,3.604,2.9217,-0.5651984778571411,24.388376983341193,MP_DFPT_API,0.9082817518471671
Ba(ClO4)2,mp-1190390,5.4454,5.6741,0.2287,-1.1106988154545456,10.318931396666665,MP_DFPT_API,5.6234557324818715
Ba(CuO)2,mp-7374,1.3862999999999999,4.398,3.0117,-1.6165886499999942,15.620517196643993,MP_DFPT_API,1.5925517426988578
Ba(CuS)2,mp-5970,0.9052000000000007,6.0772,5.172,-1.126581507999994,150.0,Penn_Model_Calculated,1.1606169977268197
Ba(DyS2)2,mp-1193410,1.743543177159915,4.278627622850913,2.5350844456909982,-2.4205534197619007,75.0146,Penn_Model_Calculated,1.9932473402263031
Ba(DySe2)2,mp-1193797,1.3769962106956641,3.6353678999996997,2.2583716893040355,-2.23995193467262,119.6635,Penn_Model_Calculated,1.6309643547940598
Ba(DyTe2)2,mp-17927,0.7862,4.5064,3.7202,-1.7788461139285698,150.0,Penn_Model_Calculated,1.041616997726819
Ba(ErS2)2,mp-1192439,1.7287014625258745,4.352042896149425,2.6233414336235503,-2.4248126207142846,76.2909,Penn_Model_Calculated,1.9785968072541582
Ba(ErSe2)2,mp-1192805,1.3673008940973936,3.646342433041401,2.2790415389440075,-2.236903161696428,121.3523,Penn_Model_Calculated,1.6213687348322552
Ba(ErTe2)2,mp-17928,0.7848999999999995,4.5531,3.7682,-1.7678313220238075,150.0,Penn_Model_Calculated,1.0403169977268185
Ba(FeBr4)2,mp-568396,0.9257000000000001,-0.394,-1.3197,-1.3798732248863634,150.0,Penn_Model_Calculated,1.181116997726819
Ba(FeO2)2,mp-19154,1.7417999999999998,2.9069,1.1651,-2.089097835714285,12.973347430052897,MP_DFPT_API,1.936853591286664
Ba(GaAs)2,mp-1183302,1.2171000000000003,4.0476,2.8305,-0.6460903610000003,23.95604088666666,MP_DFPT_API,1.4424473921962526
Ba(GaO2)2,mp-1228877,3.022,3.3326,0.3106,-2.61306689,25.6373,Penn_Model_Calculated,3.249694101633202
Ba(GaP)2,mp-1105728,1.3569999999999998,4.6914,3.3344,-0.6553651958571421,22.140177843333333,MP_DFPT_API,1.5794124541471375
Ba(GaS2)2,mp-849286,2.9073,4.7361,1.8288,-1.46166345607143,27.6197,Penn_Model_Calculated,3.1373941060776165
Ba(GaSe2)2,mp-7841,1.8607,2.8493,0.9886,-1.36306374919643,10.211674790000004,MP_DFPT_API,2.037883154295898
Ba(GaTe2)2,mp-38117,0.5273999999999996,3.2278,2.7004,-1.025832131666665,13.477721629992638,MP_DFPT_API,0.7249264330770713
Ba(GdSe2)2,mp-1194410,1.225643741305177,3.327000201809907,2.10135646050473,-2.2541988656249967,150.0,Penn_Model_Calculated,1.481060739031996
Ba(GdTe2)2,mp-1182773,0.7584412560855691,4.286100058925619,3.52765880284005,-1.8094751830952396,150.0,Penn_Model_Calculated,1.0138582538123881
Ba(GeP)2,mp-27809,0.5244,4.7284,4.204,-0.5029075863571428,22.016434886666662,MP_DFPT_API,0.746594831350133
Ba(H8O5)2,mp-626268,3.904,3.3521,-0.5519,-1.3962899307407408,15.7626,Penn_Model_Calculated,4.110746429419794
Ba(HO)2,mp-626973,4.577,4.6671,0.0901,-2.0572135710000006,11.7404,Penn_Model_Calculated,4.765114196163466
Ba(HoS2)2,mp-1193583,1.7395482343926645,4.318487261187263,2.5789390267945986,-2.4201392932142816,75.3549,Penn_Model_Calculated,1.9893040054143611
Ba(HoTe2)2,mp-17273,0.7850000000000001,4.5126,3.7276,-1.7708586570238103,150.0,Penn_Model_Calculated,1.0404169977268192
Ba(IO3)2,mp-30991,3.5435999999999996,4.5709,1.0273,-1.546153766666666,10.40277145,MP_DFPT_API,3.7223252774693063
Ba(InS2)2,mp-21943,2.743,4.9182,2.1752,-1.3637427638690462,30.9041,Penn_Model_Calculated,2.9763927313754315
Ba(InSe2)2,mp-21766,1.687,3.5558,1.8688,-1.3021457886011905,80.0592,Penn_Model_Calculated,1.9374242446288399
Ba(InTe2)2,mp-21183,0.9642,4.0911,3.1269,-1.0176882935714266,12.840168250000003,MP_DFPT_API,1.1585682205256422
Ba(LuS2)2,mp-984052,1.7448000000000001,4.3384,2.5936,-2.415832439761902,74.908,Penn_Model_Calculated,1.9944879002707567
Ba(LuSe2)2,mp-1192674,1.3816060777029233,3.6712348418231673,2.289628764120244,-2.217454517529764,118.8729,Penn_Model_Calculated,1.6355265760422464
Ba(LuTe2)2,mp-1192634,1.1266000000000003,4.838,3.7114,-1.7377892467857141,150.0,Penn_Model_Calculated,1.3820169977268193
Ba(MgAs)2,mp-8280,1.0689000000000002,3.6694,2.6005,-0.928578429000002,17.001837113333597,MP_DFPT_API,1.2796105121069452
Ba(MgP)2,mp-8278,1.1366,4.1006,2.964,-0.9180718758571423,16.31787536666531,MP_DFPT_API,1.3451970992298599
Ba(MgSb)2,mp-9567,0.8466,4.2667,3.4201,-0.8334507839999983,17.36573706000025,MP_DFPT_API,1.0583670982708564
Ba(NO3)2,mp-4396,3.6327000000000003,2.6173,-1.0154,-1.5901765722222234,18.05,Penn_Model_Calculated,3.846338489506579
Ba(NbN2)2,mp-1029502,2.1708,4.3416,2.1708,-1.1048468960714284,24.04063042333334,MP_DFPT_API,2.396273304377575
Ba(NdS2)2,mp-866306,1.6426000000000003,4.3601,2.7175,-2.3756840785714255,84.3909,Penn_Model_Calculated,1.89357386586671
Ba(PN2)2,mp-2983,3.9118000000000004,8.6547,4.7429,-1.0379808983503402,15.7038,Penn_Model_Calculated,4.118342792408196
Ba(PO3)2,mp-559939,5.4349,6.3048,0.8699,-2.9809590779761885,8.6173,Penn_Model_Calculated,5.596550909376129
Ba(PdS2)2,mp-28967,0.7713999999999999,3.8181,3.0467,-1.1246288721428581,17.04833398,MP_DFPT_API,0.9822480295824683
Ba(SbO3)2,mp-9127,2.8701000000000003,4.7438,1.8737,-2.376879317777779,9.935126326665435,MP_DFPT_API,3.0449464009137186
Ba(SbS2)2,mp-28129,1.4872999999999998,5.2778,3.7905,-1.1204724087499969,102.7151,Penn_Model_Calculated,1.7400860699757563
Ba(SbSe2)2,mp-4727,0.9964999999999997,4.2855,3.289,-1.0657434291964287,150.0,Penn_Model_Calculated,1.2519169977268187
Ba(Si3N4)2,mp-567771,3.2602,8.9312,5.671,-1.3135101953333332,11.457967353333332,MP_DFPT_API,3.4465143457136502
Ba(SmS2)2,mp-1194376,1.7591812128362814,4.141416375123278,2.3822351622869964,-2.3977629025000016,73.7045,Penn_Model_Calculated,2.0086822446981287
Ba(SmSe2)2,mp-1193757,1.4345622629628227,3.471927203941564,2.0373649409787413,-2.236313439196427,110.3311,Penn_Model_Calculated,1.6879244446360806
Ba(SmTe2)2,mp-17786,0.7957000000000001,4.3216,3.5259,-1.7951484220238112,150.0,Penn_Model_Calculated,1.051116997726819
Ba(TaN2)2,mp-1029616,2.6931,4.8797,2.1866,-1.2803639788809522,18.704474856666668,MP_DFPT_API,2.908400302844154
Ba(TbS2)2,mp-1193223,1.7410087561763277,4.2766933959372855,2.535684639760958,-2.4209132394047606,75.2302,Penn_Model_Calculated,1.9907456701052126
Ba(TbTe2)2,mp-17153,0.7858999999999998,4.4853,3.6994,-1.7869481571428543,150.0,Penn_Model_Calculated,1.0413169977268188
Ba(TmS2)2,mp-1193579,1.7466582886164321,4.357102831293968,2.610444542677536,-2.4218725789285735,74.7508,Penn_Model_Calculated,1.9963221219682987
Ba(TmSe2)2,mp-1193169,1.3806571626831454,3.651018818773073,2.2703616560899276,-2.2295602724107177,119.035,Penn_Model_Calculated,1.634587481610209
Ba(TmTe2)2,mp-18196,0.7841,4.5686,3.7845,-1.7554992477380975,150.0,Penn_Model_Calculated,1.039516997726819
Ba(YS2)2,mp-29036,1.7564000000000006,4.3691,2.6127,-2.415136379285715,73.9349,Penn_Model_Calculated,2.005937277101861
Ba(YSe2)2,mp-1193099,1.4872371426874658,3.7545295181700387,2.267292375482573,-2.2407600224107145,102.7237,Penn_Model_Calculated,1.740023911386969
Ba(YTe2)2,mp-17872,0.8059000000000003,4.5437,3.7378,-1.7877629020238095,150.0,Penn_Model_Calculated,1.0613169977268193
Ba10P6SO24,mp-16990,3.188,5.2157,2.0277,-3.2603540257404173,23.1384,Penn_Model_Calculated,3.4120828706617763
Ba11B26P2(H3O29)2,mp-1195112,4.492699999999999,5.6732,1.1805,-2.9255881093215446,12.1472,Penn_Model_Calculated,4.683259505847618
Ba13Ca2Re9(ClO15)3,mp-1229338,2.4046,3.4871,1.0825,-2.7556332159374994,39.9132,Penn_Model_Calculated,2.644253977244966
Ba13Dy8Zn4Pt4O37,mp-555356,2.2975000000000003,4.9316,2.6341,-2.8347090289141406,43.6257,Penn_Model_Calculated,2.5389817386597904
Ba13Si6(Sn4As11)2,mp-1197065,1.1015000000000001,4.7492,3.6477,-0.6772965139795933,150.0,Penn_Model_Calculated,1.3569169977268192
Ba14AlSb11,mp-530714,0.5247999999999999,3.8762,3.3514,-1.111051576442307,150.0,Penn_Model_Calculated,0.7802169977268191
Ba16Nb5N19,mp-30001,1.6979000000000002,4.2693,2.5714,-1.0177903553749998,26.694771386666673,MP_DFPT_API,1.9269186936491864
Ba16Re6O37,mp-1197806,1.5967000000000002,3.4719,1.8752,-2.7922751738983056,89.2543,Penn_Model_Calculated,1.8482273780990803
Ba17Er16Zn8Pt4O57,mp-561249,2.3049,4.9207,2.6158,-3.003902968480391,43.3524,Penn_Model_Calculated,2.54625786012003
Ba17Ho16Zn8Pt4O57,mp-555188,2.2984000000000004,4.9012,2.6028,-2.994306925637253,43.5923,Penn_Model_Calculated,2.539866682775308
Ba17Tm16Zn8Pt4O57,mp-557741,2.3147,4.9081,2.5934,-3.0142126382843153,42.9946,Penn_Model_Calculated,2.555893299741521
Ba17Y16Zn8Pt4O57,mp-560146,2.2817,4.9661,2.6844,-2.9625890801470596,44.2181,Penn_Model_Calculated,2.5234449984695733
Ba21(Cd2Sb9)2,mp-684034,0.7313999999999998,4.0405,3.3091,-1.0557960452325574,150.0,Penn_Model_Calculated,0.986816997726819
Ba2AlCu2F11,mp-561318,0.5741999999999999,1.1578,0.5836,-3.2427062757291663,150.0,Penn_Model_Calculated,0.829616997726819
Ba2AlH7,mp-698114,2.96,3.4154,0.4554,-0.5301886976249935,26.6802,Penn_Model_Calculated,3.189001154941275
Ba2AlInO5,mp-556282,2.0183,4.9424,2.9241,-2.872980514907408,56.2346,Penn_Model_Calculated,2.264187725350149
Ba2As2O7,mp-1194732,4.2477,4.4575,0.2098,-2.506528066136352,13.4702,Penn_Model_Calculated,4.445190916309041
Ba2As2S5,mp-28134,1.3727,3.8718,2.4991,-1.3689743884722216,120.4074,Penn_Model_Calculated,1.6267124041257723
Ba2As2Se5,mp-28348,1.0236999999999998,3.187,2.1633,-1.2948689168576415,150.0,Penn_Model_Calculated,1.2791169977268189
Ba2As6O11,mp-757280,3.1679000000000004,4.4672,1.2993,-2.0628242065789486,23.4202,Penn_Model_Calculated,3.3924286593704545
Ba2AsAu,mp-861937,0.5211000000000001,3.3496,2.8285,-0.9461468618750004,38.27312691333331,MP_DFPT_API,0.7598336024695368
Ba2B11H7O22,mp-1196038,5.6652,5.3236,-0.3416,-2.5705614965376973,8.0105,Penn_Model_Calculated,5.81931515500516
Ba2B2AsH3F18,mp-1198263,5.05,1.4572,-3.5928,-3.013354101714744,9.8227,Penn_Model_Calculated,5.2238588130448385
Ba2B2O5,mp-771158,3.9978,4.6228,0.625,-3.1415674481481477,15.078,Penn_Model_Calculated,4.202077109838069
Ba2B4Se13,mp-30105,1.3330000000000002,3.5466,2.2136,-0.8763530195860737,127.6258,Penn_Model_Calculated,1.587415085264163
Ba2B5HO10,mp-1198110,4.788715616859062,5.535814493296891,0.7470988764378284,-2.930648694560185,10.8117,Penn_Model_Calculated,4.970557747817711
Ba2B6PbO12,mp-1194549,4.233700000000001,5.4576,1.2239,-2.9034744616666663,13.5529,Penn_Model_Calculated,4.431579255508517
Ba2Bi2O5,mp-28670,2.0128999999999997,4.8633,2.8504,-2.288425597777783,28.463470429999997,MP_DFPT_API,2.2439141943456673
Ba2BiSbO6,mp-23127,1.6958000000000002,5.8085,4.1127,-2.4530071729999987,31.07766483,MP_DFPT_API,1.9293476520030166
Ba2Ca(BO2)6,mp-8271,5.0129,5.4429,0.43,-3.113965850714285,7.806842800000001,MP_DFPT_API,5.164223403822921
Ba2Ca(BO3)2,mp-549737,4.080500000000001,5.7678,1.6873,-3.224687858030303,13.030661399609144,MP_DFPT_API,4.275844230346117
Ba2Ca(PdO2)3,mp-17380,1.4866000000000001,3.9203,2.4337,-2.0190231104166663,102.8109,Penn_Model_Calculated,1.7393938468316987
Ba2CaCr2CuF14,mp-582663,1.0019,1.0714,0.0695,-3.4169483612500002,150.0,Penn_Model_Calculated,1.257316997726819
Ba2CaGa2CuF14,mp-1214730,1.7659000000000002,2.4384,0.6725,-3.3781478925000004,73.1523,Penn_Model_Calculated,2.015313233500199
Ba2CaMgAl2F14,mp-540862,7.1835,6.3841,-0.7994,-4.0412615685,5.3602,Penn_Model_Calculated,7.284701663828955
Ba2CaMn2CuF14,mp-1045850,1.0988,1.3077,0.2089,-3.3015977622931034,150.0,Penn_Model_Calculated,1.354216997726819
Ba2CaMnV2F14,mp-1214724,1.2483005201713284,3.101200137728046,1.8528996175567174,-3.638397751146551,145.3924,Penn_Model_Calculated,1.503536403154965
Ba2CaMoN4,mp-1214858,2.4126999999999996,4.8221,2.4094,-1.1002963640625012,39.6523,Penn_Model_Calculated,2.652212658052571
Ba2CaMoO6,mp-19403,2.2618000000000005,4.5521,2.2903,-2.9021457209999992,44.9819,Penn_Model_Calculated,2.503874193886369
Ba2CaP4(H3O8)2,mp-758007,5.4657,6.0633,0.5976,-2.56185141986453,8.5317,Penn_Model_Calculated,5.626352798069112
Ba2CaSeO6,mp-1520564,2.01,4.885,2.875,-2.5497940242343753,56.6917,Penn_Model_Calculated,2.256010639004265
Ba2CaSi4(BO7)2,mp-1019518,4.8764,6.2976,1.4212,-3.3124076855797098,7.716333219999999,MP_DFPT_API,5.026435391136373
Ba2CaTeO6,mp-550685,3.0122,6.0283,3.0161,-2.7869202976666663,25.7979,Penn_Model_Calculated,3.2401022633686414
Ba2CaUO6,mp-557448,2.1947,4.6989,2.5042,-3.550436109999999,47.7124,Penn_Model_Calculated,2.437864843178354
Ba2CaV2CoF14,mp-1203415,2.5605,3.0932,0.5327,-3.539550328499999,35.3189,Penn_Model_Calculated,2.7973600979934066
Ba2CaV2FeF14,mp-1214736,1.021400463793015,3.1426002983784795,2.1211998345854646,-3.582641879750001,150.0,Penn_Model_Calculated,1.276817461519834
Ba2CaWO6,mp-19098,3.2912,5.3088,2.0176,-3.0327365709999996,21.7718,Penn_Model_Calculated,3.512957320267531
Ba2Cd(BO2)6,mp-1190588,4.3316,4.8971,0.5655,-2.89545509547619,7.985719543333334,MP_DFPT_API,4.485383071253844
Ba2Cd(BO3)2,mp-1102943,2.8413215343398885,4.428405014892554,1.587083480552665,-2.8155873580303026,28.8703,Penn_Model_Calculated,3.0727601384464527
Ba2CdGe2O7,mp-1214739,2.930644293636009,3.3499417332233885,0.4192974395873798,-2.5046441837499995,27.1973,Penn_Model_Calculated,3.160256350742701
Ba2CdMoO6,mp-1207118,2.5376000000000003,4.6264,2.0888,-2.469319745,35.9411,Penn_Model_Calculated,2.7748802858258506
Ba2CdP4(H3O8)2,mp-1199629,4.4355,5.0631,0.6276,-2.3940194314162557,12.4366,Penn_Model_Calculated,4.627701730917854
Ba2CdS3,mp-18309,2.0892,3.9044,1.8152,-1.8496002737500004,52.5493,Penn_Model_Calculated,2.3340186352672583
Ba2Ce3Si3O12F,mp-2899768,1.1212,6.8695,5.7483,-3.5054897021428557,150.0,Penn_Model_Calculated,1.376616997726819
Ba2CePbO6,mp-1228392,2.3054,5.211,2.9056,-2.8738340829999993,43.3341,Penn_Model_Calculated,2.5467495094723134
Ba2CePtO6,mp-21879,1.7246000000000001,5.5624,3.8378,-2.8005420769999994,76.6494,Penn_Model_Calculated,1.9745479004085058
Ba2CeSnO6,mp-1521094,2.1443999999999996,5.4925,3.3481,-3.1156891165000005,49.9295,Penn_Model_Calculated,2.3883626703106553
Ba2CoGe2O7,mp-1190827,2.1240000000000006,4.1538,2.0298,-2.4915868775,50.8739,Penn_Model_Calculated,2.3682813950163646
Ba2CoSi2O7,mp-510015,3.1380999999999997,5.2086,2.0705,-3.05940255,23.848,Penn_Model_Calculated,3.363285273489596
Ba2CrO4,mp-17520,0.5412000000000003,4.3379,3.7967,-2.7318941014285727,150.0,Penn_Model_Calculated,0.7966169977268195
Ba2Cu(PO3)6,mp-558012,0.9601000000000002,2.3481,1.388,-2.7393298503835988,150.0,Penn_Model_Calculated,1.2155169977268192
Ba2Cu2O5,mp-772788,0.7701,1.801,1.0309,-1.9262245013888881,150.0,Penn_Model_Calculated,1.025516997726819
Ba2CuBrO2,mp-552934,2.3159,3.7454,1.4295,-2.2768791274999995,42.9511,Penn_Model_Calculated,2.5570731061739176
Ba2CuF6,mp-3879,0.8501,1.4725,0.6224,-3.3912202111111016,150.0,Penn_Model_Calculated,1.1055169977268189
Ba2CuIO2,mp-561179,2.2608,4.0388,1.778,-2.1677920900000025,45.0208,Penn_Model_Calculated,2.5028906607389296
Ba2CuMo2F14,mp-1045817,1.2404000000000002,0.6881,-0.5523,-3.0628166555263157,147.2376,Penn_Model_Calculated,1.4957097745733317
Ba2DyBiO6,mp-1516815,1.7330999999999999,4.0565,2.3234,-2.827802711166666,75.9092,Penn_Model_Calculated,1.9829388423138106
Ba2DyCl7,mp-1214746,5.4193999999999996,5.3926,-0.0268,-2.870419602166666,8.6609,Penn_Model_Calculated,5.581551709297287
Ba2DyNbO6,mp-12640,2.8597,4.8365,1.9768,-3.458601736166666,28.5132,Penn_Model_Calculated,3.0907667225908306
Ba2DyPaO6,mp-1205636,3.4627999999999997,6.2391,2.7763,-3.7418425121666674,19.7641,Penn_Model_Calculated,3.6805575095515124
Ba2DySbO6,mp-6192,3.4686000000000003,6.4157,2.9471,-3.092258773166665,19.7014,Penn_Model_Calculated,3.686219469405833
Ba2DyTaO6,mp-1206435,3.3837,5.4763,2.0926,-3.5795925628999994,20.6516,Penn_Model_Calculated,3.603321525457102
Ba2DyUO6,mp-1205693,0.8682999999999996,6.0131,5.1448,-3.6562066461666674,150.0,Penn_Model_Calculated,1.1237169977268187
Ba2ErCl7,mp-651358,4.9184,5.0837,0.1653,-2.8653867155000006,10.3011,Penn_Model_Calculated,5.096311925811088
Ba2ErNbO6,mp-6653,2.8541999999999996,4.8424,1.9882,-3.479930908,28.6194,Penn_Model_Calculated,3.0853782881203693
Ba2ErPaO6,mp-1205790,3.4587,6.2359,2.7772,-3.763198976999999,19.8086,Penn_Model_Calculated,3.67655495042882
Ba2ErSbO6,mp-6231,3.3844000000000003,6.3451,2.9607,-3.108728319000001,20.6435,Penn_Model_Calculated,3.604005237748834
Ba2ErTaO6,mp-1205803,3.3933999999999997,5.4833,2.0899,-3.6005731267333325,20.5395,Penn_Model_Calculated,3.6127949702543023
Ba2ErUO6,mp-1206292,0.8790000000000004,6.017,5.138,-3.6772744139999984,150.0,Penn_Model_Calculated,1.1344169977268195
Ba2Fe2O5,mp-1196071,1.6103,3.7876,2.1773,-2.2993204539682544,87.7699,Penn_Model_Calculated,1.8616649398897833
Ba2Fe3P6HO22,mp-735530,2.5545999999999998,3.6976,1.143,-2.628824755267857,35.4776,Penn_Model_Calculated,2.791568672414931
Ba2FeMoO6,mp-1288978,0.9037000000000002,4.639,3.7353,-2.5011106080000003,150.0,Penn_Model_Calculated,1.1591169977268192
Ba2FeO4,mp-542120,1.9953999999999998,3.2775,1.2821,-2.3925834021428565,57.5096,Penn_Model_Calculated,2.241625695408636
Ba2FeWO6,mp-18845,3.0822999999999996,5.6815,2.5992,-2.6401709015000003,24.6828,Penn_Model_Calculated,3.3087010340552085
Ba2Ga2S5,mp-18421,2.7747,4.5256,1.7509,-1.6680806641666663,30.2247,Penn_Model_Calculated,3.007469198376227
Ba2GaAsSe5,mp-1195309,1.8702999999999999,3.4576,1.5873,-1.4389959818576388,65.3221,Penn_Model_Calculated,2.1183084909719674
Ba2GaBiS5,mp-1201906,2.391,4.5697,2.1787,-1.5727909155555555,40.3571,Penn_Model_Calculated,2.6308902211676197
Ba2GaBiSe5,mp-1203584,1.7507207527433715,3.639620002486901,1.8888992497435297,-1.4934506382465278,74.4089,Penn_Model_Calculated,2.000331890978509
Ba2GaS4,mp-1199702,2.5322,4.6467,2.1145,-1.798425556428571,36.0903,Penn_Model_Calculated,2.7695788908322307
Ba2GaSbS5,mp-1203806,2.3966999999999996,4.7555,2.3588,-1.5613134163888884,40.1701,Penn_Model_Calculated,2.6364913360937985
Ba2GaSbSe5,mp-1203387,1.8066999999999998,3.8318,2.0251,-1.4770865288020838,69.9303,Penn_Model_Calculated,2.0555732951705763
Ba2GdBiO6,mp-1520715,1.5940999999999996,3.8625,2.2684,-2.7969715697500006,89.5424,Penn_Model_Calculated,1.8456582808668895
Ba2GdC2(O2F)3,mp-8986,3.0692,3.7184,0.6492,-3.189243514642857,24.8854,Penn_Model_Calculated,3.2958837904204716
Ba2GdCl7,mp-29084,2.4275,2.5565,0.129,-2.8726113354999994,39.1825,Penn_Model_Calculated,2.6667534404520197
Ba2GdMoO6,mp-1079839,0.9083000000000001,4.3102,3.4019,-3.040581021999999,150.0,Penn_Model_Calculated,1.1637169977268191
Ba2GdNbO6,mp-22531,2.7148000000000003,4.7411,2.0263,-3.423956167000001,31.5286,Penn_Model_Calculated,2.948742175653431
Ba2GdPaO6,mp-1205929,3.6553999999999998,6.4593,2.8039,-3.703111186,17.8389,Penn_Model_Calculated,3.8684764653850516
Ba2GdSbO6,mp-753668,3.4808000000000003,6.2929,2.8121,-3.0568314610000074,19.5705,Penn_Model_Calculated,3.698128429436576
Ba2GdTaO6,mp-1205549,3.3075999999999994,5.3241,2.0165,-3.543877060733334,21.5663,Penn_Model_Calculated,3.52898212802769
Ba2GdUO6,mp-1205845,0.8429000000000002,5.868,5.0251,-3.618613175999999,150.0,Penn_Model_Calculated,1.0983169977268192
Ba2Ge2Se5,mp-18335,1.2918,3.108,1.8162,-1.3865706779687506,135.8317,Penn_Model_Calculated,1.5466208727092796
Ba2Ge2Te5,mp-17885,0.6240999999999999,4.0237,3.3996,-1.0869845000925933,16.987716886666664,MP_DFPT_API,0.8347686016108035
Ba2GeAs2,mp-8195,0.5526,3.4228,2.8702,-0.8893343135000024,20.07948737,MP_DFPT_API,0.7710387911100551
Ba2GeO4,mp-780263,4.176399999999999,5.1983,1.0219,-2.8565758438095243,13.8997,Penn_Model_Calculated,4.375857424214548
Ba2GeP2,mp-8194,0.5682,3.8424,3.2742,-0.8507398508571413,19.659445083333335,MP_DFPT_API,0.7857266098678625
Ba2GeS4,mp-540805,2.2853,4.3216,2.0363,-1.7188717157142837,44.082,Penn_Model_Calculated,2.5269851423226575
Ba2GeSe4,mp-11902,1.4121000000000001,3.2648,1.8527,-1.6233069270535705,63.066776036666646,MP_DFPT_API,1.6596391805862718
Ba2H2Pd(S5O17)2,mp-1195529,1.5874,1.9782,0.3908,-1.865396076887755,90.2914,Penn_Model_Calculated,1.8390376988218295
Ba2H6Os,mp-697044,1.9684,3.347,1.3786,-0.5179564941666668,11.661519090000008,MP_DFPT_API,2.156020288357292
Ba2H6Pt,mp-643253,1.7477,2.8441,1.0964,-0.5388367430555547,15.239623129999998,MP_DFPT_API,1.952580082394589
Ba2H6Ru,mp-697038,1.8727999999999998,3.1226,1.2498,-0.5321339786111108,11.78959394333333,MP_DFPT_API,2.061218874723765
Ba2H8PtO8,mp-1200998,2.4360046805332787,3.5495376427754204,1.1135329622421417,-1.6769681805263161,38.9163,Penn_Model_Calculated,2.675108464216035
Ba2HfO4,mp-754363,3.4379999999999997,5.3839,1.9459,-3.536360435714286,53.48340826333541,MP_DFPT_API,3.683103555442594
Ba2HfS4,mp-9321,0.8645999999999998,3.3427,2.4781,-2.2083305614285718,39.07376125068722,MP_DFPT_API,1.1037925542376943
Ba2HgS5,mp-1194545,1.9825,3.9351,1.9526,-1.4468766143750016,58.2474,Penn_Model_Calculated,2.22891450921998
Ba2HoCl7,mp-1214684,5.4559,5.4291,-0.0268,-2.8670788825000004,8.5587,Penn_Model_Calculated,5.616869778450665
Ba2HoNbO6,mp-12641,2.8596,4.827,1.9674,-3.4687507135000004,28.5152,Penn_Model_Calculated,3.090668831314208
Ba2HoPaO6,mp-1205699,3.9051,6.5294,2.6243,-3.7519611845000016,15.7543,Penn_Model_Calculated,4.111817776879912
Ba2HoSbO6,mp-6687,3.4227999999999996,6.3637,2.9409,-3.0998822164999993,20.2052,Penn_Model_Calculated,3.641504419895738
Ba2HoTaO6,mp-13000,3.4478000000000004,5.4724,2.0246,-3.5903397202333323,19.9277,Penn_Model_Calculated,3.665913600618992
Ba2HoUO6,mp-1205585,0.8731999999999998,5.9843,5.1111,-3.6662475604999996,150.0,Penn_Model_Calculated,1.1286169977268188
Ba2In2O5,mp-20546,0.9114999999999998,3.9644,3.0529,-2.4223918959259274,15.722219173333329,MP_DFPT_API,1.118106745792631
Ba2In2S5,mp-22841,1.9866000000000001,4.5414,2.5548,-1.5823980721759225,58.0114,Penn_Model_Calculated,2.2329546357937198
Ba2In2Si3SO10,mp-1194952,2.8920000000000003,5.5708,2.6788,-2.8884629843518517,27.9021,Penn_Model_Calculated,3.122408244344821
Ba2InBiS5,mp-864638,1.4528999999999996,4.5203,3.0674,-1.5203117037962959,27.791666980000002,MP_DFPT_API,1.6831861601452012
Ba2InBiSe5,mp-1105202,1.061,3.5885,2.5275,-1.4701254198206017,150.0,Penn_Model_Calculated,1.316416997726819
Ba2InCuO4,mp-1228360,1.1107999999999998,4.1815,3.0707,-2.2252493208333326,150.0,Penn_Model_Calculated,1.3662169977268188
Ba2InGaO5,mp-1106089,1.4144999999999999,4.146,2.7315,-2.570699569351852,18.058266269999944,MP_DFPT_API,1.6281602299464655
Ba2InO3F,mp-19956,2.0404,4.6182,2.5778,-2.865998735238095,24.599475933333334,MP_DFPT_API,2.266683392115172
Ba2InSbO6,mp-1206536,0.5239999999999996,4.438,3.914,-2.535739393666667,150.0,Penn_Model_Calculated,0.7794169977268187
Ba2InSbSe5,mp-1189339,0.7680000000000002,3.7515,2.9835,-1.4306021920428238,150.0,Penn_Model_Calculated,1.0234169977268193
Ba2La3Si3O12F,mp-686674,4.109400000000001,7.2948,3.1854,-3.6749721470238086,14.3237,Penn_Model_Calculated,4.310683072916237
Ba2LaAg5S6,mp-553874,1.4647000000000006,4.6736,3.2089,-1.270610511309522,15.920207313333334,MP_DFPT_API,1.671984837775972
Ba2LaBiO6,mp-1078409,1.8277999999999999,4.6898,2.862,-2.788171481500001,68.3481,Penn_Model_Calculated,2.0763895153289442
Ba2LaC3O9F,mp-18111,3.8772999999999995,5.9304,2.0531,-2.8582040146875007,15.9666,Penn_Model_Calculated,4.084741296707123
Ba2LaNbO6,mp-553281,3.0639,5.7153,2.6514,-3.3879811675000004,58.562549022995455,MP_DFPT_API,3.310393710362802
Ba2LaPaO6,mp-1205623,3.3736,6.9515,3.5779,-3.6514718885,20.7695,Penn_Model_Calculated,3.5934571638533535
Ba2LaSbO6,mp-551269,3.8961,7.4379,3.5418,-3.0319059435,25.04288894395332,MP_DFPT_API,4.123000427611951
Ba2LaTaO6,mp-13055,3.6212999999999997,6.3652,2.7439,-3.5066615782333344,44.10086515333333,MP_DFPT_API,3.8629934611850265
Ba2Li(BO2)5,mp-6075,4.951700000000001,5.8592,0.9075,-3.0323629096759266,10.1764,Penn_Model_Calculated,5.128592159453496
Ba2Li3TaN4,mp-573677,2.39705032342683,4.535841923540117,2.138791600113287,-0.9867448322333331,40.1587,Penn_Model_Calculated,2.6368356014505587
Ba2LiAl(CN2)4,mp-1197768,4.1427,4.9913,0.8486,-0.8702118541145838,14.1104,Penn_Model_Calculated,4.343078365161051
Ba2LiIO6,mp-1207120,2.0784,4.8541,2.7757,-2.2351833338333336,21.63835879000001,MP_DFPT_API,2.299914500903719
Ba2LiReN4,mp-10555,1.7902,4.0016,2.2114,-0.9633605801041671,14.600078583333334,MP_DFPT_API,1.9926160104785489
Ba2LiReO6,mp-6270,1.8198000000000003,3.6533,1.8335,-2.741621015583333,27.681956529999997,MP_DFPT_API,2.049963910215981
Ba2LuBiO6,mp-1078394,1.4518,3.8569,2.4051,-2.8643274956666667,107.7503,Penn_Model_Calculated,1.7049760801562521
Ba2LuNbO6,mp-12644,2.851,4.8586,2.0076,-3.5062734356666665,28.6814,Penn_Model_Calculated,3.0822430385743784
Ba2LuSbO6,mp-1078185,3.2383,6.2503,3.012,-3.1285257716666672,22.456,Penn_Model_Calculated,3.4612570083190173
Ba2LuTaO6,mp-1079705,3.4088999999999996,5.5192,2.1103,-3.6264090853999997,20.3622,Penn_Model_Calculated,3.6279315524761113
Ba2LuUO6,mp-1206047,2.0388,6.6895,4.6507,-3.69928473166667,55.1294,Penn_Model_Calculated,2.2843821164489366
Ba2Mg(BO3)2,mp-9259,4.532399999999999,6.8572,2.3248,-3.127045616666662,12.585255886666666,MP_DFPT_API,4.725415929598977
Ba2Mg(PO4)2,mp-14558,4.696999999999999,6.1884,1.4914,-3.2307163659065994,11.1986,Penn_Model_Calculated,4.881581515559588
Ba2Mg3H10,mp-733604,3.0265000000000004,3.6112,0.5847,-0.46198349049999954,25.5641,Penn_Model_Calculated,3.2540983557108305
Ba2MgGe2O7,mp-1190545,3.6281472046652157,3.911346316169415,0.2831991115041993,-2.7905924054166653,18.0928,Penn_Model_Calculated,3.8418980440949384
Ba2MgH6,mp-643370,2.8864,3.6398,0.7534,-0.5458185658333323,15.535996870391804,MP_DFPT_API,3.092353177881311
Ba2MgMoO6,mp-1205825,2.2639,4.9894,2.7255,-2.8326574255,24.051410669999996,MP_DFPT_API,2.4893892872300807
Ba2MgSi2O7,mp-9338,4.4529000000000005,5.6664,1.2135,-3.363647231666667,8.254658983333334,MP_DFPT_API,4.610180535676551
Ba2MgUO6,mp-13811,2.0536999999999996,5.1915,3.1378,-3.4572446644999983,54.3468,Penn_Model_Calculated,2.2990581955651166
Ba2MgWO6,mp-18986,3.2230999999999996,5.7878,2.5647,-2.9532242795,20.882064370000013,MP_DFPT_API,3.4431796553783043
Ba2Mn(AsO4)2,mp-558651,1.2429000000000001,4.006,2.7631,-2.457532997148542,146.6499,Penn_Model_Calculated,1.4981864417555641
Ba2Mn(BO2)6,mp-18990,3.9823999999999997,5.7116,1.7292,-2.9541109004967154,15.1871,Penn_Model_Calculated,4.187085540330872
Ba2Mn(PO4)2,mp-19487,3.9220000000000006,5.7411,1.8191,-3.064983261324365,15.6274,Penn_Model_Calculated,4.128275913732528
Ba2Mn2CuF14,mp-1045769,0.9924000000000001,0.0704,-0.922,-2.964490094782214,150.0,Penn_Model_Calculated,1.247816997726819
Ba2Mn2Si2O9,mp-558695,2.4755999999999996,4.0638,1.5882,-2.9412712876408063,37.7131,Penn_Model_Calculated,2.714000992915726
Ba2Mn3(SeO3)6,mp-560955,0.9861,2.4954,1.5093,-1.8396608135467452,150.0,Penn_Model_Calculated,1.241516997726819
Ba2MnGe2O7,mp-1192147,2.7005,3.885,1.1845,-2.6160235656609196,31.8528,Penn_Model_Calculated,2.9347189161452607
Ba2MnMoO6,mp-20399,1.2653999999999996,4.6762,3.4108,-2.6296567122931043,141.5163,Penn_Model_Calculated,1.520474388087488
Ba2MnO3,mp-27443,1.4139000000000004,4.3444,2.9305,-2.5622813575718397,113.5499,Penn_Model_Calculated,1.6674824343970152
Ba2MnSe3,mp-18513,1.0675,3.4265,2.359,-1.7726298141603827,150.0,Penn_Model_Calculated,1.322916997726819
Ba2MnTe3,mp-16905,0.8251999999999997,4.1708,3.3456,-1.4603592646551729,150.0,Penn_Model_Calculated,1.0806169977268187
Ba2MnTeO6,mp-18992,0.9485999999999999,4.6532,3.7046,-2.4804957404597716,19.075162778351764,MP_DFPT_API,1.1647909520039554
Ba2MnV2HO9,mp-1192656,0.9114000000000002,2.0626,1.1512,-2.6172728056120698,150.0,Penn_Model_Calculated,1.1668169977268192
Ba2MnWO6,mp-19085,2.2267,5.3963,3.1696,-2.7469805557931024,46.3794,Penn_Model_Calculated,2.469348443741378
Ba2Na2SrAl4F20,mp-1204071,7.1081,5.7972,-1.3109,-3.8877091392330567,5.4532,Penn_Model_Calculated,7.212029149812691
Ba2Na2U(S2O)2,mp-1102325,1.2530000000000001,3.4202,2.1672,-2.36342373752351,144.3113,Penn_Model_Calculated,1.5081917121269695
Ba2NaIO6,mp-1091394,2.2417000000000002,4.9438,2.7021,-2.207977574637931,14.808136239999998,MP_DFPT_API,2.4449409841858127
Ba2NaReO6,mp-6798,1.8705000000000003,3.6476,1.7771,-2.688152365387931,65.3083,Penn_Model_Calculated,2.1185057178908826
Ba2Nb2TeO10,mp-557108,2.9816000000000003,4.2812,1.2996,-2.8590107516111107,26.3095,Penn_Model_Calculated,3.2101484315752074
Ba2Nb6Te2O21,mp-16998,2.1571,3.416,1.2589,-2.8513737215591406,49.3551,Penn_Model_Calculated,2.4008628511283567
Ba2NbCrO6,mp-31627,1.5823999999999998,4.6102,3.0278,-3.056199825000012,90.8566,Penn_Model_Calculated,1.834096761248247
Ba2NbFeO6,mp-1021504,1.7475,4.2489,2.5014,-2.8955537204999997,62.70667973000004,MP_DFPT_API,1.99496112280007
Ba2NbInO6,mp-20620,3.3501,6.2466,2.8965,-2.959584960666666,21.0478,Penn_Model_Calculated,3.5705029122340637
Ba2NbN3,mp-17024,1.952,4.223,2.271,-1.157705022499999,19.305802753333335,MP_DFPT_API,2.1687278483696932
Ba2NbP2O9F,mp-1228528,2.984722018301668,3.3383151174481203,0.35359309914645237,-3.2340231382857145,26.2566,Penn_Model_Calculated,3.2132048026191993
Ba2NbRhO6,mp-1205833,0.8889,4.6216,3.7327,-2.733223787000001,27.71886528,MP_DFPT_API,1.11910514551103
Ba2Nd2Si4O13,mp-561462,5.046200000000001,7.2309,2.1847,-3.5126079469047617,9.836,Penn_Model_Calculated,5.220176821802956
Ba2NdBiO6,mp-546321,1.6830000000000003,3.7332,2.0502,-2.763932660750001,80.4354,Penn_Model_Calculated,1.9334743255511768
Ba2NdNbO6,mp-6167,2.9872999999999994,4.7292,1.7419,-3.3743605727499997,26.213,Penn_Model_Calculated,3.2157284788855045
Ba2NdPaO6,mp-1205708,3.4662,6.1527,2.6865,-3.643724666749999,19.7273,Penn_Model_Calculated,3.6838765971434926
Ba2NdSbO6,mp-6122,3.7031,6.3867,2.6836,-3.0134353197500006,17.4078,Penn_Model_Calculated,3.9149863801616087
Ba2NdTaO6,mp-1205600,3.4981,5.3755,1.8774,-3.4936144624833325,19.3873,Penn_Model_Calculated,3.715014507716028
Ba2NdUO6,mp-1205576,0.8979999999999997,5.931,5.033,-3.5589359597499994,150.0,Penn_Model_Calculated,1.1534169977268187
Ba2NdWO6,mp-1519207,1.7938000000000005,5.1435,3.3497,-3.052404307750001,70.9253,Penn_Model_Calculated,2.042845271433454
Ba2Ni(PO4)2,mp-19491,0.9375999999999998,3.5504,2.6128,-2.9179544370604398,150.0,Penn_Model_Calculated,1.1930169977268188
Ba2NiMoO6,mp-552567,2.3514,5.1943,2.8429,-2.4492521300000005,23.45017194936358,MP_DFPT_API,2.575975442617211
Ba2NiWO6,mp-504723,3.3428999999999998,6.0275,2.6846,-2.563658962499999,20.385983259962156,MP_DFPT_API,3.5619806689318287
Ba2P2O7,mp-1019530,5.1483,5.648,0.4997,-3.223110419025973,9.489,Penn_Model_Calculated,5.3190896717745675
Ba2P7Br,mp-1105535,1.6528,5.0342,3.3814,-0.8314607517499972,13.664044680000002,MP_DFPT_API,1.8511937600016906
Ba2P7I,mp-1188687,1.7662999999999998,5.3549,3.5886,-0.7554200472499992,13.45382887,MP_DFPT_API,1.9637134753516783
Ba2PCl,mp-27869,1.2602000000000002,3.237,1.9768,-1.8174295736607151,17.003209933854105,MP_DFPT_API,1.4709145830871777
Ba2PbO4,mp-20098,1.2338,3.5613,2.3275,-2.369039861428569,36.20488806667521,MP_DFPT_API,1.4712540693381149
Ba2PdF6,mp-29794,1.7553,1.4567,-0.2986,-3.2924955366666566,7.26626017999995,MP_DFPT_API,1.8984540501289988
Ba2PrBiO6,mp-1214573,1.7599999999999998,3.7948,2.0348,-2.7460314451666674,73.6369,Penn_Model_Calculated,2.0094903543713434
Ba2PrNbO6,mp-10344,2.9791000000000003,4.7201,1.741,-3.354416347166667,26.352,Penn_Model_Calculated,3.2077009818211577
Ba2PrPaO6,mp-1206062,3.4661000000000004,6.1595,2.6934,-3.620435965166667,19.7284,Penn_Model_Calculated,3.6837790200975014
Ba2PrSbO6,mp-6692,3.712,6.3791,2.6671,-2.994456447166667,17.3293,Penn_Model_Calculated,3.9236633021588525
Ba2PrTaO6,mp-1205686,3.4861000000000004,5.3768,1.8907,-3.473158075900001,19.5141,Penn_Model_Calculated,3.703301827410577
Ba2PuZnO6,mp-1207069,0.6585000000000001,5.0287,4.3702,-2.8637118088749984,150.0,Penn_Model_Calculated,0.9139169977268192
Ba2Re6S11,mp-14406,1.3384999999999998,6.0502,4.7117,-1.170297625394733,126.5873,Penn_Model_Calculated,1.5928599804063641
Ba2Sb2O5,mp-765493,2.3822,4.5651,2.1829,-2.489222776388891,9.89488838,MP_DFPT_API,2.5566955169527326
Ba2Sc2O5,mp-755950,2.7100000000000004,4.855,2.145,-3.507443436666667,19.488984036666665,MP_DFPT_API,2.927145213374979
Ba2ScCuO4,mp-1228350,2.0282000000000004,4.4351,2.4069,-2.879962554375,55.6967,Penn_Model_Calculated,2.273940500720975
Ba2ScNbO6,mp-1206644,2.5719,4.9242,2.3523,-3.4769086794999993,63.80738754999993,MP_DFPT_API,2.8195969529253477
Ba2ScO3F,mp-1228342,3.5461,5.4585,1.9124,-3.588207176428573,18.8929,Penn_Model_Calculated,3.761857398094184
Ba2ScPaO6,mp-1206567,3.3981000000000003,6.5106,3.1125,-3.7624299774999996,20.4854,Penn_Model_Calculated,3.617384746563583
Ba2ScTaO6,mp-1205823,3.0173000000000005,5.4728,2.4555,-3.5931783102333332,46.96716096000004,MP_DFPT_API,3.260179753151214
Ba2Si3O8,mp-29222,4.5119,5.603,1.0911,-3.377933791730798,12.0526,Penn_Model_Calculated,4.70190558691389
Ba2Si5N8,mp-9711,2.8815999999999997,8.3622,5.4806,-1.340124068000002,11.997132896666669,MP_DFPT_API,3.0712767434059502
Ba2SiO4,mp-17612,4.6319,6.5034,1.8715,-3.3619768532142857,11.4873,Penn_Model_Calculated,4.818405391606948
Ba2SiS4,mp-5838,3.0050000000000003,5.5162,2.5112,-1.8971593110714267,25.9169,Penn_Model_Calculated,3.233054841240385
Ba2SiSe4,mp-14447,2.2783999999999995,4.1568,1.8784,-1.7248023406249975,19.601927926666665,MP_DFPT_API,2.495798660140437
Ba2SiTe4,mp-14448,1.1029000000000004,4.3989,3.296,-1.302884688809525,150.0,Penn_Model_Calculated,1.3583169977268195
Ba2SmBiO6,mp-1520422,2.4961,4.4577,1.9616,-2.780479544749999,37.1126,Penn_Model_Calculated,2.7341331931929105
Ba2SmGaSe5,mp-1189376,1.7080000000000002,3.4748,1.7668,-1.907945853802083,78.1271,Penn_Model_Calculated,1.958159438123598
Ba2SmMoO6,mp-1095110,0.9085000000000001,4.3506,3.4421,-3.0179772245,150.0,Penn_Model_Calculated,1.1639169977268191
Ba2SmNbO6,mp-1520939,2.9074999999999998,4.7668,1.8593,-3.396624508250001,27.616,Penn_Model_Calculated,3.1375899476035984
Ba2SmPaO6,mp-1205602,3.4592000000000005,6.113,2.6538,-3.6802769514999993,19.8032,Penn_Model_Calculated,3.677043149488792
Ba2SmSbO6,mp-6037,3.6828,6.4483,2.7655,-3.0407220915,17.5892,Penn_Model_Calculated,3.895194258051542
Ba2SmTaO6,mp-1214622,3.3635149345965862,5.3011033951829996,1.937588460586413,-3.518325293233334,20.8882,Penn_Model_Calculated,3.5836066485700337
Ba2SmUO6,mp-1207130,0.8488999999999995,5.8732,5.0243,-3.5953958395,150.0,Penn_Model_Calculated,1.1043169977268186
Ba2SmWO6,mp-1517191,1.7704000000000004,5.1474,3.377,-3.0862287430000004,72.786,Penn_Model_Calculated,2.019754257803578
Ba2SnO4,mp-3359,2.4494000000000002,5.3304,2.881,-2.7252446964285713,19.786233553332522,MP_DFPT_API,2.66720602979449
Ba2SnS3F2,mp-17918,2.3078000000000003,4.1923,1.8845,-2.481164714375,43.2461,Penn_Model_Calculated,2.549109254647394
Ba2SnS4,mp-541832,1.9550999999999994,4.3809,2.4258,-1.7039017599999973,59.8633,Penn_Model_Calculated,2.2019117824322088
Ba2SnSe4,mp-1192595,1.7547000000000001,3.6945,1.9398,-1.633364205625,74.0763,Penn_Model_Calculated,2.004259409712156
Ba2SnSe5,mp-31307,1.0872000000000002,3.1413,2.0541,-1.5117992986523436,150.0,Penn_Model_Calculated,1.3426169977268192
Ba2SrSeO6,mp-1523293,2.3123000000000005,4.9572,2.6449,-2.4957543862343754,43.0818,Penn_Model_Calculated,2.553533656914027
Ba2SrTeO6,mp-13356,3.1401000000000003,5.6885,2.5484,-2.730477315666667,18.292954523333336,MP_DFPT_API,3.3543692666203166
Ba2SrUO6,mp-14552,2.2855000000000003,4.4405,2.155,-3.5092926230000003,44.0745,Penn_Model_Calculated,2.5271818331107503
Ba2SrWO6,mp-18764,3.2504,5.0301,1.7797,-2.968149434,23.148098100000002,MP_DFPT_API,3.474498392745389
Ba2Ta2O7,mp-770239,2.9092000000000002,4.4637,1.5545,-3.4398010086057997,27.5849,Penn_Model_Calculated,3.13925494984748
Ba2Ta6Te2O21,mp-6238,2.8259000000000003,4.3993,1.5734,-3.0739147868494623,29.1753,Penn_Model_Calculated,3.0576490209022023
Ba2TaBiO6,mp-545544,2.5363,6.0819,3.5456,-2.950626889733333,93.3129856033333,MP_DFPT_API,2.788245137447341
Ba2TaCrO6,mp-31630,0.5778000000000008,5.0063,4.4285,-3.1679102164833326,150.0,Penn_Model_Calculated,0.8332169977268199
Ba2TaFeO6,mp-1205671,1.8622999999999998,4.447,2.5847,-3.0062138862333336,46.92091986000003,MP_DFPT_API,2.10516176529823
Ba2TaInO6,mp-1079630,3.9458999999999995,6.9521,3.0062,-3.075058790399999,29.6896978,MP_DFPT_API,4.17815810554283
Ba2TaN3,mp-17400,2.0133,4.3418,2.3285,-1.2520875645555545,18.64243744,MP_DFPT_API,2.228447786112404
Ba2TaTlO6,mp-1205650,2.241,4.9474,2.7064,-2.814804107066668,45.8021,Penn_Model_Calculated,2.483415472110292
Ba2TbBiO6,mp-552191,1.7302,3.9453,2.2151,-2.8265844746666664,76.1605,Penn_Model_Calculated,1.9800761055257774
Ba2TbNbO6,mp-6254,2.9923,4.856,1.8637,-3.4515069166666663,26.1288,Penn_Model_Calculated,3.22062309167757
Ba2TbPaO6,mp-1206245,3.4648999999999996,6.2387,2.7738,-3.7311274436666664,19.7414,Penn_Model_Calculated,3.6826076345564527
Ba2TbSbO6,mp-6265,3.5147999999999997,6.4456,2.9308,-3.084002428666667,19.213,Penn_Model_Calculated,3.73131336688205
Ba2TbTaO6,mp-1207064,3.5127999999999995,5.507,1.9942,-3.5712365213999995,19.2337,Penn_Model_Calculated,3.729361387121827
Ba2TbWO6,mp-1214561,1.6795,5.2142,3.5347,-3.1407082416666663,80.7669,Penn_Model_Calculated,1.9300180691884958
Ba2TeP2O9,mp-560742,3.4372,5.2147,1.7775,-2.8544899032823134,20.0446,Penn_Model_Calculated,3.65556448402664
Ba2ThS6,mp-1189897,1.3091000000000004,4.5651,3.256,-1.9835559516666639,132.2916,Penn_Model_Calculated,1.5637519865247547
Ba2Ti(GeO4)2,mp-6289,3.7129000000000003,4.3196,0.6067,-2.894512731410256,27.294080520000005,MP_DFPT_API,3.9426238220727083
Ba2Ti(SiO4)2,mp-6081,3.7274000000000003,5.1315,1.4041,-3.44362643102564,16.03466894,MP_DFPT_API,3.93506921991251
Ba2TiO4,mp-3397,4.1439,5.1403,0.9964,-3.399091214047619,14.1028,Penn_Model_Calculated,4.344245624991858
Ba2TiS4,mp-17908,2.0967999999999996,4.1164,2.0196,-2.099204554761902,52.1763,Penn_Model_Calculated,2.3415020132317217
Ba2Tl(HO)7,mp-757586,2.4973,2.6605,0.1632,-1.7223339007107847,37.0779,Penn_Model_Calculated,2.7353115757179536
Ba2Tl2O5,mp-18327,0.7601999999999998,3.5999,2.8397,-1.9647487937962964,150.0,Penn_Model_Calculated,1.0156169977268188
Ba2TlF7,mp-1214714,4.2059999999999995,2.5578,-1.6482,-3.376654617833336,13.7187,Penn_Model_Calculated,4.404643709464805
Ba2TmNbO6,mp-12642,2.8577000000000004,4.8463,1.9886,-3.492432531000001,28.5518,Penn_Model_Calculated,3.0888073687815742
Ba2TmPaO6,mp-1206036,3.4494,6.2181,2.7687,-3.7757914300000004,19.9102,Penn_Model_Calculated,3.6674757896986105
Ba2TmTaO6,mp-1206029,3.4065000000000003,5.5125,2.106,-3.6126705557333336,20.3895,Penn_Model_Calculated,3.6255879218708484
Ba2U(AsO5)2,mp-1196334,2.2615,2.9133,0.6518,-2.8116118019166674,44.9936,Penn_Model_Calculated,2.5035791496355997
Ba2U(PO5)2,mp-1192547,2.1977,3.4446,1.2469,-3.3362470979523806,47.585,Penn_Model_Calculated,2.4408167393001765
Ba2U2O7,mp-583034,0.5402000000000005,5.7137,5.1735,-3.681598229999999,150.0,Penn_Model_Calculated,0.7956169977268196
Ba2UCdO6,mp-1079615,1.8464,4.6749,2.8285,-3.1063567009999993,66.998,Penn_Model_Calculated,2.0947367662090692
Ba2UCrO6,mp-1205611,0.9356999999999998,6.3824,5.4467,-3.282478179999999,150.0,Penn_Model_Calculated,1.1911169977268188
Ba2UFeO6,mp-504699,0.5156000000000001,5.9076,5.392,-3.1097674889999993,150.0,Penn_Model_Calculated,0.7710169977268192
Ba2UMnO6,mp-19852,1.0090999999999997,4.9738,3.9647,-3.260499004793104,150.0,Penn_Model_Calculated,1.2645169977268187
Ba2UNiO6,mp-19093,1.6246,5.2596,3.635,-3.0844553799999987,86.2491,Penn_Model_Calculated,1.8757927197538342
Ba2UZnO6,mp-1078725,1.7862999999999998,4.9128,3.1265,-3.1767472289999987,71.5137,Penn_Model_Calculated,2.0354447190167493
Ba2V(SiO4)2,mp-19179,2.6343,4.9444,2.3101,-3.2105166823076923,33.4229,Penn_Model_Calculated,2.8697832086657526
Ba2V2CuF12,mp-1228885,0.7418,1.3969,0.6551,-3.325935912352942,150.0,Penn_Model_Calculated,0.9972169977268192
Ba2V2FeHO9,mp-1192499,2.2955,2.9468,0.6513,-2.5654220530833336,43.7,Penn_Model_Calculated,2.5370151486976384
Ba2V2O7,mp-19474,3.4599,3.3731,-0.0868,-2.9225400338636076,19.7956,Penn_Model_Calculated,3.6777265298512347
Ba2V3BiO11,mp-559941,3.0455,3.6915,0.646,-2.653477465588236,25.2586,Penn_Model_Calculated,3.27269276926704
Ba2V3HO9,mp-1192628,0.7389000000000001,3.3011,2.5622,-2.7172280910833346,150.0,Penn_Model_Calculated,0.9943169977268193
Ba2V4Cd3O15,mp-558221,2.9385,3.1096,0.1711,-2.403979876770833,27.0574,Penn_Model_Calculated,3.1679490832811403
Ba2VCu2F12,mp-1214695,0.6976040828084954,1.4267023354813302,0.7290982526728348,-3.0355260605882357,150.0,Penn_Model_Calculated,0.9530210805353144
Ba2VN3,mp-17696,1.3876,4.196,2.8084,-1.2168713079166718,21.496166623333334,MP_DFPT_API,1.6088524399399886
Ba2VO4,mp-19096,1.5420000000000003,4.4999,2.9579,-2.930773886071427,95.6267,Penn_Model_Calculated,1.7941674175016562
Ba2VP2O9,mp-554810,2.593,3.8713,1.2783,-3.077986980663265,34.464,Penn_Model_Calculated,2.8292580176263713
Ba2WO5,mp-28403,3.1569000000000003,5.0143,1.8574,-2.8697342221874855,23.5767,Penn_Model_Calculated,3.3816716294100155
Ba2YAg5S6,mp-1104423,1.3642999999999996,4.2612,2.8969,-1.2409462430952363,121.8823,Penn_Model_Calculated,1.6183985591790462
Ba2YBiO6,mp-1523166,1.7584999999999997,4.1018,2.3433,-2.8108761275,73.7609,Penn_Model_Calculated,2.008009925324627
Ba2YC2(O2F)3,mp-8985,5.263999999999999,5.9746,0.7106,-3.1950741396428577,9.1199,Penn_Model_Calculated,5.4311333406313445
Ba2YCoO5,mp-1205054,0.7717999999999998,3.6448,2.873,-2.808661915555556,150.0,Penn_Model_Calculated,1.0272169977268188
Ba2YFeO5,mp-1204162,2.8876000000000004,4.5555,1.6679,-2.9265065249999997,27.9841,Penn_Model_Calculated,3.1180982723478348
Ba2YNbO6,mp-7251,2.8555,4.8722,2.0167,-3.444694518,28.5942,Penn_Model_Calculated,3.086651889935556
Ba2YPaO6,mp-1205895,3.9423999999999997,6.5748,2.6324,-3.7287168050000004,15.4764,Penn_Model_Calculated,4.148140693808255
Ba2YSbO6,mp-6492,3.5454,6.5225,2.9771,-3.075945864,18.9,Penn_Model_Calculated,3.761174443600975
Ba2YTaO6,mp-12385,3.4638999999999998,5.5027,2.0388,-3.5674410347333327,40.466138160000014,MP_DFPT_API,3.703847458423295
Ba2YUO6,mp-1205713,0.8651999999999997,5.9902,5.125,-3.642864564999999,150.0,Penn_Model_Calculated,1.1206169977268188
Ba2YWO6,mp-1520624,1.7928000000000002,5.2914,3.4986,-3.12685046075,71.0034,Penn_Model_Calculated,2.0418585662609425
Ba2YbMoO6,mp-1205934,2.2435,4.2972,2.0537,-3.1158671857500027,45.7024,Penn_Model_Calculated,2.4858746417925137
Ba2YbPaO6,mp-1205639,3.8905000000000003,6.4523,2.5618,-3.6711426617500025,15.8652,Penn_Model_Calculated,4.0975981404219555
Ba2YbUO6,mp-1205759,2.1684,4.6821,2.5137,-3.6184453082500028,48.8524,Penn_Model_Calculated,2.4119841188695457
Ba2Zn(BO3)2,mp-559138,3.3327999999999998,4.1559,0.8231,-2.90650200871212,21.2565,Penn_Model_Calculated,3.5536027980344658
Ba2Zn2TeP2O11,mp-1195039,4.1025,5.441,1.3385,-2.6394569026917996,14.3686,Penn_Model_Calculated,4.303970093181685
Ba2Zn7F18,mp-541827,4.0504999999999995,2.7975,-1.253,-2.9592661399999995,14.714,Penn_Model_Calculated,4.25337061257198
Ba2ZnAs2,mp-1078636,0.6404000000000001,3.1474,2.507,-0.9458156100000004,24.978091473333336,MP_DFPT_API,0.8672116248704357
Ba2ZnGe2O7,mp-1190949,3.1063,3.8717,0.7654,-2.580144032916666,24.3182,Penn_Model_Calculated,3.33218031578774
Ba2ZnGe2S6O,mp-17244,2.1081000000000003,3.5588,1.4507,-1.5772566754166657,9.132415360000001,MP_DFPT_API,2.275362159539458
Ba2ZnMoO6,mp-1206097,2.3851999999999998,4.7146,2.3294,-2.540304109,40.59876640000003,MP_DFPT_API,2.6252166643690855
Ba2ZnO3,mp-17911,2.6704,4.2791,1.6087,-2.534313652916667,32.5522,Penn_Model_Calculated,2.90519715819114
Ba2ZnS3,mp-5587,2.0208000000000004,4.0011,1.9803,-1.9122406191666652,14.463531743333334,MP_DFPT_API,2.2226616859363535
Ba2ZnSi2O7,mp-558629,4.0027,5.4075,1.4048,-3.146197095,15.0435,Penn_Model_Calculated,4.20684672158549
Ba2ZnWO6,mp-548615,3.3679,5.5476,2.1797,-2.6546294450000003,31.635720229976076,MP_DFPT_API,3.6019342420367324
Ba2Zr6BCl17,mp-568105,1.0855000000000001,3.5179,2.4324,-2.324833717275641,150.0,Penn_Model_Calculated,1.3409169977268192
Ba2ZrF8,mp-5900,5.9374,4.6043,-1.3331,-4.1606286175000005,7.3825,Penn_Model_Calculated,6.082411651522112
Ba2ZrO4,mp-8335,2.9833,4.752,1.7687,-3.4308147428571445,43.57564823000001,MP_DFPT_API,3.224759167952186
Ba2ZrSnO6,mp-1228067,3.6894,6.7511,3.0617,-3.1393160845,28.720733379999995,MP_DFPT_API,3.920683971934425
Ba3(AlAs2)2,mp-1202519,1.056513108462425,4.133316271002081,3.076803162539656,-0.9504134708333325,150.0,Penn_Model_Calculated,1.311930106189244
Ba3(AlN2)2,mp-17133,1.5661999999999998,5.4784,3.9122,-1.0336221933333347,25.684066323333326,MP_DFPT_API,1.793954986471818
Ba3(AlP2)2,mp-1202948,1.6078999999999999,4.9737,3.3658,-0.9636566503968242,88.0291,Penn_Model_Calculated,1.8592936989792144
Ba3(AsO4)2,mp-9783,3.9060000000000006,5.0814,1.1754,-2.69028426346154,31.114793023333352,MP_DFPT_API,4.139580567507921
Ba3(BN2)2,mp-30905,2.5171,4.1353,1.6182,-1.1773026314814823,18.252048799999997,MP_DFPT_API,2.731264239707469
Ba3(BO3)2,mp-755417,4.1693,5.1238,0.9545,-3.1508790084848486,13.9436,Penn_Model_Calculated,4.368951600494708
Ba3(GaS3)2,mp-29302,2.6781999999999995,4.5264,1.8482,-1.792433225454546,32.3687,Penn_Model_Calculated,2.9128478641529303
Ba3(H6Ir)2,mp-643047,3.1535,3.1898,0.0363,-0.548545262058825,15.5318401034235,MP_DFPT_API,3.359438410426804
Ba3(InP2)2,mp-19913,1.1082,4.6807,3.5725,-0.7858189174338632,21.836599606666663,MP_DFPT_API,1.3300741638924518
Ba3(NaSb2)2,mp-1228324,0.9388000000000001,4.1085,3.1697,-0.8887802341954019,150.0,Penn_Model_Calculated,1.194216997726819
Ba3(PO4)2,mp-3857,5.1422,7.0019,1.8597,-3.2943714030219775,17.208958276666664,MP_DFPT_API,5.353517368656364
Ba3(PS4)2,mp-554255,2.1538,4.7341,2.5803,-1.5672991626373511,49.5034,Penn_Model_Calculated,2.3976148849933705
Ba3(SbO3)2,mp-31238,2.9311,5.3209,2.3898,-2.5729393106060585,27.1891,Penn_Model_Calculated,3.160702550944323
Ba3(SiAs2)2,mp-11692,0.8265000000000002,3.4771,2.6506,-0.8022187861111097,22.929468353333334,MP_DFPT_API,1.0502452811724068
Ba3(SnAs2)2,mp-17470,0.7525,3.8121,3.0596,-0.8162519216666672,150.0,Penn_Model_Calculated,1.007916997726819
Ba3(SnP2)2,mp-601867,0.8645999999999998,4.4223,3.5577,-0.7639145642857146,150.0,Penn_Model_Calculated,1.1200169977268188
Ba3(TaS4)2,mp-29354,0.7451999999999996,3.7937,3.0485,-1.84273351548717,150.0,Penn_Model_Calculated,1.0006169977268187
Ba3Al2B10H4O23,mp-1201953,4.9577,4.9711,0.0134,-2.846680474087302,10.1542,Penn_Model_Calculated,5.134407986822868
Ba3Al2F12,mp-3361,7.8473999999999995,7.1525,-0.6949,-4.072232442794117,4.6537,Penn_Model_Calculated,7.924321881550863
Ba3Al3As5,mp-1203016,1.6560999999999995,4.5836,2.9275,-0.8824988523484849,83.0369,Penn_Model_Calculated,1.9069082263640562
Ba3Al3P5,mp-1196964,1.4661,4.9059,3.4398,-0.9240449513528137,105.678,Penn_Model_Calculated,1.7191200668815014
Ba3AlAs3,mp-1192376,0.9321000000000002,3.4405,2.5084,-1.04244424357143,150.0,Penn_Model_Calculated,1.1875169977268192
Ba3AlHO4,mp-707218,4.0379000000000005,5.4724,1.4345,-2.7406089543055554,14.7998,Penn_Model_Calculated,4.2411083760507715
Ba3AlP3,mp-1192373,0.679498501056627,3.7244500117276655,3.0449515106710385,-1.010714270204082,23.874890203333333,MP_DFPT_API,0.904724261279775
Ba3As14,mp-524,1.1763,3.9066,2.7303,-0.44724163764706093,18.117439219999998,MP_DFPT_API,1.3901152765849867
Ba3B6H2O13,mp-1199009,5.0891,6.2708,1.1817,-2.8824488884375,9.6876,Penn_Model_Calculated,5.261741729839435
Ba3B6O11F2,mp-1195844,5.252710526336427,6.43500977537627,1.182299249039842,-3.207352254545454,9.1548,Penn_Model_Calculated,5.420202209607902
Ba3BAsO3,mp-9793,1.5232999999999999,3.8927,2.3694,-2.5330216927083335,16.432546046666662,MP_DFPT_API,1.7322637021480087
Ba3BPO3,mp-9712,1.4667000000000003,4.0479,2.5812,-2.495422235476191,17.3293615,MP_DFPT_API,1.6783634777180285
Ba3Bi2(PO4)4,mp-555231,3.7865,5.6802,1.8937,-2.890821084742856,16.693,Penn_Model_Calculated,3.996277663345193
Ba3Bi2TeO9,mp-556407,2.0740000000000003,5.8246,3.7506,-2.334691380444445,53.3076,Penn_Model_Calculated,2.3190506935049777
Ba3Bi6PbSe13,mp-669415,0.8085,3.8697,3.0612,-1.127531703933424,150.0,Penn_Model_Calculated,1.063916997726819
Ba3BiN,mp-567666,0.6473,3.5742,2.9269,-0.8488473629999987,40.98188375667749,MP_DFPT_API,0.8875140606982688
Ba3Ca2(SiN3)2,mp-1019520,1.5649000000000002,5.3334,3.7685,-1.1658191938461537,92.8775,Penn_Model_Calculated,1.816802061662445
Ba3Ca3(MoN4)2,mp-1228693,2.2313,4.8208,2.5895,-1.110501928125001,46.1925,Penn_Model_Calculated,2.473873656983327
Ba3CaNb2O9,mp-1214569,2.646343132441039,4.6983179296612505,2.0519747972202116,-3.303183195000001,177.53280300666674,MP_DFPT_API,2.9026464542665633
Ba3CaSb2O9,mp-554817,3.1711000000000005,5.8642,2.6931,-2.7622951013333346,23.375,Penn_Model_Calculated,3.3955578797523307
Ba3CaTa2O9,mp-1228141,3.2034966092898283,5.370868817313219,2.1673722080233904,-3.4530179606444458,56.563667820000035,MP_DFPT_API,3.449473020879438
Ba3Co(CN)3,mp-861914,0.7976999999999999,3.8261,3.0284,-0.6938655350000005,150.0,Penn_Model_Calculated,1.0531169977268189
Ba3Co3Te(PO7)2,mp-1228226,2.7847999999999997,5.1537,2.3689,-2.499213797432712,30.0131,Penn_Model_Calculated,3.01736923299816
Ba3Cr2O8,mp-1281162,1.1478000000000002,3.3618,2.214,-2.6295978453846156,150.0,Penn_Model_Calculated,1.4032169977268192
Ba3Dy(BO3)3,mp-1214848,3.8533,5.7353,1.882,-3.3007018226562495,16.1536,Penn_Model_Calculated,4.0613628406464315
Ba3Dy2(PS4)4,mp-560798,2.3736000000000006,4.8226,2.449,-1.4917140576761891,40.9363,Penn_Model_Calculated,2.613790767903015
Ba3Dy2MoO9,mp-1228336,1.3959000000000006,4.0787,2.6828,-3.177327449555555,116.4713,Penn_Model_Calculated,1.649671798364987
Ba3Dy2WO9,mp-1228348,2.2084,4.8338,2.6254,-3.264355978222221,47.1346,Penn_Model_Calculated,2.451344591894666
Ba3Er(BO3)3,mp-1214885,3.8598999999999997,5.7048,1.8449,-3.3089985046354164,16.1019,Penn_Model_Calculated,4.067792445942304
Ba3Er2(PS4)4,mp-560534,2.3777000000000004,4.8539,2.4762,-1.4864492951428554,40.7987,Penn_Model_Calculated,2.617820140128548
Ba3Er2MoO9,mp-1228244,2.063,4.1852,2.1222,-3.2257649849999996,53.8669,Penn_Model_Calculated,2.308217666295549
Ba3Fe2TeO9,mp-1228445,1.7012999999999998,5.0012,3.2999,-2.345328889111111,78.7357,Penn_Model_Calculated,1.9515442527103566
Ba3Fe2WO9,mp-1228376,1.5158999999999998,4.292,2.7761,-2.522751010666667,98.9132,Penn_Model_Calculated,1.768365277522038
Ba3Fe4P8PbO28,mp-1228512,4.0495,5.9359,1.8864,-2.7134836599350645,14.7208,Penn_Model_Calculated,4.252397525363556
Ba3Ga2B10H4O23,mp-1229265,4.7953,4.5072,-0.2881,-2.707842681230158,10.7848,Penn_Model_Calculated,4.976944361967941
Ba3Ga3P5,mp-1196108,1.5512000000000006,4.799,3.2478,-0.7694224690043256,94.5076,Penn_Model_Calculated,1.8032612638369572
Ba3Ga4O9,mp-771132,2.9232,3.4287,0.5055,-2.684727575937501,27.3309,Penn_Model_Calculated,3.1529661344326514
Ba3GaAs3,mp-1195592,0.7389999999999999,3.0513,2.3123,-1.0003433712500005,150.0,Penn_Model_Calculated,0.994416997726819
Ba3GaP3,mp-541715,0.601,3.3393,2.7383,-0.9467945273469403,150.0,Penn_Model_Calculated,0.8564169977268191
Ba3GaS4Cl,mp-1198976,3.6078,5.4927,1.8849,-2.130719871388879,18.2861,Penn_Model_Calculated,3.822051700157799
Ba3Gd2(PS4)4,mp-684036,1.4528000000000003,3.8793,2.4265,-1.4932883704428566,107.6034,Penn_Model_Calculated,1.705965218668596
Ba3Ge2(B3O8)2,mp-1194165,4.1759,5.973,1.7971,-2.892586929814815,13.9028,Penn_Model_Calculated,4.375371176218583
Ba3GeO5,mp-778602,2.9101999999999997,4.9727,2.0625,-2.85352409027778,20.31189521,MP_DFPT_API,3.12912728564045
Ba3GeS5,mp-1200759,2.0633016194329183,4.568981484991699,2.505679865558781,-1.8619991880555569,53.8515,Penn_Model_Calculated,2.3085147346645765
Ba3Hf2O7,mp-754128,3.5641,5.622,2.0579,-3.6430178729166687,31.699531783333327,MP_DFPT_API,3.798188790276697
Ba3HfTa4O15,mp-1228378,2.4646999999999997,4.4478,1.9831,-3.5270832964927528,38.0386,Penn_Model_Calculated,2.703295504842165
Ba3Ho(BO3)3,mp-14384,3.8238000000000003,5.6938,1.87,-3.3052863298437494,16.3884,Penn_Model_Calculated,4.032623174297298
Ba3Ho2(PS4)4,mp-559171,2.3798999999999997,4.8302,2.4503,-1.488485160542856,40.7251,Penn_Model_Calculated,2.619982166567205
Ba3Ho2MoO9,mp-1228250,2.1402,4.1908,2.0506,-3.2112792446666663,50.1217,Penn_Model_Calculated,2.384228509181345
Ba3In(BO3)3,mp-866313,3.4971999999999994,5.4289,1.9317,-2.9718850771354175,19.3968,Penn_Model_Calculated,3.7141361642118595
Ba3In2(HO)12,mp-740719,3.2603,2.9452,-0.3151,-1.8209165031321837,22.1674,Penn_Model_Calculated,3.4827600028490786
Ba3In2(PO4)4,mp-1200796,3.7254,5.6078,1.8824,-2.92877177267619,17.212,Penn_Model_Calculated,3.9367261719621935
Ba3In2F12,mp-28274,4.519,4.0797,-0.4393,-3.5691101193137253,12.0179,Penn_Model_Calculated,4.708800219211331
Ba3In2MoO9,mp-1228643,1.8273043989332094,5.505302689163161,3.6779982902299513,-2.520288537888889,68.3846,Penn_Model_Calculated,2.0759006087923786
Ba3In2O6,mp-20352,0.8525,3.7269,2.8744,-2.5018973948484855,150.0,Penn_Model_Calculated,1.107916997726819
Ba3In2WO9,mp-1228476,2.6734,6.2126,3.5392,-2.609218550555555,32.4814,Penn_Model_Calculated,2.908139755775084
Ba3InAs3,mp-620346,0.5167000000000002,3.2818,2.7651,-0.9727541548809506,150.0,Penn_Model_Calculated,0.7721169977268193
Ba3Ir(CN)3,mp-1106080,0.6643000000000003,3.8734,3.2091,-0.7220327209999994,14.43089948666667,MP_DFPT_API,0.8660276592276492
Ba3La2C5O15F2,mp-581361,3.9044,6.2634,2.359,-2.888649400555556,15.7596,Penn_Model_Calculated,4.1111360765629446
Ba3Lu(BO3)3,mp-14386,3.8583,5.7641,1.9058,-3.3210013442187503,16.1144,Penn_Model_Calculated,4.066233744106582
Ba3Lu2MoO9,mp-1228133,1.8999899082458729,4.181139003728662,2.281149095482789,-3.2596153918888886,63.3275,Penn_Model_Calculated,2.1475850517016117
Ba3Lu4O9,mp-542832,3.1749,4.8837,1.7088,-3.648600351354167,23.3215,Penn_Model_Calculated,3.399273748436434
Ba3MgNb2O9,mp-6474,2.6479999999999997,4.9487,2.3007,-3.2660475760000005,33.0883,Penn_Model_Calculated,2.883223838898843
Ba3MgSb2O9,mp-16978,2.6494,5.9786,3.3292,-2.6975314176666676,33.0544,Penn_Model_Calculated,2.8845972678948555
Ba3MgTa2O9,mp-6325,3.2733,5.7055,2.4322,-3.413043947644446,32.06092207775539,MP_DFPT_API,3.507693621625771
Ba3MgTaNbO9,mp-1228058,2.8443,5.2126,2.3683,-3.33970034848889,38.01858346178101,MP_DFPT_API,3.0828836394932533
Ba3Mn2O8,mp-19188,1.6908999999999998,3.2272,1.5363,-2.427450099297083,79.6949,Penn_Model_Calculated,1.9412752972551293
Ba3MnNb2O9,mp-20921,1.7737999999999996,4.7105,2.9367,-3.127465983862069,72.5111,Penn_Model_Calculated,2.023109606474279
Ba3MnSb2O9,mp-17341,1.5103,5.5468,4.0365,-2.561670194528736,99.6407,Penn_Model_Calculated,1.7628285557013643
Ba3Mo2(P2O9)2,mp-554339,2.384,3.8596,1.4756,-2.850849555502646,40.5886,Penn_Model_Calculated,2.624011375506503
Ba3MoN4,mp-8863,1.8505000000000003,3.991,2.1405,-1.0218571618750012,15.333421353333334,MP_DFPT_API,2.0557241892417837
Ba3Na2Cr4F20,mp-558077,3.8051000000000004,2.7671,-1.038,-3.4433199557847796,16.54,Penn_Model_Calculated,4.014402619679424
Ba3NaBiO6,mp-556316,1.7096000000000002,3.5363,1.8267,-2.4359613510344826,16.537980246666674,MP_DFPT_API,1.9188962898448692
Ba3NaGd3(Si3O10)2,mp-1194728,3.3773,4.6434,1.2661,-3.479348232314525,20.7262,Penn_Model_Calculated,3.5970709346905547
Ba3NaNbO6,mp-8960,3.0767999999999995,4.5923,1.5155,-2.9767851755799373,24.7675,Penn_Model_Calculated,3.30331980735267
Ba3NaNd3(Si3O10)2,mp-559502,4.5793,5.8076,1.2283,-3.4686795270872506,11.7296,Penn_Model_Calculated,4.767346965149859
Ba3NaRuO6,mp-9745,0.5312000000000001,3.2349,2.7037,-2.445419504216302,150.0,Penn_Model_Calculated,0.7866169977268193
Ba3NaSbO6,mp-1190024,2.8068,5.1059,2.2991,-2.6488614005799374,14.975979956666668,MP_DFPT_API,3.010689800013155
Ba3NaSm3(Si3O10)2,mp-1195058,4.63,5.8597,1.2297,-3.4812814080721006,11.4959,Penn_Model_Calculated,4.816561219277903
Ba3NaTaO6,mp-8961,3.4044,5.0081,1.6037,-3.078000449882968,21.112077163333343,MP_DFPT_API,3.6249269149018923
Ba3NaY3(Si3O10)2,mp-1019523,4.7067,5.9977,1.291,-3.4893001130721015,11.1566,Penn_Model_Calculated,4.890993334326844
Ba3Nb2CdO9,mp-1214502,2.834881573178878,4.744653343970015,1.909771770791137,-3.0194090243333345,184.89662427666667,MP_DFPT_API,3.091377207563116
Ba3Nb2NiO9,mp-1214516,2.681378449468352,5.081430611671461,2.4000521622031092,-3.0124244558333344,43.26360044330564,MP_DFPT_API,2.9226957225845154
Ba3Nb2O8,mp-542201,4.499700000000001,4.8318,0.3321,-3.2599856230769246,12.1126,Penn_Model_Calculated,4.690057913268778
Ba3Nb2ZnO9,mp-7249,2.7269,4.7979,2.071,-3.0713094083333337,31.2583,Penn_Model_Calculated,2.9606070565032323
Ba3Nb6(Si2O13)2,mp-6101,2.281,3.2256,0.9446,-3.2434773441025673,44.2446,Penn_Model_Calculated,2.5227566102154477
Ba3NbAs3O,mp-18177,1.0685,2.9596,1.8911,-1.5137468131249996,150.0,Penn_Model_Calculated,1.323916997726819
Ba3NbGa3(SiO7)2,mp-12881,3.3008,4.4614,1.1606,-3.0256109040217387,13.611193656656821,MP_DFPT_API,3.4989501529174243
Ba3P14,mp-1195,1.8931025142082154,5.0665022052780655,3.17339969106985,-0.5060804673529404,63.7819,Penn_Model_Calculated,2.1407940984021945
Ba3PuO6,mp-1205571,1.2919999999999998,5.3469,4.0549,-2.996677969874999,135.7899,Penn_Model_Calculated,1.546818929946938
Ba3Rh(CN)3,mp-1105268,0.6265999999999998,3.7681,3.1415,-0.6853477005000002,14.868270239999996,MP_DFPT_API,0.8300751218304376
Ba3Sb2S7,mp-1195624,1.9628999999999999,4.366,2.4031,-1.516091671041666,59.3964,Penn_Model_Calculated,2.2095992143943524
Ba3Sb2Se7,mp-1194583,0.9183445772856098,3.053272833836023,2.1349282565504133,-1.4453427328255206,150.0,Penn_Model_Calculated,1.1737615750124288
Ba3SbI3,mp-1214632,1.6541,3.3651,1.711,-1.7522843971428566,83.2354,Penn_Model_Calculated,1.9049328466624473
Ba3SbN,mp-12814,0.6988000000000003,3.8149,3.1161,-0.8872129459999997,42.35459155000574,MP_DFPT_API,0.9396920107272289
Ba3Sc(BO3)3,mp-14972,3.4741999999999997,5.6427,2.1685,-3.2823068269270834,19.6412,Penn_Model_Calculated,3.691686103940677
Ba3ScCO3F7,mp-560519,4.9154,4.8688,-0.0466,-3.715492950666667,10.3125,Penn_Model_Calculated,5.093403921883404
Ba3Si2(B3O8)2,mp-1019526,5.4031,7.3214,1.9183,-3.1519017657407407,8.7072,Penn_Model_Calculated,5.565778031203231
Ba3SiS5,mp-27805,2.8127,5.4094,2.5967,-2.0042695636111088,29.4404,Penn_Model_Calculated,3.0447136043614655
Ba3SmInS6,mp-1191360,2.2597,4.8616,2.6019,-2.0501820451515145,45.0637,Penn_Model_Calculated,2.5018087878767443
Ba3Sn2O7,mp-770846,1.6702999999999997,4.9971,3.3268,-2.668888976666666,81.648,Penn_Model_Calculated,1.9209326094672035
Ba3Sn2O7,mp-2205007,2.4833,5.6883,3.205,-2.518166966770837,37.4858,Penn_Model_Calculated,2.7215631601665176
Ba3Sn2S7,mp-556291,2.1916999999999995,4.4091,2.2174,-1.5835979706249983,47.8404,Penn_Model_Calculated,2.434912915589357
Ba3Sr2Re3ClO15,mp-1214717,2.5002000000000004,3.5121,1.0119,-2.7683983678125,36.9942,Penn_Model_Calculated,2.738159265239967
Ba3Sr9Al4(O4F)4,mp-1228149,4.292520296624943,6.855924121764118,2.5634038251391744,-3.420721226388889,13.2112,Penn_Model_Calculated,4.488763555231168
Ba3SrEr2(MoO6)2,mp-1228234,0.9889000000000001,4.5015,3.5126,-3.0871675334999997,150.0,Penn_Model_Calculated,1.2443169977268191
Ba3SrMg2(TeO6)2,mp-1228054,2.9505999999999997,6.2261,3.2755,-2.6759663396666653,26.8441,Penn_Model_Calculated,3.1797973341706123
Ba3SrNb2O9,mp-540949,3.4290000000000003,4.7716,1.3426,-3.2635678793333343,20.1358,Penn_Model_Calculated,3.647558188903365
Ba3SrSb2O9,mp-555078,3.1456,5.4707,2.3251,-2.7240190936666675,23.7392,Penn_Model_Calculated,3.3706205244648686
Ba3SrTa2O9,mp-540950,4.029299999999999,5.4102,1.3809,-3.4044608436444452,14.8587,Penn_Model_Calculated,4.23273798596341
Ba3Ta2CdO9,mp-554669,3.4868,5.5087,2.0219,-3.166950008644446,59.983505503333326,MP_DFPT_API,3.733640479918292
Ba3Ta2CoO9,mp-1214485,2.2305889204572553,4.925871413681159,2.695282493223904,-3.1641122439777805,32.95716326844527,MP_DFPT_API,2.465709670415561
Ba3Ta2MnO9,mp-1214505,2.349368805830387,5.379552997622855,3.030184191792468,-3.2734627158398477,41.226637379590066,MP_DFPT_API,2.5897070521452514
Ba3Ta2NiO9,mp-32310,3.3695999999999997,5.8823,2.5127,-3.1572395726444444,29.729291184512164,MP_DFPT_API,3.601896559788377
Ba3Ta2Se9,mp-1195068,1.2458,3.5804,2.3346,-1.5764115959471725,145.9726,Penn_Model_Calculated,1.5010593186159011
Ba3Ta2ZnO9,mp-1214475,3.3501410515625754,5.5574887562045845,2.207347704642009,-3.216124539311112,41.942117829999994,MP_DFPT_API,3.590834014468228
Ba3Ta4Ti4O21,mp-1228489,2.1932,4.1691,1.9759,-3.491660836802084,47.7763,Penn_Model_Calculated,2.4363888740255377
Ba3Ta4TiO15,mp-1228225,2.3532944324425347,4.44175812018522,2.0884636877426854,-3.4604720785942034,41.6284,Penn_Model_Calculated,2.593833363287098
Ba3Ta6(Si2O13)2,mp-6169,3.0288000000000004,4.2313,1.2025,-3.4314123154871803,25.5268,Penn_Model_Calculated,3.256349355951412
Ba3Ta6Fe2O21,mp-1228561,2.2005999999999997,3.933,1.7324,-3.1754527135625015,47.4623,Penn_Model_Calculated,2.443670165925437
Ba3TaAs3O,mp-18090,1.0819,3.0301,1.9482,-1.538329979666666,150.0,Penn_Model_Calculated,1.3373169977268191
Ba3TaFe3(SiO7)2,mp-1190340,2.5099,3.8886,1.3787,-2.862215714666666,36.7166,Penn_Model_Calculated,2.747684064731276
Ba3Tb(BO2)9,mp-1214548,5.1728,5.5934,0.4206,-3.1311232185215054,9.4087,Penn_Model_Calculated,5.342818630766247
Ba3Tb2(PS4)4,mp-554264,2.3711,4.807,2.4359,-1.49501083377619,41.0205,Penn_Model_Calculated,2.611333752667788
Ba3Tb2WO9,mp-1228418,2.3808,4.8305,2.4497,-3.2597099612222213,40.6951,Penn_Model_Calculated,2.6208666488092076
Ba3Te2O9,mp-17009,2.3815999999999997,5.1323,2.7507,-2.3881671898809542,40.6684,Penn_Model_Calculated,2.6216528187495256
Ba3Te4O11,mp-28102,3.2308999999999997,5.3015,2.0706,-2.2355064967592586,22.5544,Penn_Model_Calculated,3.45402355785223
Ba3ThSe7,mp-1095255,0.923,3.0479,2.1249,-1.9382507033096636,150.0,Penn_Model_Calculated,1.178416997726819
Ba3Tm(BO2)9,mp-1214609,5.2676,5.7301,0.4625,-3.13842977717742,9.1088,Penn_Model_Calculated,5.434618793627141
Ba3Tm(BO3)3,mp-14385,3.8436000000000003,5.7362,1.8926,-3.315729301302055,16.2302,Penn_Model_Calculated,4.051913305950248
Ba3Tm4O9,mp-14322,3.2767,4.8462,1.5695,-3.6254550540625017,21.956,Penn_Model_Calculated,3.4987876548689747
Ba3Tm4O9,mp-2017426,3.7874000000000008,5.1694,1.382,-3.544652072734376,16.6856,Penn_Model_Calculated,3.9971548878673464
Ba3UAgS6,mp-1190457,0.6431,4.2763,3.6332,-1.9035401710606046,150.0,Penn_Model_Calculated,0.8985169977268191
Ba3UFe2O9,mp-1228523,0.7951999999999995,5.3386,4.5434,-2.8880441909999983,150.0,Penn_Model_Calculated,1.0506169977268185
Ba3UIn2O9,mp-1228397,1.5562,5.2522,3.696,-2.9705912688888882,93.9077,Penn_Model_Calculated,1.8082033179088925
Ba3V2O8,mp-19365,3.7465,4.4322,0.6857,-3.018909883076909,17.0299,Penn_Model_Calculated,3.9572935997410688
Ba3V4(PO4)6,mp-1228744,2.0378999999999996,4.3164,2.2785,-2.928511188455598,55.1772,Penn_Model_Calculated,2.2834955873600946
Ba3V4O13,mp-505392,2.9455999999999998,2.4955,-0.4501,-2.8231374335,26.9319,Penn_Model_Calculated,3.1749014437457235
Ba3V4PbO14,mp-561403,3.0209,3.4094,0.3885,-2.7342561477272724,25.6553,Penn_Model_Calculated,3.248617562017486
Ba3WN4,mp-14743,1.9649999999999999,3.9562,1.9912,-1.0845059726562507,14.977095116666668,MP_DFPT_API,2.168894062139744
Ba3WO6,mp-1228775,3.1513999999999998,4.7123,1.5609,-2.8651739709999995,23.6556,Penn_Model_Calculated,3.376292904614965
Ba3Y(BO3)3,mp-6310,3.8152999999999997,5.7025,1.8872,-3.292742405572916,16.457,Penn_Model_Calculated,4.0243412206820945
Ba3Y2(B2O5)3,mp-1019527,4.525,5.1283,0.6033,-3.2901023631730766,11.9887,Penn_Model_Calculated,4.71462648146963
Ba3Y2MoO9,mp-1228052,1.569,4.1415,2.5725,-3.159680050000001,92.398,Penn_Model_Calculated,1.8208541625437122
Ba3Y2WO9,mp-1228087,2.4074999999999998,5.0695,2.662,-3.2466517549999994,39.8195,Penn_Model_Calculated,2.647103436779248
Ba3Zn3Te(PO7)2,mp-1190416,2.8908,4.5808,1.69,-2.6296831402587992,27.9244,Penn_Model_Calculated,3.1212327799130906
Ba3Zn5In2O11,mp-560544,1.6191,3.8908,2.2717,-2.1828185068253965,86.8292,Penn_Model_Calculated,1.8703591237924124
Ba3Zn6Si4TeO20,mp-543034,2.6456000000000004,4.6694,2.0238,-2.6270777434313732,33.1465,Penn_Model_Calculated,2.8808693296231884
Ba3ZnB5PO14,mp-1019525,4.8405000000000005,5.9096,1.0691,-3.0172891002281736,9.59666669,MP_DFPT_API,5.01230323887031
Ba3ZnSb2O9,mp-1214487,1.9684999999999997,5.0535,3.085,-2.491926767000001,59.0646,Penn_Model_Calculated,2.2151181367745547
Ba3Zr2O7,mp-755895,3.0246000000000004,4.8752,1.8506,-3.5195134820833345,47.090075230000004,MP_DFPT_API,3.267527395220048
Ba3Zr2S7,mp-8570,0.8273999999999999,3.3141,2.4867,-2.149402541875,150.0,Penn_Model_Calculated,1.082816997726819
Ba3Zr6BeCl18,mp-569563,1.0267999999999997,3.9797,2.9529,-2.28692473,150.0,Penn_Model_Calculated,1.2822169977268187
Ba4(PtO3)3,mp-757840,1.5953000000000004,4.9073,3.312,-2.075194557812495,89.4093,Penn_Model_Calculated,1.8468440287744836
Ba4AgAuO6,mp-556896,1.8623000000000003,3.8692,2.0069,-2.1967615268055556,65.8759,Penn_Model_Calculated,2.1104188170680955
Ba4Al2O7,mp-560978,3.5745,5.4539,1.8794,-3.1865793357692302,18.6097,Penn_Model_Calculated,3.7895668924220334
Ba4As2O,mp-8300,0.6642000000000001,2.9257,2.2615,-1.5774581914285675,100.90852878708775,MP_DFPT_API,0.9168366512882208
Ba4Bi2O,mp-1228030,0.5712999999999999,3.3094,2.7381,-1.5185464621428575,30.073732243333325,MP_DFPT_API,0.8039268190696925
Ba4Bi3F17,mp-38357,4.9991,5.3537,0.3546,-3.503158435208329,10.0032,Penn_Model_Calculated,5.174533591169542
Ba4CaV4Cu2F28,mp-1355181,0.9638,1.0064,0.0426,-3.352662564358974,150.0,Penn_Model_Calculated,1.219216997726819
Ba4CeMn3O12,mp-561553,1.9704000000000002,4.5705,2.6001,-2.776246725689655,58.9527,Penn_Model_Calculated,2.216990587439662
Ba4Co(ReO6)2,mp-1106249,1.536,4.0031,2.4671,-2.6279541386842116,96.3674,Penn_Model_Calculated,1.7882363215967048
Ba4Ga2O7,mp-30198,3.2427,4.3754,1.1327,-2.7633117656410255,22.3978,Penn_Model_Calculated,3.4655578116195986
Ba4GeAs4,mp-14002,0.8233999999999999,3.0343,2.2109,-0.9700582608333339,150.0,Penn_Model_Calculated,1.078816997726819
Ba4GeP4,mp-14215,1.0143999999999997,3.7453,2.7309,-0.9172534112301578,150.0,Penn_Model_Calculated,1.2698169977268188
Ba4Hf3O10,mp-2755143,4.157900000000001,6.0875,1.9296,-3.5843777313235337,14.0147,Penn_Model_Calculated,4.357863505883961
Ba4InAgS6,mp-1195568,1.6864,4.2268,2.5404,-1.8003721956944432,80.1155,Penn_Model_Calculated,1.936831769387937
Ba4InSbO8,mp-1228129,2.3872505247913622,5.23197401665967,2.844723491868308,-2.6798840233333325,21.577927923333338,MP_DFPT_API,2.6086540732783496
Ba4LaGe3SbSe13,mp-683936,1.2329999999999997,3.6451,2.4121,-1.4577948217258518,148.9982,Penn_Model_Calculated,1.4883785721190115
Ba4Li(BiO4)3,mp-1214461,0.5661,3.0865,2.5204,-2.196125535666667,150.0,Penn_Model_Calculated,0.8215169977268192
Ba4Li(SbO4)3,mp-7971,1.4543999999999997,4.8274,3.373,-2.5572890126666663,29.016487063333283,MP_DFPT_API,1.6859882017705323
Ba4LiCu(CO5)2,mp-15472,0.9264999999999999,3.0556,2.1291,-2.4817517396296305,19.985980899999998,MP_DFPT_API,1.1447390462685219
Ba4LiMo2N7,mp-6011,1.7645,4.3182,2.5537,-0.9844584793452366,73.2669,Penn_Model_Calculated,2.013931563430564
Ba4LiNb3O12,mp-18274,2.5797999999999996,4.4665,1.8867,-3.2066301164166666,93.51429459329789,MP_DFPT_API,2.831764914204547
Ba4LiTa3O12,mp-16792,3.1132999999999997,5.1563,2.043,-3.367030845016667,24.2135,Penn_Model_Calculated,3.339027886056113
Ba4LiW2N7,mp-6665,1.9722999999999997,4.3385,2.3662,-1.0541952811309525,58.8411,Penn_Model_Calculated,2.2188630076016764
Ba4Mg(SiN3)2,mp-1019517,1.5934999999999997,5.2921,3.6986,-1.081160289615384,89.6091,Penn_Model_Calculated,1.8450654070501593
Ba4MgTa10O30,mp-1228584,2.4684200642799823,4.278833470022834,1.8104134057428514,-3.4188381039629627,37.927,Penn_Model_Calculated,2.7069492554347288
Ba4MnGa2(S3F2)2,mp-1197784,2.9405,4.8639,1.9234,-2.4956137119371196,27.022,Penn_Model_Calculated,3.16990757720201
Ba4Na(BN2)3,mp-9705,2.0443,4.2261,2.1818,-1.1237728063485224,19.076975389999944,MP_DFPT_API,2.2604952221132764
Ba4Na(BO3)3,mp-6575,3.9839,5.6112,1.6273,-3.0509842580958426,15.1764,Penn_Model_Calculated,4.188545743163656
Ba4Na(SbO4)3,mp-6273,1.5307,4.8445,3.3138,-2.5395449675689648,28.167693896666197,MP_DFPT_API,1.7613979399499367
Ba4Na2W2O11,mp-1228581,3.6266,5.0615,1.4349,-2.7136465809346633,18.1074,Penn_Model_Calculated,3.8403890429143077
Ba4NaCu(CO5)2,mp-6841,1.032,3.1352,2.1032,-2.459740442854406,13.577737086666668,MP_DFPT_API,1.2299949607473903
Ba4Nb2(OF4)3,mp-558153,3.3527,2.1972,-1.1555,-3.7989155065079365,21.0167,Penn_Model_Calculated,3.573042642239119
Ba4Nb2O9,mp-1193166,4.0298,4.8974,0.8676,-3.2234481980000074,14.8553,Penn_Model_Calculated,4.233224781259259
Ba4Nb2WO12,mp-1228131,2.7361644693840868,4.634463631364544,1.8982991619804572,-3.1034034157894737,73.69325926333333,MP_DFPT_API,2.9856637271177138
Ba4NbFeO8,mp-1022809,2.6971,4.3713,1.6742,-2.904453096607143,31.9306,Penn_Model_Calculated,2.931384490934329
Ba4Nd4Zn3PtO15,mp-9837,2.4838,5.0332,2.5494,-2.810163555740741,37.4711,Penn_Model_Calculated,2.7220541886448997
Ba4P2O,mp-28164,1.0411000000000001,3.3264,2.2853,-1.5078049841836731,150.0,Penn_Model_Calculated,1.2965169977268192
Ba4P3,mp-28823,0.7464,3.4006,2.6542,-1.003928899668367,150.0,Penn_Model_Calculated,1.001816997726819
Ba4P3HF24,mp-1203328,6.0339,4.6475,-1.3864,-3.37015442734933,7.18,Penn_Model_Calculated,6.175636667940946
Ba4PdO6,mp-782050,1.273016150643846,3.6457044013924524,2.3726882507486065,-2.4218371899999998,20.17151893666667,MP_DFPT_API,1.491649727687469
Ba4PtO6,mp-8727,1.8103999999999996,4.6804,2.87,-2.467705925000003,19.36462406333334,MP_DFPT_API,2.0272627290528202
Ba4Re2NiO12,mp-1228183,1.8907000000000003,4.0106,2.1199,-2.6055031465789473,63.9415,Penn_Model_Calculated,2.1384251320379084
Ba4Sb2O,mp-9774,0.6354000000000002,3.4805,2.8451,-1.5963649078571431,150.0,Penn_Model_Calculated,0.8908169977268193
Ba4Sb2O9,mp-801028,3.5922999999999994,5.6347,2.0424,-2.6492869596666657,18.4356,Penn_Model_Calculated,3.8069318675160884
